Executing action: all (aliases: build)
Running cmake in directory /home/v4m3rr/Projects/wolf_client/build
Executing "cmake -G Ninja -DPYTHON_DEPS_CHECKED=1 -DPYTHON=/home/v4m3rr/.espressif/tools/python/v5.5.5/venv/bin/python -DESP_PLATFORM=1 -DCCACHE_ENABLE=0 /home/v4m3rr/Projects/wolf_client"...
-- Begin project 
-- Detected UNIX
-- Detected Linux
-- Found PROTOCOL_EXAMPLES_DIR=/home/v4m3rr/.espressif/v5.5.5/esp-idf/examples/common_components/protocol_examples_common
-- USERNAME = 
-- THIS_USER = v4m3rr
-- Checking for wolfSSL as Managed Component or not... /home/v4m3rr/Projects/wolf_client
-- No conflicting wolfSSL components found.
-- IDF_TARGET is not set, guessed 'esp32' from sdkconfig '/home/v4m3rr/Projects/wolf_client/sdkconfig'
-- Found Git: /usr/bin/git (found version "2.55.0")
-- Component directory /home/v4m3rr/.espressif/v5.5.5/esp-idf/components/esp_blockdev does not contain a CMakeLists.txt file. No component will be added
-- Minimal build - OFF
-- The C compiler identification is GNU 14.2.0
-- The CXX compiler identification is GNU 14.2.0
-- The ASM compiler identification is GNU
-- Found assembler: /home/v4m3rr/.espressif/tools/xtensa-esp-elf/esp-14.2.0_20260121/xtensa-esp-elf/bin/xtensa-esp32-elf-gcc
-- Detecting C compiler ABI info
-- Detecting C compiler ABI info - done
-- Check for working C compiler: /home/v4m3rr/.espressif/tools/xtensa-esp-elf/esp-14.2.0_20260121/xtensa-esp-elf/bin/xtensa-esp32-elf-gcc - skipped
-- Detecting C compile features
-- Detecting C compile features - done
-- Detecting CXX compiler ABI info
-- Detecting CXX compiler ABI info - done
-- Check for working CXX compiler: /home/v4m3rr/.espressif/tools/xtensa-esp-elf/esp-14.2.0_20260121/xtensa-esp-elf/bin/xtensa-esp32-elf-g++ - skipped
-- Detecting CXX compile features
-- Detecting CXX compile features - done
-- git describe returned 'fatal: bad revision 'HEAD''
-- Could not use 'git describe' to determine PROJECT_VER.
-- Building ESP-IDF components for target esp32
-- Begin wolfssl 
-- Skipping libwolfssl_output.h update during CMAKE_BUILD_EARLY_EXPANSION
-- /home/v4m3rr/Projects/wolf_client/components/wolfssl is not within IDF_PATH.
-- Detected UNIX
-- Detected Linux
-- CONFIG_TARGET_PLATFORM = 
-- No conflicting wolfSSL components found.
-- USERNAME = 
-- THIS_USER = v4m3rr
-- CONFIG_TARGET_PLATFORM = 
-- Environment variable GENERATE_MACHINE_PARSEABLE_REPORT not detected, not appending compile definition.
-- Environment variable WOLFSSL_BENCHMARK_FIXED_CSV not detected, not appending compile definition.
-- Early expansion includes esp_timer: 
-- Early expansion includes driver: 
-- wolfssl component CMAKE_BUILD_EARLY_EXPANSION:
-- Begin wolfSSL main CMakeLists.txt
-- Detected UNIX
-- Detected Linux
-- Using release wolfssl component.
-- ESP-TEE is currently supported only on the esp32c6;esp32h2;esp32c5 SoCs
-- Project sdkconfig file /home/v4m3rr/Projects/wolf_client/sdkconfig
info: Choice ESP_DEFAULT_CPU_FREQ_MHZ has multiple active selections. The last one will be used: ESP_DEFAULT_CPU_FREQ_MHZ_240 .
info: Trying to set symbol ESP_TLS_USING_MBEDTLS to n, but it is currently selected by choice ESP_TLS_LIBRARY_CHOOSE. For setting it to n, set another choice symbol to y instead.
Loading defaults file /home/v4m3rr/Projects/wolf_client/sdkconfig.defaults...
/home/v4m3rr/Projects/wolf_client/sdkconfig.defaults:18 CONFIG_ESP32_DEFAULT_CPU_FREQ_240 was replaced with CONFIG_ESP_DEFAULT_CPU_FREQ_MHZ_240 
/home/v4m3rr/Projects/wolf_client/sdkconfig.defaults:33 CONFIG_MAIN_TASK_STACK_SIZE was replaced with CONFIG_ESP_MAIN_TASK_STACK_SIZE 
/home/v4m3rr/Projects/wolf_client/sdkconfig.defaults:36 CONFIG_NEWLIB_NANO_FORMAT was replaced with CONFIG_LIBC_NEWLIB_NANO_FORMAT 
/home/v4m3rr/Projects/wolf_client/sdkconfig.defaults:37 CONFIG_NEWLIB_NANO_FORMAT was replaced with CONFIG_LIBC_NEWLIB_NANO_FORMAT 
/home/v4m3rr/Projects/wolf_client/sdkconfig.defaults:70 CONFIG_COMPILER_OPTIMIZATION_DEFAULT was replaced with CONFIG_COMPILER_OPTIMIZATION_DEBUG 
-- Compiler supported targets: xtensa-esp-elf
-- Detecting C compiler ABI info
-- Detecting C compiler ABI info - done
-- Detecting CXX compiler ABI info
-- Detecting CXX compiler ABI info - done
-- Detecting C compiler ABI info
-- Detecting C compiler ABI info - done
-- Detecting CXX compiler ABI info
-- Detecting CXX compiler ABI info - done
-- Found Python3: /home/v4m3rr/.espressif/tools/python/v5.5.5/venv/bin/python (found version "3.14.6") found components: Interpreter
-- Performing Test CMAKE_HAVE_LIBC_PTHREAD
-- Performing Test CMAKE_HAVE_LIBC_PTHREAD - Success
-- Found Threads: TRUE
-- Performing Test C_COMPILER_SUPPORTS_WFORMAT_SIGNEDNESS
-- Performing Test C_COMPILER_SUPPORTS_WFORMAT_SIGNEDNESS - Success
-- USING O3
-- App "wolfssl_template" version: 1
-- Adding linker script /home/v4m3rr/Projects/wolf_client/build/esp-idf/esp_system/ld/memory.ld
-- Adding linker script /home/v4m3rr/Projects/wolf_client/build/esp-idf/esp_system/ld/sections.ld.in
-- Adding linker script /home/v4m3rr/.espressif/v5.5.5/esp-idf/components/esp_rom/esp32/ld/esp32.rom.ld
-- Adding linker script /home/v4m3rr/.espressif/v5.5.5/esp-idf/components/esp_rom/esp32/ld/esp32.rom.api.ld
-- Adding linker script /home/v4m3rr/.espressif/v5.5.5/esp-idf/components/esp_rom/esp32/ld/esp32.rom.libgcc.ld
-- Adding linker script /home/v4m3rr/.espressif/v5.5.5/esp-idf/components/esp_rom/esp32/ld/esp32.rom.newlib-data.ld
-- Adding linker script /home/v4m3rr/.espressif/v5.5.5/esp-idf/components/esp_rom/esp32/ld/esp32.rom.syscalls.ld
-- Adding linker script /home/v4m3rr/.espressif/v5.5.5/esp-idf/components/esp_rom/esp32/ld/esp32.rom.libc-funcs.ld
-- Adding linker script /home/v4m3rr/.espressif/v5.5.5/esp-idf/components/esp_rom/esp32/ld/esp32.rom.newlib-reent-funcs.ld
-- Adding linker script /home/v4m3rr/.espressif/v5.5.5/esp-idf/components/soc/esp32/ld/esp32.peripherals.ld
-- Begin wolfssl ~/workspace/wolfssl
-- /home/v4m3rr/Projects/wolf_client/components/wolfssl is not within IDF_PATH.
-- Cleaned wolfssl path: ~/workspace/wolfssl
-- Detected UNIX
-- Detected Linux
-- CONFIG_TARGET_PLATFORM = 
-- No conflicting wolfSSL components found.
-- USERNAME = 
-- THIS_USER = v4m3rr
-- CONFIG_TARGET_PLATFORM = 
-- Environment variable GENERATE_MACHINE_PARSEABLE_REPORT not detected, not appending compile definition.
-- Environment variable WOLFSSL_BENCHMARK_FIXED_CSV not detected, not appending compile definition.
-- Early expansion includes esp_timer: 
-- Early expansion includes driver: 
-- ************************************************************************************************
-- wolfssl component config:
-- ************************************************************************************************
-- Starting FIND_WOLFSSL_DIRECTORY: ~/.builds/wolfssl
-- Parameter found for FIND_WOLFSSL_DIRECTORY
-- Setting wolfSSL search directory to: ~/.builds/wolfssl
-- Found wolfSSL source code via setting: /home/v4m3rr/.builds/wolfssl
-- Found WOLFSSL_ROOT via CMake specification.
-- Confirmed wolfssl directory at: /home/v4m3rr/.builds/wolfssl
-- WOLFSSL_EXTRA_PROJECT_DIR = /home/v4m3rr/.builds/wolfssl/src/
-- This COMPONENT_SRCDIRS = "/home/v4m3rr/.builds/wolfssl/src/";"/home/v4m3rr/.builds/wolfssl/wolfcrypt/src";"/home/v4m3rr/.builds/wolfssl/wolfcrypt/src/port/Espressif";"/home/v4m3rr/.builds/wolfssl/wolfcrypt/src/port/Espressif/esp_crt_bundle";"/home/v4m3rr/.builds/wolfssl/wolfcrypt/src/port/atmel";"/home/v4m3rr/.builds/wolfssl/src/"
-- Added definition for user_settings.h: -DWOLFSSL_USER_SETTINGS_DIR="//home//v4m3rr//Projects//wolf_client//components//wolfssl//include//user_settings.h"
-- IDF_PATH = /home/v4m3rr/.espressif/v5.5.5/esp-idf
-- PROJECT_SOURCE_DIR = /home/v4m3rr/.espressif/v5.5.5/esp-idf
-- EXCLUDE_ASM = /home/v4m3rr/.builds/wolfssl/wolfcrypt/src/aes_asm.S;/home/v4m3rr/.builds/wolfssl/wolfcrypt/src/aes_gcm_asm.S;/home/v4m3rr/.builds/wolfssl/wolfcrypt/src/aes_gcm_x86_asm.S;/home/v4m3rr/.builds/wolfssl/wolfcrypt/src/aes_x86_64_asm.S;/home/v4m3rr/.builds/wolfssl/wolfcrypt/src/aes_xts_asm.S;/home/v4m3rr/.builds/wolfssl/wolfcrypt/src/chacha_asm.S;/home/v4m3rr/.builds/wolfssl/wolfcrypt/src/fe_x25519_asm.S;/home/v4m3rr/.builds/wolfssl/wolfcrypt/src/poly1305_asm.S;/home/v4m3rr/.builds/wolfssl/wolfcrypt/src/sha256_asm.S;/home/v4m3rr/.builds/wolfssl/wolfcrypt/src/sha3_asm.S;/home/v4m3rr/.builds/wolfssl/wolfcrypt/src/sha512_asm.S;/home/v4m3rr/.builds/wolfssl/wolfcrypt/src/sm3_asm.S;/home/v4m3rr/.builds/wolfssl/wolfcrypt/src/sp_sm2_x86_64_asm.S;/home/v4m3rr/.builds/wolfssl/wolfcrypt/src/sp_x86_64_asm.S;/home/v4m3rr/.builds/wolfssl/wolfcrypt/src/wc_falcon_fpr_x86_64_asm.S;/home/v4m3rr/.builds/wolfssl/wolfcrypt/src/wc_frodokem_asm.S;/home/v4m3rr/.builds/wolfssl/wolfcrypt/src/wc_mldsa_asm.S;/home/v4m3rr/.builds/wolfssl/wolfcrypt/src/wc_mlkem_asm.S;/home/v4m3rr/Projects/wolf_client
-- 
-- **************************************************************************************
-- 
-- Error: Found components/wolfssl in both local project and IDF_PATH
-- 
-- To proceed: 
-- 
-- Remove either the local project component: /home/v4m3rr/Projects/wolf_client/components/wolfssl 
-- or the Espressif shared component installed at: /home/v4m3rr/.espressif/v5.5.5/esp-idf/components/wolfssl/ 
-- 
-- 
-- **************************************************************************************
-- 
-- Please use wolfSSL in either local project or Espressif components, but not both.
-- Found current RTOS path: /home/v4m3rr/.espressif/v5.5.5/esp-idf/components/freertos/FreeRTOS-Kernel/include/freertos
-- THIS_IDF_PATH = $THIS_IDF_PATH
-- COMPONENT_SRCDIRS = /home/v4m3rr/.builds/wolfssl/src/\;/home/v4m3rr/.builds/wolfssl/wolfcrypt/src\;/home/v4m3rr/.builds/wolfssl/wolfcrypt/src/port/Espressif\;/home/v4m3rr/.builds/wolfssl/wolfcrypt/src/port/Espressif/esp_crt_bundle\;/home/v4m3rr/.builds/wolfssl/wolfcrypt/src/port/atmel\;/home/v4m3rr/.builds/wolfssl/src/
-- COMPONENT_ADD_INCLUDEDIRS = ./include\;/home/v4m3rr/.builds/wolfssl/\;/home/v4m3rr/.builds/wolfssl/wolfssl/\;/home/v4m3rr/.builds/wolfssl/wolfssl/wolfcrypt/\;/home/v4m3rr/.builds/wolfssl/wolfssl/wolfcrypt/port/Espressif\;/home/v4m3rr/.espressif/v5.5.5/esp-idf/components/freertos/FreeRTOS-Kernel/include/freertos/\;/home/v4m3rr/.espressif/v5.5.5/esp-idf/components/esp_event/include\;/home/v4m3rr/.espressif/v5.5.5/esp-idf/components/esp_netif/include\;/home/v4m3rr/.espressif/v5.5.5/esp-idf/components/esp_wifi/include\;/home/v4m3rr/.builds/wolfssl/wolfssl/\;/home/v4m3rr/.builds/wolfssl/wolfssl/wolfcrypt/
-- COMPONENT_REQUIRES = lwip;
-- COMPONENT_SRCEXCLUDE = /home/v4m3rr/.builds/wolfssl/src/bio.c\;/home/v4m3rr/.builds/wolfssl/src/conf.c\;/home/v4m3rr/.builds/wolfssl/src/misc.c\;/home/v4m3rr/.builds/wolfssl/src/pk.c\;/home/v4m3rr/.builds/wolfssl/src/ssl_asn1.c\;/home/v4m3rr/.builds/wolfssl/src/ssl_bn.c\;/home/v4m3rr/.builds/wolfssl/src/ssl_certman.c\;/home/v4m3rr/.builds/wolfssl/src/ssl_crypto.c\;/home/v4m3rr/.builds/wolfssl/src/ssl_load.c\;/home/v4m3rr/.builds/wolfssl/src/ssl_misc.c\;/home/v4m3rr/.builds/wolfssl/src/ssl_p7p12.c\;/home/v4m3rr/.builds/wolfssl/src/ssl_sess.c\;/home/v4m3rr/.builds/wolfssl/src/ssl_sk.c\;/home/v4m3rr/.builds/wolfssl/src/x509.c\;/home/v4m3rr/.builds/wolfssl/src/x509_str.c\;/home/v4m3rr/.builds/wolfssl/wolfcrypt/src/ext_kyber.c\;/home/v4m3rr/.builds/wolfssl/wolfssl/wolfcrypt/ext_kyber.h\;/home/v4m3rr/.builds/wolfssl/wolfcrypt/src/evp.c\;/home/v4m3rr/.builds/wolfssl/wolfcrypt/src/misc.c\;/home/v4m3rr/.builds/wolfssl/wolfcrypt/src/sp_sm2_arm32.c\;/home/v4m3rr/.builds/wolfssl/wolfcrypt/src/sp_sm2_arm64.c\;/home/v4m3rr/.builds/wolfssl/wolfcrypt/src/sp_sm2_armthumb.c\;/home/v4m3rr/.builds/wolfssl/wolfcrypt/src/sp_sm2_c32.c\;/home/v4m3rr/.builds/wolfssl/wolfcrypt/src/sp_sm2_c64.c\;/home/v4m3rr/.builds/wolfssl/wolfcrypt/src/sp_sm2_cortexm.c\;/home/v4m3rr/.builds/wolfssl/wolfcrypt/src/sp_sm2_x86_64.c\;/home/v4m3rr/.builds/wolfssl/wolfcrypt/src/sp_sm2_x86_64_asm.S\;/home/v4m3rr/.builds/wolfssl/examples\;/home/v4m3rr/.builds/wolfssl/wolfcrypt/src/aes_asm.S\;/home/v4m3rr/.builds/wolfssl/wolfcrypt/src/aes_gcm_asm.S\;/home/v4m3rr/.builds/wolfssl/wolfcrypt/src/aes_gcm_x86_asm.S\;/home/v4m3rr/.builds/wolfssl/wolfcrypt/src/aes_x86_64_asm.S\;/home/v4m3rr/.builds/wolfssl/wolfcrypt/src/aes_xts_asm.S\;/home/v4m3rr/.builds/wolfssl/wolfcrypt/src/chacha_asm.S\;/home/v4m3rr/.builds/wolfssl/wolfcrypt/src/fe_x25519_asm.S\;/home/v4m3rr/.builds/wolfssl/wolfcrypt/src/poly1305_asm.S\;/home/v4m3rr/.builds/wolfssl/wolfcrypt/src/sha256_asm.S\;/home/v4m3rr/.builds/wolfssl/wolfcrypt/src/sha3_asm.S\;/home/v4m3rr/.builds/wolfssl/wolfcrypt/src/sha512_asm.S\;/home/v4m3rr/.builds/wolfssl/wolfcrypt/src/sm3_asm.S\;/home/v4m3rr/.builds/wolfssl/wolfcrypt/src/sp_sm2_x86_64_asm.S\;/home/v4m3rr/.builds/wolfssl/wolfcrypt/src/sp_x86_64_asm.S\;/home/v4m3rr/.builds/wolfssl/wolfcrypt/src/wc_falcon_fpr_x86_64_asm.S\;/home/v4m3rr/.builds/wolfssl/wolfcrypt/src/wc_frodokem_asm.S\;/home/v4m3rr/.builds/wolfssl/wolfcrypt/src/wc_mldsa_asm.S\;/home/v4m3rr/.builds/wolfssl/wolfcrypt/src/wc_mlkem_asm.S\;/home/v4m3rr/Projects/wolf_client
-- 
-- ALL VARIABLES BEGIN
-- 
-- BOOTLOADER_BUILD=
-- BOOTLOADER_BUILD_DIR=/home/v4m3rr/Projects/wolf_client/build/bootloader
-- BOOTLOADER_ELF_FILE=/home/v4m3rr/Projects/wolf_client/build/bootloader/bootloader.elf
-- BOOTLOADER_IGNORE_EXTRA_COMPONENT=
-- BOOTLOADER_OFFSET=0x1000
-- BUILD_COMPONENTS=xtensa;esp_driver_gpio;esp_pm;mbedtls;bootloader;esptool_py;partition_table;esp_app_format;esp_bootloader_format;app_update;esp_partition;efuse;bootloader_support;esp_mm;spi_flash;esp_system;esp_common;esp_rom;hal;log;heap;soc;esp_security;esp_hw_support;freertos;newlib;pthread;cxx;esp_timer;esp_driver_gptimer;esp_ringbuf;esp_driver_spi;esp_psram;esp_driver_uart;app_trace;esp_event;nvs_flash;esp_phy;esp_driver_usb_serial_jtag;esp_vfs_console;vfs;lwip;esp_netif_stack;esp_netif;wpa_supplicant;esp_coex;esp_wifi;esp_gdbstub;bt;unity;cmock;console;esp_driver_pcnt;esp_driver_mcpwm;esp_driver_ana_cmpr;esp_driver_i2s;sdmmc;esp_driver_sdmmc;esp_driver_sdspi;esp_driver_sdio;esp_driver_dac;esp_driver_bitscrambler;esp_driver_rmt;esp_driver_tsens;esp_driver_sdm;esp_driver_i2c;esp_driver_ledc;esp_driver_parlio;esp_driver_twai;driver;http_parser;esp-tls;esp_adc;esp_driver_isp;esp_driver_cam;esp_driver_jpeg;esp_driver_ppa;esp_driver_touch_sens;esp_eth;esp_hal_ieee802154;esp_hid;tcp_transport;esp_http_client;esp_http_server;esp_https_ota;esp_https_server;esp_lcd;protobuf-c;protocomm;esp_local_ctrl;espcoredump;wear_levelling;fatfs;idf_test;ieee802154;json;mqtt;nvs_sec_provider;openthread;perfmon;rt;spiffs;ulp;usb;wifi_provisioning;wolfssl;main;protocol_examples_common
-- BUILD_COMPONENT_ALIASES=idf::xtensa;idf::esp_driver_gpio;idf::esp_pm;idf::mbedtls;idf::bootloader;idf::esptool_py;idf::partition_table;idf::esp_app_format;idf::esp_bootloader_format;idf::app_update;idf::esp_partition;idf::efuse;idf::bootloader_support;idf::esp_mm;idf::spi_flash;idf::esp_system;idf::esp_common;idf::esp_rom;idf::hal;idf::log;idf::heap;idf::soc;idf::esp_security;idf::esp_hw_support;idf::freertos;idf::newlib;idf::pthread;idf::cxx;idf::esp_timer;idf::esp_driver_gptimer;idf::esp_ringbuf;idf::esp_driver_spi;idf::esp_psram;idf::esp_driver_uart;idf::app_trace;idf::esp_event;idf::nvs_flash;idf::esp_phy;idf::esp_driver_usb_serial_jtag;idf::esp_vfs_console;idf::vfs;idf::lwip;idf::esp_netif_stack;idf::esp_netif;idf::wpa_supplicant;idf::esp_coex;idf::esp_wifi;idf::esp_gdbstub;idf::bt;idf::unity;idf::cmock;idf::console;idf::esp_driver_pcnt;idf::esp_driver_mcpwm;idf::esp_driver_ana_cmpr;idf::esp_driver_i2s;idf::sdmmc;idf::esp_driver_sdmmc;idf::esp_driver_sdspi;idf::esp_driver_sdio;idf::esp_driver_dac;idf::esp_driver_bitscrambler;idf::esp_driver_rmt;idf::esp_driver_tsens;idf::esp_driver_sdm;idf::esp_driver_i2c;idf::esp_driver_ledc;idf::esp_driver_parlio;idf::esp_driver_twai;idf::driver;idf::http_parser;idf::esp-tls;idf::esp_adc;idf::esp_driver_isp;idf::esp_driver_cam;idf::esp_driver_jpeg;idf::esp_driver_ppa;idf::esp_driver_touch_sens;idf::esp_eth;idf::esp_hal_ieee802154;idf::esp_hid;idf::tcp_transport;idf::esp_http_client;idf::esp_http_server;idf::esp_https_ota;idf::esp_https_server;idf::esp_lcd;idf::protobuf-c;idf::protocomm;idf::esp_local_ctrl;idf::espcoredump;idf::wear_levelling;idf::fatfs;idf::idf_test;idf::ieee802154;idf::json;idf::mqtt;idf::nvs_sec_provider;idf::openthread;idf::perfmon;idf::rt;idf::spiffs;idf::ulp;idf::usb;idf::wifi_provisioning;idf::wolfssl;idf::main;idf::protocol_examples_common
-- BUILD_COMPONENT_DIRS=/home/v4m3rr/.espressif/v5.5.5/esp-idf/components/app_trace;/home/v4m3rr/.espressif/v5.5.5/esp-idf/components/app_update;/home/v4m3rr/.espressif/v5.5.5/esp-idf/components/bootloader;/home/v4m3rr/.espressif/v5.5.5/esp-idf/components/bootloader_support;/home/v4m3rr/.espressif/v5.5.5/esp-idf/components/bt;/home/v4m3rr/.espressif/v5.5.5/esp-idf/components/cmock;/home/v4m3rr/.espressif/v5.5.5/esp-idf/components/console;/home/v4m3rr/.espressif/v5.5.5/esp-idf/components/cxx;/home/v4m3rr/.espressif/v5.5.5/esp-idf/components/driver;/home/v4m3rr/.espressif/v5.5.5/esp-idf/components/efuse;/home/v4m3rr/.espressif/v5.5.5/esp-idf/components/esp-tls;/home/v4m3rr/.espressif/v5.5.5/esp-idf/components/esp_adc;/home/v4m3rr/.espressif/v5.5.5/esp-idf/components/esp_app_format;/home/v4m3rr/.espressif/v5.5.5/esp-idf/components/esp_bootloader_format;/home/v4m3rr/.espressif/v5.5.5/esp-idf/components/esp_coex;/home/v4m3rr/.espressif/v5.5.5/esp-idf/components/esp_common;/home/v4m3rr/.espressif/v5.5.5/esp-idf/components/esp_driver_ana_cmpr;/home/v4m3rr/.espressif/v5.5.5/esp-idf/components/esp_driver_bitscrambler;/home/v4m3rr/.espressif/v5.5.5/esp-idf/components/esp_driver_cam;/home/v4m3rr/.espressif/v5.5.5/esp-idf/components/esp_driver_dac;/home/v4m3rr/.espressif/v5.5.5/esp-idf/components/esp_driver_gpio;/home/v4m3rr/.espressif/v5.5.5/esp-idf/components/esp_driver_gptimer;/home/v4m3rr/.espressif/v5.5.5/esp-idf/components/esp_driver_i2c;/home/v4m3rr/.espressif/v5.5.5/esp-idf/components/esp_driver_i2s;/home/v4m3rr/.espressif/v5.5.5/esp-idf/components/esp_driver_isp;/home/v4m3rr/.espressif/v5.5.5/esp-idf/components/esp_driver_jpeg;/home/v4m3rr/.espressif/v5.5.5/esp-idf/components/esp_driver_ledc;/home/v4m3rr/.espressif/v5.5.5/esp-idf/components/esp_driver_mcpwm;/home/v4m3rr/.espressif/v5.5.5/esp-idf/components/esp_driver_parlio;/home/v4m3rr/.espressif/v5.5.5/esp-idf/components/esp_driver_pcnt;/home/v4m3rr/.espressif/v5.5.5/esp-idf/components/esp_driver_ppa;/home/v4m3rr/.espressif/v5.5.5/esp-idf/components/esp_driver_rmt;/home/v4m3rr/.espressif/v5.5.5/esp-idf/components/esp_driver_sdio;/home/v4m3rr/.espressif/v5.5.5/esp-idf/components/esp_driver_sdm;/home/v4m3rr/.espressif/v5.5.5/esp-idf/components/esp_driver_sdmmc;/home/v4m3rr/.espressif/v5.5.5/esp-idf/components/esp_driver_sdspi;/home/v4m3rr/.espressif/v5.5.5/esp-idf/components/esp_driver_spi;/home/v4m3rr/.espressif/v5.5.5/esp-idf/components/esp_driver_touch_sens;/home/v4m3rr/.espressif/v5.5.5/esp-idf/components/esp_driver_tsens;/home/v4m3rr/.espressif/v5.5.5/esp-idf/components/esp_driver_twai;/home/v4m3rr/.espressif/v5.5.5/esp-idf/components/esp_driver_uart;/home/v4m3rr/.espressif/v5.5.5/esp-idf/components/esp_driver_usb_serial_jtag;/home/v4m3rr/.espressif/v5.5.5/esp-idf/components/esp_eth;/home/v4m3rr/.espressif/v5.5.5/esp-idf/components/esp_event;/home/v4m3rr/.espressif/v5.5.5/esp-idf/components/esp_gdbstub;/home/v4m3rr/.espressif/v5.5.5/esp-idf/components/esp_hal_ieee802154;/home/v4m3rr/.espressif/v5.5.5/esp-idf/components/esp_hid;/home/v4m3rr/.espressif/v5.5.5/esp-idf/components/esp_http_client;/home/v4m3rr/.espressif/v5.5.5/esp-idf/components/esp_http_server;/home/v4m3rr/.espressif/v5.5.5/esp-idf/components/esp_https_ota;/home/v4m3rr/.espressif/v5.5.5/esp-idf/components/esp_https_server;/home/v4m3rr/.espressif/v5.5.5/esp-idf/components/esp_hw_support;/home/v4m3rr/.espressif/v5.5.5/esp-idf/components/esp_lcd;/home/v4m3rr/.espressif/v5.5.5/esp-idf/components/esp_local_ctrl;/home/v4m3rr/.espressif/v5.5.5/esp-idf/components/esp_mm;/home/v4m3rr/.espressif/v5.5.5/esp-idf/components/esp_netif;/home/v4m3rr/.espressif/v5.5.5/esp-idf/components/esp_netif_stack;/home/v4m3rr/.espressif/v5.5.5/esp-idf/components/esp_partition;/home/v4m3rr/.espressif/v5.5.5/esp-idf/components/esp_phy;/home/v4m3rr/.espressif/v5.5.5/esp-idf/components/esp_pm;/home/v4m3rr/.espressif/v5.5.5/esp-idf/components/esp_psram;/home/v4m3rr/.espressif/v5.5.5/esp-idf/components/esp_ringbuf;/home/v4m3rr/.espressif/v5.5.5/esp-idf/components/esp_rom;/home/v4m3rr/.espressif/v5.5.5/esp-idf/components/esp_security;/home/v4m3rr/.espressif/v5.5.5/esp-idf/components/esp_system;/home/v4m3rr/.espressif/v5.5.5/esp-idf/components/esp_tee;/home/v4m3rr/.espressif/v5.5.5/esp-idf/components/esp_timer;/home/v4m3rr/.espressif/v5.5.5/esp-idf/components/esp_vfs_console;/home/v4m3rr/.espressif/v5.5.5/esp-idf/components/esp_wifi;/home/v4m3rr/.espressif/v5.5.5/esp-idf/components/espcoredump;/home/v4m3rr/.espressif/v5.5.5/esp-idf/components/esptool_py;/home/v4m3rr/.espressif/v5.5.5/esp-idf/components/fatfs;/home/v4m3rr/.espressif/v5.5.5/esp-idf/components/freertos;/home/v4m3rr/.espressif/v5.5.5/esp-idf/components/hal;/home/v4m3rr/.espressif/v5.5.5/esp-idf/components/heap;/home/v4m3rr/.espressif/v5.5.5/esp-idf/components/http_parser;/home/v4m3rr/.espressif/v5.5.5/esp-idf/components/idf_test;/home/v4m3rr/.espressif/v5.5.5/esp-idf/components/ieee802154;/home/v4m3rr/.espressif/v5.5.5/esp-idf/components/json;/home/v4m3rr/.espressif/v5.5.5/esp-idf/components/linux;/home/v4m3rr/.espressif/v5.5.5/esp-idf/components/log;/home/v4m3rr/.espressif/v5.5.5/esp-idf/components/lwip;/home/v4m3rr/.espressif/v5.5.5/esp-idf/components/mbedtls;/home/v4m3rr/.espressif/v5.5.5/esp-idf/components/mqtt;/home/v4m3rr/.espressif/v5.5.5/esp-idf/components/newlib;/home/v4m3rr/.espressif/v5.5.5/esp-idf/components/nvs_flash;/home/v4m3rr/.espressif/v5.5.5/esp-idf/components/nvs_sec_provider;/home/v4m3rr/.espressif/v5.5.5/esp-idf/components/openthread;/home/v4m3rr/.espressif/v5.5.5/esp-idf/components/partition_table;/home/v4m3rr/.espressif/v5.5.5/esp-idf/components/perfmon;/home/v4m3rr/.espressif/v5.5.5/esp-idf/components/protobuf-c;/home/v4m3rr/.espressif/v5.5.5/esp-idf/components/protocomm;/home/v4m3rr/.espressif/v5.5.5/esp-idf/components/pthread;/home/v4m3rr/.espressif/v5.5.5/esp-idf/components/riscv;/home/v4m3rr/.espressif/v5.5.5/esp-idf/components/rt;/home/v4m3rr/.espressif/v5.5.5/esp-idf/components/sdmmc;/home/v4m3rr/.espressif/v5.5.5/esp-idf/components/soc;/home/v4m3rr/.espressif/v5.5.5/esp-idf/components/spi_flash;/home/v4m3rr/.espressif/v5.5.5/esp-idf/components/spiffs;/home/v4m3rr/.espressif/v5.5.5/esp-idf/components/tcp_transport;/home/v4m3rr/.espressif/v5.5.5/esp-idf/components/touch_element;/home/v4m3rr/.espressif/v5.5.5/esp-idf/components/ulp;/home/v4m3rr/.espressif/v5.5.5/esp-idf/components/unity;/home/v4m3rr/.espressif/v5.5.5/esp-idf/components/usb;/home/v4m3rr/.espressif/v5.5.5/esp-idf/components/vfs;/home/v4m3rr/.espressif/v5.5.5/esp-idf/components/wear_levelling;/home/v4m3rr/.espressif/v5.5.5/esp-idf/components/wifi_provisioning;/home/v4m3rr/.espressif/v5.5.5/esp-idf/components/wolfssl;/home/v4m3rr/.espressif/v5.5.5/esp-idf/components/wpa_supplicant;/home/v4m3rr/.espressif/v5.5.5/esp-idf/components/xtensa;/home/v4m3rr/Projects/wolf_client/main;/home/v4m3rr/.espressif/v5.5.5/esp-idf/examples/common_components/protocol_examples_common;/home/v4m3rr/Projects/wolf_client/components/wolfssl
-- BUILD_COMPONENT_TARGETS=___idf_app_trace;___idf_app_update;___idf_bootloader;___idf_bootloader_support;___idf_bt;___idf_cmock;___idf_console;___idf_cxx;___idf_driver;___idf_efuse;___idf_esp-tls;___idf_esp_adc;___idf_esp_app_format;___idf_esp_bootloader_format;___idf_esp_coex;___idf_esp_common;___idf_esp_driver_ana_cmpr;___idf_esp_driver_bitscrambler;___idf_esp_driver_cam;___idf_esp_driver_dac;___idf_esp_driver_gpio;___idf_esp_driver_gptimer;___idf_esp_driver_i2c;___idf_esp_driver_i2s;___idf_esp_driver_isp;___idf_esp_driver_jpeg;___idf_esp_driver_ledc;___idf_esp_driver_mcpwm;___idf_esp_driver_parlio;___idf_esp_driver_pcnt;___idf_esp_driver_ppa;___idf_esp_driver_rmt;___idf_esp_driver_sdio;___idf_esp_driver_sdm;___idf_esp_driver_sdmmc;___idf_esp_driver_sdspi;___idf_esp_driver_spi;___idf_esp_driver_touch_sens;___idf_esp_driver_tsens;___idf_esp_driver_twai;___idf_esp_driver_uart;___idf_esp_driver_usb_serial_jtag;___idf_esp_eth;___idf_esp_event;___idf_esp_gdbstub;___idf_esp_hal_ieee802154;___idf_esp_hid;___idf_esp_http_client;___idf_esp_http_server;___idf_esp_https_ota;___idf_esp_https_server;___idf_esp_hw_support;___idf_esp_lcd;___idf_esp_local_ctrl;___idf_esp_mm;___idf_esp_netif;___idf_esp_netif_stack;___idf_esp_partition;___idf_esp_phy;___idf_esp_pm;___idf_esp_psram;___idf_esp_ringbuf;___idf_esp_rom;___idf_esp_security;___idf_esp_system;___idf_esp_tee;___idf_esp_timer;___idf_esp_vfs_console;___idf_esp_wifi;___idf_espcoredump;___idf_esptool_py;___idf_fatfs;___idf_freertos;___idf_hal;___idf_heap;___idf_http_parser;___idf_idf_test;___idf_ieee802154;___idf_json;___idf_linux;___idf_log;___idf_lwip;___idf_mbedtls;___idf_mqtt;___idf_newlib;___idf_nvs_flash;___idf_nvs_sec_provider;___idf_openthread;___idf_partition_table;___idf_perfmon;___idf_protobuf-c;___idf_protocomm;___idf_pthread;___idf_riscv;___idf_rt;___idf_sdmmc;___idf_soc;___idf_spi_flash;___idf_spiffs;___idf_tcp_transport;___idf_touch_element;___idf_ulp;___idf_unity;___idf_usb;___idf_vfs;___idf_wear_levelling;___idf_wifi_provisioning;___idf_wolfssl;___idf_wpa_supplicant;___idf_xtensa;___idf_main;___idf_protocol_examples_common;___idf_wolfssl
-- BUILD_DIR=/home/v4m3rr/Projects/wolf_client/build
-- CCACHE_ENABLE=0
-- CMAKE_ADDR2LINE=/home/v4m3rr/.espressif/tools/xtensa-esp-elf/esp-14.2.0_20260121/xtensa-esp-elf/bin/xtensa-esp32-elf-addr2line
-- CMAKE_AR=/home/v4m3rr/.espressif/tools/xtensa-esp-elf/esp-14.2.0_20260121/xtensa-esp-elf/bin/xtensa-esp32-elf-ar
-- CMAKE_AR=/home/v4m3rr/.espressif/tools/xtensa-esp-elf/esp-14.2.0_20260121/xtensa-esp-elf/bin/xtensa-esp32-elf-ar
-- CMAKE_ASM_COMPILER=/home/v4m3rr/.espressif/tools/xtensa-esp-elf/esp-14.2.0_20260121/xtensa-esp-elf/bin/xtensa-esp32-elf-gcc
-- CMAKE_ASM_COMPILER=/home/v4m3rr/.espressif/tools/xtensa-esp-elf/esp-14.2.0_20260121/xtensa-esp-elf/bin/xtensa-esp32-elf-gcc
-- CMAKE_ASM_COMPILER_AR=/home/v4m3rr/.espressif/tools/xtensa-esp-elf/esp-14.2.0_20260121/xtensa-esp-elf/bin/xtensa-esp32-elf-gcc-ar
-- CMAKE_ASM_COMPILER_AR=/home/v4m3rr/.espressif/tools/xtensa-esp-elf/esp-14.2.0_20260121/xtensa-esp-elf/bin/xtensa-esp32-elf-gcc-ar
-- CMAKE_ASM_COMPILER_ARG1=
-- CMAKE_ASM_COMPILER_ENV_VAR=ASM
-- CMAKE_ASM_COMPILER_ID=GNU
-- CMAKE_ASM_COMPILER_ID_VENDORS=GNU;AppleClang;Clang;ARMClang;OrangeC;HP;Intel;IntelLLVM;SunPro;XL;MSVC;TI;TIClang;IAR;ARMCC;NASM;YASM;ADSP;QCC
-- CMAKE_ASM_COMPILER_ID_VENDOR_FLAGS_ADSP=-version
-- CMAKE_ASM_COMPILER_ID_VENDOR_FLAGS_ARMClang=--version
-- CMAKE_ASM_COMPILER_ID_VENDOR_FLAGS_AppleClang=--version
-- CMAKE_ASM_COMPILER_ID_VENDOR_FLAGS_Clang=--version
-- CMAKE_ASM_COMPILER_ID_VENDOR_FLAGS_GNU=--version
-- CMAKE_ASM_COMPILER_ID_VENDOR_FLAGS_HP=-V
-- CMAKE_ASM_COMPILER_ID_VENDOR_FLAGS_Intel=--version
-- CMAKE_ASM_COMPILER_ID_VENDOR_FLAGS_IntelLLVM=--version
-- CMAKE_ASM_COMPILER_ID_VENDOR_FLAGS_MSVC=-?
-- CMAKE_ASM_COMPILER_ID_VENDOR_FLAGS_NASM=-v
-- CMAKE_ASM_COMPILER_ID_VENDOR_FLAGS_OrangeC=--version
-- CMAKE_ASM_COMPILER_ID_VENDOR_FLAGS_QCC=-V
-- CMAKE_ASM_COMPILER_ID_VENDOR_FLAGS_SunPro=-V
-- CMAKE_ASM_COMPILER_ID_VENDOR_FLAGS_TI=-h
-- CMAKE_ASM_COMPILER_ID_VENDOR_FLAGS_TIClang=--version
-- CMAKE_ASM_COMPILER_ID_VENDOR_FLAGS_XL=-qversion
-- CMAKE_ASM_COMPILER_ID_VENDOR_FLAGS_YASM=--version
-- CMAKE_ASM_COMPILER_ID_VENDOR_MATCH=
-- CMAKE_ASM_COMPILER_ID_VENDOR_REGEX_ADSP=Analog Devices
-- CMAKE_ASM_COMPILER_ID_VENDOR_REGEX_ARMCC=(ARM Compiler)|(ARM Assembler)|(Arm Compiler)
-- CMAKE_ASM_COMPILER_ID_VENDOR_REGEX_ARMClang=armclang
-- CMAKE_ASM_COMPILER_ID_VENDOR_REGEX_AppleClang=(Apple (clang|LLVM) version)
-- CMAKE_ASM_COMPILER_ID_VENDOR_REGEX_Clang=(clang version)
-- CMAKE_ASM_COMPILER_ID_VENDOR_REGEX_GNU=(GNU assembler)|(GCC)|(Free Software Foundation)
-- CMAKE_ASM_COMPILER_ID_VENDOR_REGEX_HP=HP C
-- CMAKE_ASM_COMPILER_ID_VENDOR_REGEX_IAR=IAR Assembler
-- CMAKE_ASM_COMPILER_ID_VENDOR_REGEX_Intel=(ICC)
-- CMAKE_ASM_COMPILER_ID_VENDOR_REGEX_IntelLLVM=(Intel[^
]+oneAPI)
-- CMAKE_ASM_COMPILER_ID_VENDOR_REGEX_MSVC=Microsoft
-- CMAKE_ASM_COMPILER_ID_VENDOR_REGEX_NASM=(NASM version)
-- CMAKE_ASM_COMPILER_ID_VENDOR_REGEX_OrangeC=occ \(OrangeC\) Version
-- CMAKE_ASM_COMPILER_ID_VENDOR_REGEX_QCC=gcc_nto
-- CMAKE_ASM_COMPILER_ID_VENDOR_REGEX_SunPro=Sun C
-- CMAKE_ASM_COMPILER_ID_VENDOR_REGEX_TI=Texas Instruments
-- CMAKE_ASM_COMPILER_ID_VENDOR_REGEX_TIClang=(TI (.*) Clang Compiler)
-- CMAKE_ASM_COMPILER_ID_VENDOR_REGEX_XL=XL C
-- CMAKE_ASM_COMPILER_ID_VENDOR_REGEX_YASM=(yasm)
-- CMAKE_ASM_COMPILER_LINKER=
-- CMAKE_ASM_COMPILER_LINKER_ID=
-- CMAKE_ASM_COMPILER_LOADED=1
-- CMAKE_ASM_COMPILER_RANLIB=/home/v4m3rr/.espressif/tools/xtensa-esp-elf/esp-14.2.0_20260121/xtensa-esp-elf/bin/xtensa-esp32-elf-gcc-ranlib
-- CMAKE_ASM_COMPILER_RANLIB=/home/v4m3rr/.espressif/tools/xtensa-esp-elf/esp-14.2.0_20260121/xtensa-esp-elf/bin/xtensa-esp32-elf-gcc-ranlib
-- CMAKE_ASM_COMPILER_SYSROOT=/home/v4m3rr/.espressif/tools/xtensa-esp-elf/esp-14.2.0_20260121/xtensa-esp-elf/bin/../xtensa-esp-elf/usr
-- CMAKE_ASM_COMPILER_VERSION=
-- CMAKE_ASM_COMPILER_WORKS=1
-- CMAKE_ASM_COMPILE_OBJECT=<CMAKE_ASM_COMPILER> <DEFINES> <INCLUDES> <FLAGS> -o <OBJECT> -c <SOURCE>
-- CMAKE_ASM_COMPILE_OPTIONS_CREATE_PCH=-x;-include;<PCH_HEADER>
-- CMAKE_ASM_COMPILE_OPTIONS_INVALID_PCH=-Winvalid-pch
-- CMAKE_ASM_COMPILE_OPTIONS_PIC=-fPIC
-- CMAKE_ASM_COMPILE_OPTIONS_SYSROOT=--sysroot=
-- CMAKE_ASM_COMPILE_OPTIONS_USE_PCH=-include;<PCH_HEADER>
-- CMAKE_ASM_COMPILE_OPTIONS_WARNING_AS_ERROR=-Werror
-- CMAKE_ASM_CREATE_ASSEMBLY_SOURCE=<CMAKE_ASM_COMPILER> <DEFINES> <INCLUDES> <FLAGS> -S <SOURCE> -o <ASSEMBLY_SOURCE>
-- CMAKE_ASM_CREATE_PREPROCESSED_SOURCE=<CMAKE_ASM_COMPILER> <DEFINES> <INCLUDES> <FLAGS> -E <SOURCE> > <PREPROCESSED_SOURCE>
-- CMAKE_ASM_CREATE_STATIC_LIBRARY=<CMAKE_AR> cr <TARGET> <LINK_FLAGS> <OBJECTS> ;<CMAKE_RANLIB> <TARGET>
-- CMAKE_ASM_FLAGS=@"/home/v4m3rr/Projects/wolf_client/build/toolchain/asmflags"
-- CMAKE_ASM_FLAGS_DEBUG=-g
-- CMAKE_ASM_FLAGS_DEBUG_INIT= -g
-- CMAKE_ASM_FLAGS_INIT=  
-- CMAKE_ASM_FLAGS_MINSIZEREL=-Os -DNDEBUG
-- CMAKE_ASM_FLAGS_MINSIZEREL_INIT= -Os -DNDEBUG
-- CMAKE_ASM_FLAGS_RELEASE=-O3 -DNDEBUG
-- CMAKE_ASM_FLAGS_RELEASE_INIT= -O3 -DNDEBUG
-- CMAKE_ASM_FLAGS_RELWITHDEBINFO=-O2 -g -DNDEBUG
-- CMAKE_ASM_FLAGS_RELWITHDEBINFO_INIT= -O2 -g -DNDEBUG
-- CMAKE_ASM_IGNORE_EXTENSIONS=h;H;o;O;obj;OBJ;def;DEF;rc;RC
-- CMAKE_ASM_INFOMATION_LOADED=1
-- CMAKE_ASM_LINKER_DEPFILE_FLAGS=LINKER:--dependency-file,<DEP_FILE>
-- CMAKE_ASM_LINKER_DEPFILE_FORMAT=gcc
-- CMAKE_ASM_LINKER_DEPFILE_SUPPORTED=FALSE
-- CMAKE_ASM_LINKER_PREFERENCE=0
-- CMAKE_ASM_LINKER_WRAPPER_FLAG=-Wl,
-- CMAKE_ASM_LINKER_WRAPPER_FLAG_SEP=,
-- CMAKE_ASM_LINK_DEPENDS_USE_LINKER=FALSE
-- CMAKE_ASM_LINK_EXECUTABLE=<CMAKE_ASM_COMPILER> <FLAGS> <CMAKE_ASM_LINK_FLAGS> <LINK_FLAGS> <OBJECTS> -o <TARGET> <LINK_LIBRARIES>
-- CMAKE_ASM_OUTPUT_EXTENSION=.obj
-- CMAKE_ASM_SOURCE_FILE_EXTENSIONS=s;S;asm
-- CMAKE_ASM_VERBOSE_FLAG=-v
-- CMAKE_AUTOGEN_ORIGIN_DEPENDS=ON
-- CMAKE_AUTOMOC_COMPILER_PREDEFINES=ON
-- CMAKE_AUTOMOC_MACRO_NAMES=Q_OBJECT;Q_GADGET;Q_NAMESPACE;Q_NAMESPACE_EXPORT
-- CMAKE_AUTOMOC_PATH_PREFIX=OFF
-- CMAKE_BASE_NAME=xtensa-esp32-elf-gcc
-- CMAKE_BINARY_DIR=/home/v4m3rr/Projects/wolf_client/build
-- CMAKE_BUILD_TOOL=/home/v4m3rr/.espressif/tools/ninja/1.12.1/ninja
-- CMAKE_BUILD_TYPE=
-- CMAKE_C11_COMPILE_FEATURES=c_std_11;c_static_assert
-- CMAKE_C11_EXTENSION_COMPILE_OPTION=-std=gnu11
-- CMAKE_C11_STANDARD_COMPILE_OPTION=-std=c11
-- CMAKE_C11_STANDARD__HAS_FULL_SUPPORT=ON
-- CMAKE_C17_COMPILE_FEATURES=c_std_17
-- CMAKE_C17_EXTENSION_COMPILE_OPTION=-std=gnu17
-- CMAKE_C17_STANDARD_COMPILE_OPTION=-std=c17
-- CMAKE_C23_COMPILE_FEATURES=c_std_23
-- CMAKE_C23_EXTENSION_COMPILE_OPTION=-std=gnu2x
-- CMAKE_C23_STANDARD_COMPILE_OPTION=-std=c2x
-- CMAKE_C90_COMPILE_FEATURES=c_std_90;c_function_prototypes
-- CMAKE_C90_EXTENSION_COMPILE_OPTION=-std=gnu90
-- CMAKE_C90_STANDARD_COMPILE_OPTION=-std=c90
-- CMAKE_C90_STANDARD__HAS_FULL_SUPPORT=ON
-- CMAKE_C99_COMPILE_FEATURES=c_std_99;c_restrict;c_variadic_macros
-- CMAKE_C99_EXTENSION_COMPILE_OPTION=-std=gnu99
-- CMAKE_C99_STANDARD_COMPILE_OPTION=-std=c99
-- CMAKE_C99_STANDARD__HAS_FULL_SUPPORT=ON
-- CMAKE_CFG_INTDIR=.
-- CMAKE_COLOR_DIAGNOSTICS=ON
-- CMAKE_COMMAND=/home/v4m3rr/.espressif/tools/cmake/3.30.2/bin/cmake
-- CMAKE_COMPILER_IS_GNUCC=1
-- CMAKE_COMPILER_IS_GNUCXX=1
-- CMAKE_COMPILER_SYSROOT=/home/v4m3rr/.espressif/tools/xtensa-esp-elf/esp-14.2.0_20260121/xtensa-esp-elf/bin/../xtensa-esp-elf/usr
-- CMAKE_CPACK_COMMAND=/home/v4m3rr/.espressif/tools/cmake/3.30.2/bin/cpack
-- CMAKE_CROSSCOMPILING=TRUE
-- CMAKE_CTEST_COMMAND=/home/v4m3rr/.espressif/tools/cmake/3.30.2/bin/ctest
-- CMAKE_CURRENT_BINARY_DIR=/home/v4m3rr/Projects/wolf_client/build/esp-idf/wolfssl
-- CMAKE_CURRENT_LIST_DIR=/home/v4m3rr/Projects/wolf_client/components/wolfssl
-- CMAKE_CURRENT_LIST_FILE=/home/v4m3rr/Projects/wolf_client/components/wolfssl/CMakeLists.txt
-- CMAKE_CURRENT_SOURCE_DIR=.
-- CMAKE_CXX11_COMPILE_FEATURES=cxx_std_11;cxx_alias_templates;cxx_alignas;cxx_alignof;cxx_attributes;cxx_auto_type;cxx_constexpr;cxx_decltype;cxx_decltype_incomplete_return_types;cxx_default_function_template_args;cxx_defaulted_functions;cxx_defaulted_move_initializers;cxx_delegating_constructors;cxx_deleted_functions;cxx_enum_forward_declarations;cxx_explicit_conversions;cxx_extended_friend_declarations;cxx_extern_templates;cxx_final;cxx_func_identifier;cxx_generalized_initializers;cxx_inheriting_constructors;cxx_inline_namespaces;cxx_lambdas;cxx_local_type_template_args;cxx_long_long_type;cxx_noexcept;cxx_nonstatic_member_init;cxx_nullptr;cxx_override;cxx_range_for;cxx_raw_string_literals;cxx_reference_qualified_functions;cxx_right_angle_brackets;cxx_rvalue_references;cxx_sizeof_member;cxx_static_assert;cxx_strong_enums;cxx_thread_local;cxx_trailing_return_types;cxx_unicode_literals;cxx_uniform_initialization;cxx_unrestricted_unions;cxx_user_literals;cxx_variadic_macros;cxx_variadic_templates
-- CMAKE_CXX11_EXTENSION_COMPILE_OPTION=-std=gnu++11
-- CMAKE_CXX11_STANDARD_COMPILE_OPTION=-std=c++11
-- CMAKE_CXX11_STANDARD__HAS_FULL_SUPPORT=ON
-- CMAKE_CXX14_COMPILE_FEATURES=cxx_std_14;cxx_aggregate_default_initializers;cxx_attribute_deprecated;cxx_binary_literals;cxx_contextual_conversions;cxx_decltype_auto;cxx_digit_separators;cxx_generic_lambdas;cxx_lambda_init_captures;cxx_relaxed_constexpr;cxx_return_type_deduction;cxx_variable_templates
-- CMAKE_CXX14_EXTENSION_COMPILE_OPTION=-std=gnu++14
-- CMAKE_CXX14_STANDARD_COMPILE_OPTION=-std=c++14
-- CMAKE_CXX14_STANDARD__HAS_FULL_SUPPORT=ON
-- CMAKE_CXX17_COMPILE_FEATURES=cxx_std_17
-- CMAKE_CXX17_EXTENSION_COMPILE_OPTION=-std=gnu++17
-- CMAKE_CXX17_STANDARD_COMPILE_OPTION=-std=c++17
-- CMAKE_CXX20_COMPILE_FEATURES=cxx_std_20
-- CMAKE_CXX20_EXTENSION_COMPILE_OPTION=-std=gnu++20
-- CMAKE_CXX20_STANDARD_COMPILE_OPTION=-std=c++20
-- CMAKE_CXX23_COMPILER_IMPORT_STD_NOT_FOUND_MESSAGE=Toolchain does not support discovering `import std` support
-- CMAKE_CXX23_COMPILE_FEATURES=cxx_std_23
-- CMAKE_CXX23_EXTENSION_COMPILE_OPTION=-std=gnu++23
-- CMAKE_CXX23_STANDARD_COMPILE_OPTION=-std=c++23
-- CMAKE_CXX26_COMPILER_IMPORT_STD_NOT_FOUND_MESSAGE=Toolchain does not support discovering `import std` support
-- CMAKE_CXX26_COMPILE_FEATURES=cxx_std_26
-- CMAKE_CXX26_EXTENSION_COMPILE_OPTION=-std=gnu++26
-- CMAKE_CXX26_STANDARD_COMPILE_OPTION=-std=c++26
-- CMAKE_CXX98_COMPILE_FEATURES=cxx_std_98;cxx_template_template_parameters
-- CMAKE_CXX98_EXTENSION_COMPILE_OPTION=-std=gnu++98
-- CMAKE_CXX98_STANDARD_COMPILE_OPTION=-std=c++98
-- CMAKE_CXX98_STANDARD__HAS_FULL_SUPPORT=ON
-- CMAKE_CXX_ABI_COMPILED=TRUE
-- CMAKE_CXX_ARCHIVE_APPEND=<CMAKE_AR> q <TARGET> <LINK_FLAGS> <OBJECTS>
-- CMAKE_CXX_ARCHIVE_APPEND_IPO="/home/v4m3rr/.espressif/tools/xtensa-esp-elf/esp-14.2.0_20260121/xtensa-esp-elf/bin/xtensa-esp32-elf-gcc-ar" q <TARGET> <LINK_FLAGS> <OBJECTS>
-- CMAKE_CXX_ARCHIVE_CREATE=<CMAKE_AR> qc <TARGET> <LINK_FLAGS> <OBJECTS>
-- CMAKE_CXX_ARCHIVE_CREATE_IPO="/home/v4m3rr/.espressif/tools/xtensa-esp-elf/esp-14.2.0_20260121/xtensa-esp-elf/bin/xtensa-esp32-elf-gcc-ar" qc <TARGET> <LINK_FLAGS> <OBJECTS>
-- CMAKE_CXX_ARCHIVE_FINISH=<CMAKE_RANLIB> <TARGET>
-- CMAKE_CXX_ARCHIVE_FINISH_IPO="/home/v4m3rr/.espressif/tools/xtensa-esp-elf/esp-14.2.0_20260121/xtensa-esp-elf/bin/xtensa-esp32-elf-gcc-ranlib" <TARGET>
-- CMAKE_CXX_BYTE_ORDER=LITTLE_ENDIAN
-- CMAKE_CXX_CL_SHOWINCLUDES_PREFIX=
-- CMAKE_CXX_COMPILER=/home/v4m3rr/.espressif/tools/xtensa-esp-elf/esp-14.2.0_20260121/xtensa-esp-elf/bin/xtensa-esp32-elf-g++
-- CMAKE_CXX_COMPILER=/home/v4m3rr/.espressif/tools/xtensa-esp-elf/esp-14.2.0_20260121/xtensa-esp-elf/bin/xtensa-esp32-elf-g++
-- CMAKE_CXX_COMPILER_ABI=ELF
-- CMAKE_CXX_COMPILER_AR=/home/v4m3rr/.espressif/tools/xtensa-esp-elf/esp-14.2.0_20260121/xtensa-esp-elf/bin/xtensa-esp32-elf-gcc-ar
-- CMAKE_CXX_COMPILER_AR=/home/v4m3rr/.espressif/tools/xtensa-esp-elf/esp-14.2.0_20260121/xtensa-esp-elf/bin/xtensa-esp32-elf-gcc-ar
-- CMAKE_CXX_COMPILER_ARCHITECTURE_ID=
-- CMAKE_CXX_COMPILER_ARG1=
-- CMAKE_CXX_COMPILER_CLANG_RESOURCE_DIR=
-- CMAKE_CXX_COMPILER_ENV_VAR=CXX
-- CMAKE_CXX_COMPILER_FRONTEND_VARIANT=GNU
-- CMAKE_CXX_COMPILER_ID=GNU
-- CMAKE_CXX_COMPILER_ID_PLATFORM_CONTENT=#define STRINGIFY_HELPER(X) #X
#define STRINGIFY(X) STRINGIFY_HELPER(X)

/* Identify known platforms by name.  */
#if defined(__linux) || defined(__linux__) || defined(linux)
# define PLATFORM_ID "Linux"

#elif defined(__MSYS__)
# define PLATFORM_ID "MSYS"

#elif defined(__CYGWIN__)
# define PLATFORM_ID "Cygwin"

#elif defined(__MINGW32__)
# define PLATFORM_ID "MinGW"

#elif defined(__APPLE__)
# define PLATFORM_ID "Darwin"

#elif defined(_WIN32) || defined(__WIN32__) || defined(WIN32)
# define PLATFORM_ID "Windows"

#elif defined(__FreeBSD__) || defined(__FreeBSD)
# define PLATFORM_ID "FreeBSD"

#elif defined(__NetBSD__) || defined(__NetBSD)
# define PLATFORM_ID "NetBSD"

#elif defined(__OpenBSD__) || defined(__OPENBSD)
# define PLATFORM_ID "OpenBSD"

#elif defined(__sun) || defined(sun)
# define PLATFORM_ID "SunOS"

#elif defined(_AIX) || defined(__AIX) || defined(__AIX__) || defined(__aix) || defined(__aix__)
# define PLATFORM_ID "AIX"

#elif defined(__hpux) || defined(__hpux__)
# define PLATFORM_ID "HP-UX"

#elif defined(__HAIKU__)
# define PLATFORM_ID "Haiku"

#elif defined(__BeOS) || defined(__BEOS__) || defined(_BEOS)
# define PLATFORM_ID "BeOS"

#elif defined(__QNX__) || defined(__QNXNTO__)
# define PLATFORM_ID "QNX"

#elif defined(__tru64) || defined(_tru64) || defined(__TRU64__)
# define PLATFORM_ID "Tru64"

#elif defined(__riscos) || defined(__riscos__)
# define PLATFORM_ID "RISCos"

#elif defined(__sinix) || defined(__sinix__) || defined(__SINIX__)
# define PLATFORM_ID "SINIX"

#elif defined(__UNIX_SV__)
# define PLATFORM_ID "UNIX_SV"

#elif defined(__bsdos__)
# define PLATFORM_ID "BSDOS"

#elif defined(_MPRAS) || defined(MPRAS)
# define PLATFORM_ID "MP-RAS"

#elif defined(__osf) || defined(__osf__)
# define PLATFORM_ID "OSF1"

#elif defined(_SCO_SV) || defined(SCO_SV) || defined(sco_sv)
# define PLATFORM_ID "SCO_SV"

#elif defined(__ultrix) || defined(__ultrix__) || defined(_ULTRIX)
# define PLATFORM_ID "ULTRIX"

#elif defined(__XENIX__) || defined(_XENIX) || defined(XENIX)
# define PLATFORM_ID "Xenix"

#elif defined(__WATCOMC__)
# if defined(__LINUX__)
#  define PLATFORM_ID "Linux"

# elif defined(__DOS__)
#  define PLATFORM_ID "DOS"

# elif defined(__OS2__)
#  define PLATFORM_ID "OS2"

# elif defined(__WINDOWS__)
#  define PLATFORM_ID "Windows3x"

# elif defined(__VXWORKS__)
#  define PLATFORM_ID "VxWorks"

# else /* unknown platform */
#  define PLATFORM_ID
# endif

#elif defined(__INTEGRITY)
# if defined(INT_178B)
#  define PLATFORM_ID "Integrity178"

# else /* regular Integrity */
#  define PLATFORM_ID "Integrity"
# endif

# elif defined(_ADI_COMPILER)
#  define PLATFORM_ID "ADSP"

#else /* unknown platform */
# define PLATFORM_ID

#endif

/* For windows compilers MSVC and Intel we can determine
   the architecture of the compiler being used.  This is because
   the compilers do not have flags that can change the architecture,
   but rather depend on which compiler is being used
*/
#if defined(_WIN32) && defined(_MSC_VER)
# if defined(_M_IA64)
#  define ARCHITECTURE_ID "IA64"

# elif defined(_M_ARM64EC)
#  define ARCHITECTURE_ID "ARM64EC"

# elif defined(_M_X64) || defined(_M_AMD64)
#  define ARCHITECTURE_ID "x64"

# elif defined(_M_IX86)
#  define ARCHITECTURE_ID "X86"

# elif defined(_M_ARM64)
#  define ARCHITECTURE_ID "ARM64"

# elif defined(_M_ARM)
#  if _M_ARM == 4
#   define ARCHITECTURE_ID "ARMV4I"
#  elif _M_ARM == 5
#   define ARCHITECTURE_ID "ARMV5I"
#  else
#   define ARCHITECTURE_ID "ARMV" STRINGIFY(_M_ARM)
#  endif

# elif defined(_M_MIPS)
#  define ARCHITECTURE_ID "MIPS"

# elif defined(_M_SH)
#  define ARCHITECTURE_ID "SHx"

# else /* unknown architecture */
#  define ARCHITECTURE_ID ""
# endif

#elif defined(__WATCOMC__)
# if defined(_M_I86)
#  define ARCHITECTURE_ID "I86"

# elif defined(_M_IX86)
#  define ARCHITECTURE_ID "X86"

# else /* unknown architecture */
#  define ARCHITECTURE_ID ""
# endif

#elif defined(__IAR_SYSTEMS_ICC__) || defined(__IAR_SYSTEMS_ICC)
# if defined(__ICCARM__)
#  define ARCHITECTURE_ID "ARM"

# elif defined(__ICCRX__)
#  define ARCHITECTURE_ID "RX"

# elif defined(__ICCRH850__)
#  define ARCHITECTURE_ID "RH850"

# elif defined(__ICCRL78__)
#  define ARCHITECTURE_ID "RL78"

# elif defined(__ICCRISCV__)
#  define ARCHITECTURE_ID "RISCV"

# elif defined(__ICCAVR__)
#  define ARCHITECTURE_ID "AVR"

# elif defined(__ICC430__)
#  define ARCHITECTURE_ID "MSP430"

# elif defined(__ICCV850__)
#  define ARCHITECTURE_ID "V850"

# elif defined(__ICC8051__)
#  define ARCHITECTURE_ID "8051"

# elif defined(__ICCSTM8__)
#  define ARCHITECTURE_ID "STM8"

# else /* unknown architecture */
#  define ARCHITECTURE_ID ""
# endif

#elif defined(__ghs__)
# if defined(__PPC64__)
#  define ARCHITECTURE_ID "PPC64"

# elif defined(__ppc__)
#  define ARCHITECTURE_ID "PPC"

# elif defined(__ARM__)
#  define ARCHITECTURE_ID "ARM"

# elif defined(__x86_64__)
#  define ARCHITECTURE_ID "x64"

# elif defined(__i386__)
#  define ARCHITECTURE_ID "X86"

# else /* unknown architecture */
#  define ARCHITECTURE_ID ""
# endif

#elif defined(__clang__) && defined(__ti__)
# if defined(__ARM_ARCH)
#  define ARCHITECTURE_ID "Arm"

# else /* unknown architecture */
#  define ARCHITECTURE_ID ""
# endif

#elif defined(__TI_COMPILER_VERSION__)
# if defined(__TI_ARM__)
#  define ARCHITECTURE_ID "ARM"

# elif defined(__MSP430__)
#  define ARCHITECTURE_ID "MSP430"

# elif defined(__TMS320C28XX__)
#  define ARCHITECTURE_ID "TMS320C28x"

# elif defined(__TMS320C6X__) || defined(_TMS320C6X)
#  define ARCHITECTURE_ID "TMS320C6x"

# else /* unknown architecture */
#  define ARCHITECTURE_ID ""
# endif

# elif defined(__ADSPSHARC__)
#  define ARCHITECTURE_ID "SHARC"

# elif defined(__ADSPBLACKFIN__)
#  define ARCHITECTURE_ID "Blackfin"

#elif defined(__TASKING__)

# if defined(__CTC__) || defined(__CPTC__)
#  define ARCHITECTURE_ID "TriCore"

# elif defined(__CMCS__)
#  define ARCHITECTURE_ID "MCS"

# elif defined(__CARM__)
#  define ARCHITECTURE_ID "ARM"

# elif defined(__CARC__)
#  define ARCHITECTURE_ID "ARC"

# elif defined(__C51__)
#  define ARCHITECTURE_ID "8051"

# elif defined(__CPCP__)
#  define ARCHITECTURE_ID "PCP"

# else
#  define ARCHITECTURE_ID ""
# endif

#else
#  define ARCHITECTURE_ID
#endif

/* Convert integer to decimal digit literals.  */
#define DEC(n)                   \
  ('0' + (((n) / 10000000)%10)), \
  ('0' + (((n) / 1000000)%10)),  \
  ('0' + (((n) / 100000)%10)),   \
  ('0' + (((n) / 10000)%10)),    \
  ('0' + (((n) / 1000)%10)),     \
  ('0' + (((n) / 100)%10)),      \
  ('0' + (((n) / 10)%10)),       \
  ('0' +  ((n) % 10))

/* Convert integer to hex digit literals.  */
#define HEX(n)             \
  ('0' + ((n)>>28 & 0xF)), \
  ('0' + ((n)>>24 & 0xF)), \
  ('0' + ((n)>>20 & 0xF)), \
  ('0' + ((n)>>16 & 0xF)), \
  ('0' + ((n)>>12 & 0xF)), \
  ('0' + ((n)>>8  & 0xF)), \
  ('0' + ((n)>>4  & 0xF)), \
  ('0' + ((n)     & 0xF))

/* Construct a string literal encoding the version number. */
#ifdef COMPILER_VERSION
char const* info_version = "INFO" ":" "compiler_version[" COMPILER_VERSION "]";

/* Construct a string literal encoding the version number components. */
#elif defined(COMPILER_VERSION_MAJOR)
char const info_version[] = {
  'I', 'N', 'F', 'O', ':',
  'c','o','m','p','i','l','e','r','_','v','e','r','s','i','o','n','[',
  COMPILER_VERSION_MAJOR,
# ifdef COMPILER_VERSION_MINOR
  '.', COMPILER_VERSION_MINOR,
#  ifdef COMPILER_VERSION_PATCH
   '.', COMPILER_VERSION_PATCH,
#   ifdef COMPILER_VERSION_TWEAK
    '.', COMPILER_VERSION_TWEAK,
#   endif
#  endif
# endif
  ']','\0'};
#endif

/* Construct a string literal encoding the internal version number. */
#ifdef COMPILER_VERSION_INTERNAL
char const info_version_internal[] = {
  'I', 'N', 'F', 'O', ':',
  'c','o','m','p','i','l','e','r','_','v','e','r','s','i','o','n','_',
  'i','n','t','e','r','n','a','l','[',
  COMPILER_VERSION_INTERNAL,']','\0'};
#elif defined(COMPILER_VERSION_INTERNAL_STR)
char const* info_version_internal = "INFO" ":" "compiler_version_internal[" COMPILER_VERSION_INTERNAL_STR "]";
#endif

/* Construct a string literal encoding the version number components. */
#ifdef SIMULATE_VERSION_MAJOR
char const info_simulate_version[] = {
  'I', 'N', 'F', 'O', ':',
  's','i','m','u','l','a','t','e','_','v','e','r','s','i','o','n','[',
  SIMULATE_VERSION_MAJOR,
# ifdef SIMULATE_VERSION_MINOR
  '.', SIMULATE_VERSION_MINOR,
#  ifdef SIMULATE_VERSION_PATCH
   '.', SIMULATE_VERSION_PATCH,
#   ifdef SIMULATE_VERSION_TWEAK
    '.', SIMULATE_VERSION_TWEAK,
#   endif
#  endif
# endif
  ']','\0'};
#endif

/* Construct the string literal in pieces to prevent the source from
   getting matched.  Store it in a pointer rather than an array
   because some compilers will just produce instructions to fill the
   array rather than assigning a pointer to a static array.  */
char const* info_platform = "INFO" ":" "platform[" PLATFORM_ID "]";
char const* info_arch = "INFO" ":" "arch[" ARCHITECTURE_ID "]";

-- CMAKE_CXX_COMPILER_ID_RUN=1
-- CMAKE_CXX_COMPILER_ID_TEST_FLAGS=-c;--c++;--ec++;--target=arm-arm-none-eabi -mcpu=cortex-m3;-c -I__does_not_exist__
-- CMAKE_CXX_COMPILER_ID_TOOL_MATCH_INDEX=2
-- CMAKE_CXX_COMPILER_ID_TOOL_MATCH_REGEX=
Ld[^
]*(
[ 	]+[^
]*)*
[ 	]+([^ 	
]+)[^
]*-o[^
]*CompilerIdCXX/(\./)?(CompilerIdCXX.(framework|xctest|build/[^ 	
]+)/)?CompilerIdCXX[ 	
\"]
-- CMAKE_CXX_COMPILER_ID_VENDORS=IAR
-- CMAKE_CXX_COMPILER_ID_VENDOR_REGEX_IAR=IAR .+ Compiler
-- CMAKE_CXX_COMPILER_IMPORT_STD=
-- CMAKE_CXX_COMPILER_LINKER=NOTFOUND
-- CMAKE_CXX_COMPILER_LINKER_ID=
-- CMAKE_CXX_COMPILER_LOADED=1
-- CMAKE_CXX_COMPILER_NAMES=CC
-- CMAKE_CXX_COMPILER_PREDEFINES_COMMAND=/home/v4m3rr/.espressif/tools/xtensa-esp-elf/esp-14.2.0_20260121/xtensa-esp-elf/bin/xtensa-esp32-elf-g++;-dM;-E;-c;/home/v4m3rr/.espressif/tools/cmake/3.30.2/share/cmake-3.30/Modules/CMakeCXXCompilerABI.cpp
-- CMAKE_CXX_COMPILER_PRODUCED_FILES=a.out
-- CMAKE_CXX_COMPILER_PRODUCED_OUTPUT=
-- CMAKE_CXX_COMPILER_RANLIB=/home/v4m3rr/.espressif/tools/xtensa-esp-elf/esp-14.2.0_20260121/xtensa-esp-elf/bin/xtensa-esp32-elf-gcc-ranlib
-- CMAKE_CXX_COMPILER_RANLIB=/home/v4m3rr/.espressif/tools/xtensa-esp-elf/esp-14.2.0_20260121/xtensa-esp-elf/bin/xtensa-esp32-elf-gcc-ranlib
-- CMAKE_CXX_COMPILER_SYSROOT=/home/v4m3rr/.espressif/tools/xtensa-esp-elf/esp-14.2.0_20260121/xtensa-esp-elf/bin/../xtensa-esp-elf/usr
-- CMAKE_CXX_COMPILER_VERSION=14.2.0
-- CMAKE_CXX_COMPILER_VERSION_INTERNAL=
-- CMAKE_CXX_COMPILER_WORKS=TRUE
-- CMAKE_CXX_COMPILER_WRAPPER=
-- CMAKE_CXX_COMPILE_FEATURES=cxx_std_98;cxx_template_template_parameters;cxx_std_11;cxx_alias_templates;cxx_alignas;cxx_alignof;cxx_attributes;cxx_auto_type;cxx_constexpr;cxx_decltype;cxx_decltype_incomplete_return_types;cxx_default_function_template_args;cxx_defaulted_functions;cxx_defaulted_move_initializers;cxx_delegating_constructors;cxx_deleted_functions;cxx_enum_forward_declarations;cxx_explicit_conversions;cxx_extended_friend_declarations;cxx_extern_templates;cxx_final;cxx_func_identifier;cxx_generalized_initializers;cxx_inheriting_constructors;cxx_inline_namespaces;cxx_lambdas;cxx_local_type_template_args;cxx_long_long_type;cxx_noexcept;cxx_nonstatic_member_init;cxx_nullptr;cxx_override;cxx_range_for;cxx_raw_string_literals;cxx_reference_qualified_functions;cxx_right_angle_brackets;cxx_rvalue_references;cxx_sizeof_member;cxx_static_assert;cxx_strong_enums;cxx_thread_local;cxx_trailing_return_types;cxx_unicode_literals;cxx_uniform_initialization;cxx_unrestricted_unions;cxx_user_literals;cxx_variadic_macros;cxx_variadic_templates;cxx_std_14;cxx_aggregate_default_initializers;cxx_attribute_deprecated;cxx_binary_literals;cxx_contextual_conversions;cxx_decltype_auto;cxx_digit_separators;cxx_generic_lambdas;cxx_lambda_init_captures;cxx_relaxed_constexpr;cxx_return_type_deduction;cxx_variable_templates;cxx_std_17;cxx_std_20;cxx_std_23;cxx_std_26
-- CMAKE_CXX_COMPILE_OBJECT=<CMAKE_CXX_COMPILER> <DEFINES> <INCLUDES> <FLAGS> -o <OBJECT> -c <SOURCE>
-- CMAKE_CXX_COMPILE_OPTIONS_COLOR_DIAGNOSTICS=-fdiagnostics-color=always
-- CMAKE_CXX_COMPILE_OPTIONS_COLOR_DIAGNOSTICS_OFF=-fno-diagnostics-color
-- CMAKE_CXX_COMPILE_OPTIONS_CREATE_PCH=-x;c++-header;-include;<PCH_HEADER>
-- CMAKE_CXX_COMPILE_OPTIONS_EXPLICIT_LANGUAGE=-x;c++
-- CMAKE_CXX_COMPILE_OPTIONS_INVALID_PCH=-Winvalid-pch
-- CMAKE_CXX_COMPILE_OPTIONS_IPO=-flto=auto;-fno-fat-lto-objects
-- CMAKE_CXX_COMPILE_OPTIONS_PIC=-fPIC
-- CMAKE_CXX_COMPILE_OPTIONS_PIE=-fPIE
-- CMAKE_CXX_COMPILE_OPTIONS_SYSROOT=--sysroot=
-- CMAKE_CXX_COMPILE_OPTIONS_USE_PCH=-include;<PCH_HEADER>
-- CMAKE_CXX_COMPILE_OPTIONS_VISIBILITY=-fvisibility=
-- CMAKE_CXX_COMPILE_OPTIONS_VISIBILITY_INLINES_HIDDEN=-fvisibility-inlines-hidden
-- CMAKE_CXX_COMPILE_OPTIONS_WARNING_AS_ERROR=-Werror
-- CMAKE_CXX_CREATE_ASSEMBLY_SOURCE=<CMAKE_CXX_COMPILER> <DEFINES> <INCLUDES> <FLAGS> -S <SOURCE> -o <ASSEMBLY_SOURCE>
-- CMAKE_CXX_CREATE_PREPROCESSED_SOURCE=<CMAKE_CXX_COMPILER> <DEFINES> <INCLUDES> <FLAGS> -E <SOURCE> > <PREPROCESSED_SOURCE>
-- CMAKE_CXX_CREATE_SHARED_LIBRARY=<CMAKE_CXX_COMPILER> <CMAKE_SHARED_LIBRARY_CXX_FLAGS> <LANGUAGE_COMPILE_FLAGS> <LINK_FLAGS> <CMAKE_SHARED_LIBRARY_CREATE_CXX_FLAGS> <SONAME_FLAG><TARGET_SONAME> -o <TARGET> <OBJECTS> <LINK_LIBRARIES>
-- CMAKE_CXX_CREATE_SHARED_MODULE=<CMAKE_CXX_COMPILER> <CMAKE_SHARED_LIBRARY_CXX_FLAGS> <LANGUAGE_COMPILE_FLAGS> <LINK_FLAGS> <CMAKE_SHARED_LIBRARY_CREATE_CXX_FLAGS> <SONAME_FLAG><TARGET_SONAME> -o <TARGET> <OBJECTS> <LINK_LIBRARIES>
-- CMAKE_CXX_EXTENSIONS_COMPUTED_DEFAULT=ON
-- CMAKE_CXX_EXTENSIONS_DEFAULT=ON
-- CMAKE_CXX_FLAGS=@"/home/v4m3rr/Projects/wolf_client/build/toolchain/cxxflags" -DWOLFSSL_USER_SETTINGS
-- CMAKE_CXX_FLAGS=@"/home/v4m3rr/Projects/wolf_client/build/toolchain/cxxflags" -DWOLFSSL_USER_SETTINGS
-- CMAKE_CXX_FLAGS_DEBUG=-g
-- CMAKE_CXX_FLAGS_DEBUG_INIT= -g
-- CMAKE_CXX_FLAGS_INIT=  
-- CMAKE_CXX_FLAGS_MINSIZEREL=-Os -DNDEBUG
-- CMAKE_CXX_FLAGS_MINSIZEREL_INIT= -Os -DNDEBUG
-- CMAKE_CXX_FLAGS_RELEASE=-O3 -DNDEBUG
-- CMAKE_CXX_FLAGS_RELEASE_INIT= -O3 -DNDEBUG
-- CMAKE_CXX_FLAGS_RELWITHDEBINFO=-O2 -g -DNDEBUG
-- CMAKE_CXX_FLAGS_RELWITHDEBINFO_INIT= -O2 -g -DNDEBUG
-- CMAKE_CXX_IGNORE_EXTENSIONS=inl;h;hpp;HPP;H;o;O;obj;OBJ;def;DEF;rc;RC
-- CMAKE_CXX_IMPLICIT_INCLUDE_DIRECTORIES=/home/v4m3rr/.espressif/tools/xtensa-esp-elf/esp-14.2.0_20260121/xtensa-esp-elf/xtensa-esp-elf/include/c++/14.2.0;/home/v4m3rr/.espressif/tools/xtensa-esp-elf/esp-14.2.0_20260121/xtensa-esp-elf/xtensa-esp-elf/include/c++/14.2.0/xtensa-esp-elf/esp32/no-rtti;/home/v4m3rr/.espressif/tools/xtensa-esp-elf/esp-14.2.0_20260121/xtensa-esp-elf/xtensa-esp-elf/include/c++/14.2.0/backward;/home/v4m3rr/.espressif/tools/xtensa-esp-elf/esp-14.2.0_20260121/xtensa-esp-elf/lib/gcc/xtensa-esp-elf/14.2.0/include;/home/v4m3rr/.espressif/tools/xtensa-esp-elf/esp-14.2.0_20260121/xtensa-esp-elf/lib/gcc/xtensa-esp-elf/14.2.0/include-fixed;/home/v4m3rr/.espressif/tools/xtensa-esp-elf/esp-14.2.0_20260121/xtensa-esp-elf/xtensa-esp-elf/include
-- CMAKE_CXX_IMPLICIT_LINK_DIRECTORIES=/home/v4m3rr/.espressif/tools/xtensa-esp-elf/esp-14.2.0_20260121/xtensa-esp-elf/lib/gcc/xtensa-esp-elf/14.2.0/esp32/no-rtti;/home/v4m3rr/.espressif/tools/xtensa-esp-elf/esp-14.2.0_20260121/xtensa-esp-elf/xtensa-esp-elf/lib/esp32/no-rtti;/home/v4m3rr/.espressif/tools/xtensa-esp-elf/esp-14.2.0_20260121/xtensa-esp-elf/lib/gcc/xtensa-esp-elf/14.2.0;/home/v4m3rr/.espressif/tools/xtensa-esp-elf/esp-14.2.0_20260121/xtensa-esp-elf/lib/gcc;/home/v4m3rr/.espressif/tools/xtensa-esp-elf/esp-14.2.0_20260121/xtensa-esp-elf/xtensa-esp-elf/lib;/home/v4m3rr/.espressif/tools/xtensa-esp-elf/esp-14.2.0_20260121/xtensa-esp-elf/xtensa-esp-elf/usr/lib
-- CMAKE_CXX_IMPLICIT_LINK_FRAMEWORK_DIRECTORIES=
-- CMAKE_CXX_IMPLICIT_LINK_LIBRARIES=gcc;c;nosys;c;gcc
-- CMAKE_CXX_IMPORT_STD=### Imported target for C++23 standard library
set(CMAKE_CXX23_COMPILER_IMPORT_STD_NOT_FOUND_MESSAGE "Toolchain does not support discovering `import std` support")


### Imported target for C++26 standard library
set(CMAKE_CXX26_COMPILER_IMPORT_STD_NOT_FOUND_MESSAGE "Toolchain does not support discovering `import std` support")



-- CMAKE_CXX_INFORMATION_LOADED=1
-- CMAKE_CXX_LIBRARY_ARCHITECTURE=
-- CMAKE_CXX_LINKER_DEPFILE_FLAGS=LINKER:--dependency-file,<DEP_FILE>
-- CMAKE_CXX_LINKER_DEPFILE_FORMAT=gcc
-- CMAKE_CXX_LINKER_DEPFILE_SUPPORTED=FALSE
-- CMAKE_CXX_LINKER_PREFERENCE=30
-- CMAKE_CXX_LINKER_PREFERENCE_PROPAGATES=1
-- CMAKE_CXX_LINKER_WRAPPER_FLAG=-Wl,
-- CMAKE_CXX_LINKER_WRAPPER_FLAG_SEP=,
-- CMAKE_CXX_LINK_DEPENDS_USE_LINKER=FALSE
-- CMAKE_CXX_LINK_EXECUTABLE=<CMAKE_CXX_COMPILER> <FLAGS> <CMAKE_CXX_LINK_FLAGS> <LINK_FLAGS> <OBJECTS> -o <TARGET> <LINK_LIBRARIES>
-- CMAKE_CXX_LINK_OPTIONS_NO_PIE=-no-pie
-- CMAKE_CXX_LINK_OPTIONS_PIE=-fPIE;-pie
-- CMAKE_CXX_LINK_WHAT_YOU_USE_FLAG=LINKER:--no-as-needed
-- CMAKE_CXX_MODULE_BMI_ONLY_FLAG=-fmodule-only
-- CMAKE_CXX_MODULE_MAP_FLAG=-fmodules-ts -fmodule-mapper=<MODULE_MAP_FILE> -MD -fdeps-format=p1689r5 -x c++
-- CMAKE_CXX_MODULE_MAP_FORMAT=gcc
-- CMAKE_CXX_OUTPUT_EXTENSION=.obj
-- CMAKE_CXX_PLATFORM_ID=
-- CMAKE_CXX_SCANDEP_SOURCE=<CMAKE_CXX_COMPILER> <DEFINES> <INCLUDES> <FLAGS> -E -x c++ <SOURCE> -MT <DYNDEP_FILE> -MD -MF <DEP_FILE> -fmodules-ts -fdeps-file=<DYNDEP_FILE> -fdeps-target=<OBJECT> -fdeps-format=p1689r5 -o <PREPROCESSED_SOURCE>
-- CMAKE_CXX_SIMULATE_ID=
-- CMAKE_CXX_SIMULATE_VERSION=
-- CMAKE_CXX_SIZEOF_DATA_PTR=4
-- CMAKE_CXX_SOURCE_FILE_EXTENSIONS=C;M;c++;cc;cpp;cxx;mm;mpp;CPP;ixx;cppm;ccm;cxxm;c++m
-- CMAKE_CXX_STANDARD_COMPUTED_DEFAULT=17
-- CMAKE_CXX_STANDARD_DEFAULT=17
-- CMAKE_CXX_STANDARD_LATEST=26
-- CMAKE_CXX_STANDARD_LIBRARY=
-- CMAKE_CXX_VERBOSE_FLAG=-v
-- CMAKE_CXX_XCODE_ARCHS=
-- CMAKE_C_ABI_COMPILED=TRUE
-- CMAKE_C_ARCHIVE_APPEND=<CMAKE_AR> q <TARGET> <LINK_FLAGS> <OBJECTS>
-- CMAKE_C_ARCHIVE_APPEND_IPO="/home/v4m3rr/.espressif/tools/xtensa-esp-elf/esp-14.2.0_20260121/xtensa-esp-elf/bin/xtensa-esp32-elf-gcc-ar" q <TARGET> <LINK_FLAGS> <OBJECTS>
-- CMAKE_C_ARCHIVE_CREATE=<CMAKE_AR> qc <TARGET> <LINK_FLAGS> <OBJECTS>
-- CMAKE_C_ARCHIVE_CREATE_IPO="/home/v4m3rr/.espressif/tools/xtensa-esp-elf/esp-14.2.0_20260121/xtensa-esp-elf/bin/xtensa-esp32-elf-gcc-ar" qc <TARGET> <LINK_FLAGS> <OBJECTS>
-- CMAKE_C_ARCHIVE_FINISH=<CMAKE_RANLIB> <TARGET>
-- CMAKE_C_ARCHIVE_FINISH_IPO="/home/v4m3rr/.espressif/tools/xtensa-esp-elf/esp-14.2.0_20260121/xtensa-esp-elf/bin/xtensa-esp32-elf-gcc-ranlib" <TARGET>
-- CMAKE_C_BYTE_ORDER=LITTLE_ENDIAN
-- CMAKE_C_CL_SHOWINCLUDES_PREFIX=
-- CMAKE_C_COMPILER=/home/v4m3rr/.espressif/tools/xtensa-esp-elf/esp-14.2.0_20260121/xtensa-esp-elf/bin/xtensa-esp32-elf-gcc
-- CMAKE_C_COMPILER=/home/v4m3rr/.espressif/tools/xtensa-esp-elf/esp-14.2.0_20260121/xtensa-esp-elf/bin/xtensa-esp32-elf-gcc
-- CMAKE_C_COMPILER_ABI=ELF
-- CMAKE_C_COMPILER_AR=/home/v4m3rr/.espressif/tools/xtensa-esp-elf/esp-14.2.0_20260121/xtensa-esp-elf/bin/xtensa-esp32-elf-gcc-ar
-- CMAKE_C_COMPILER_AR=/home/v4m3rr/.espressif/tools/xtensa-esp-elf/esp-14.2.0_20260121/xtensa-esp-elf/bin/xtensa-esp32-elf-gcc-ar
-- CMAKE_C_COMPILER_ARCHITECTURE_ID=
-- CMAKE_C_COMPILER_ARG1=
-- CMAKE_C_COMPILER_CLANG_RESOURCE_DIR=
-- CMAKE_C_COMPILER_ENV_VAR=CC
-- CMAKE_C_COMPILER_FRONTEND_VARIANT=GNU
-- CMAKE_C_COMPILER_ID=GNU
-- CMAKE_C_COMPILER_ID_PLATFORM_CONTENT=#define STRINGIFY_HELPER(X) #X
#define STRINGIFY(X) STRINGIFY_HELPER(X)

/* Identify known platforms by name.  */
#if defined(__linux) || defined(__linux__) || defined(linux)
# define PLATFORM_ID "Linux"

#elif defined(__MSYS__)
# define PLATFORM_ID "MSYS"

#elif defined(__CYGWIN__)
# define PLATFORM_ID "Cygwin"

#elif defined(__MINGW32__)
# define PLATFORM_ID "MinGW"

#elif defined(__APPLE__)
# define PLATFORM_ID "Darwin"

#elif defined(_WIN32) || defined(__WIN32__) || defined(WIN32)
# define PLATFORM_ID "Windows"

#elif defined(__FreeBSD__) || defined(__FreeBSD)
# define PLATFORM_ID "FreeBSD"

#elif defined(__NetBSD__) || defined(__NetBSD)
# define PLATFORM_ID "NetBSD"

#elif defined(__OpenBSD__) || defined(__OPENBSD)
# define PLATFORM_ID "OpenBSD"

#elif defined(__sun) || defined(sun)
# define PLATFORM_ID "SunOS"

#elif defined(_AIX) || defined(__AIX) || defined(__AIX__) || defined(__aix) || defined(__aix__)
# define PLATFORM_ID "AIX"

#elif defined(__hpux) || defined(__hpux__)
# define PLATFORM_ID "HP-UX"

#elif defined(__HAIKU__)
# define PLATFORM_ID "Haiku"

#elif defined(__BeOS) || defined(__BEOS__) || defined(_BEOS)
# define PLATFORM_ID "BeOS"

#elif defined(__QNX__) || defined(__QNXNTO__)
# define PLATFORM_ID "QNX"

#elif defined(__tru64) || defined(_tru64) || defined(__TRU64__)
# define PLATFORM_ID "Tru64"

#elif defined(__riscos) || defined(__riscos__)
# define PLATFORM_ID "RISCos"

#elif defined(__sinix) || defined(__sinix__) || defined(__SINIX__)
# define PLATFORM_ID "SINIX"

#elif defined(__UNIX_SV__)
# define PLATFORM_ID "UNIX_SV"

#elif defined(__bsdos__)
# define PLATFORM_ID "BSDOS"

#elif defined(_MPRAS) || defined(MPRAS)
# define PLATFORM_ID "MP-RAS"

#elif defined(__osf) || defined(__osf__)
# define PLATFORM_ID "OSF1"

#elif defined(_SCO_SV) || defined(SCO_SV) || defined(sco_sv)
# define PLATFORM_ID "SCO_SV"

#elif defined(__ultrix) || defined(__ultrix__) || defined(_ULTRIX)
# define PLATFORM_ID "ULTRIX"

#elif defined(__XENIX__) || defined(_XENIX) || defined(XENIX)
# define PLATFORM_ID "Xenix"

#elif defined(__WATCOMC__)
# if defined(__LINUX__)
#  define PLATFORM_ID "Linux"

# elif defined(__DOS__)
#  define PLATFORM_ID "DOS"

# elif defined(__OS2__)
#  define PLATFORM_ID "OS2"

# elif defined(__WINDOWS__)
#  define PLATFORM_ID "Windows3x"

# elif defined(__VXWORKS__)
#  define PLATFORM_ID "VxWorks"

# else /* unknown platform */
#  define PLATFORM_ID
# endif

#elif defined(__INTEGRITY)
# if defined(INT_178B)
#  define PLATFORM_ID "Integrity178"

# else /* regular Integrity */
#  define PLATFORM_ID "Integrity"
# endif

# elif defined(_ADI_COMPILER)
#  define PLATFORM_ID "ADSP"

#else /* unknown platform */
# define PLATFORM_ID

#endif

/* For windows compilers MSVC and Intel we can determine
   the architecture of the compiler being used.  This is because
   the compilers do not have flags that can change the architecture,
   but rather depend on which compiler is being used
*/
#if defined(_WIN32) && defined(_MSC_VER)
# if defined(_M_IA64)
#  define ARCHITECTURE_ID "IA64"

# elif defined(_M_ARM64EC)
#  define ARCHITECTURE_ID "ARM64EC"

# elif defined(_M_X64) || defined(_M_AMD64)
#  define ARCHITECTURE_ID "x64"

# elif defined(_M_IX86)
#  define ARCHITECTURE_ID "X86"

# elif defined(_M_ARM64)
#  define ARCHITECTURE_ID "ARM64"

# elif defined(_M_ARM)
#  if _M_ARM == 4
#   define ARCHITECTURE_ID "ARMV4I"
#  elif _M_ARM == 5
#   define ARCHITECTURE_ID "ARMV5I"
#  else
#   define ARCHITECTURE_ID "ARMV" STRINGIFY(_M_ARM)
#  endif

# elif defined(_M_MIPS)
#  define ARCHITECTURE_ID "MIPS"

# elif defined(_M_SH)
#  define ARCHITECTURE_ID "SHx"

# else /* unknown architecture */
#  define ARCHITECTURE_ID ""
# endif

#elif defined(__WATCOMC__)
# if defined(_M_I86)
#  define ARCHITECTURE_ID "I86"

# elif defined(_M_IX86)
#  define ARCHITECTURE_ID "X86"

# else /* unknown architecture */
#  define ARCHITECTURE_ID ""
# endif

#elif defined(__IAR_SYSTEMS_ICC__) || defined(__IAR_SYSTEMS_ICC)
# if defined(__ICCARM__)
#  define ARCHITECTURE_ID "ARM"

# elif defined(__ICCRX__)
#  define ARCHITECTURE_ID "RX"

# elif defined(__ICCRH850__)
#  define ARCHITECTURE_ID "RH850"

# elif defined(__ICCRL78__)
#  define ARCHITECTURE_ID "RL78"

# elif defined(__ICCRISCV__)
#  define ARCHITECTURE_ID "RISCV"

# elif defined(__ICCAVR__)
#  define ARCHITECTURE_ID "AVR"

# elif defined(__ICC430__)
#  define ARCHITECTURE_ID "MSP430"

# elif defined(__ICCV850__)
#  define ARCHITECTURE_ID "V850"

# elif defined(__ICC8051__)
#  define ARCHITECTURE_ID "8051"

# elif defined(__ICCSTM8__)
#  define ARCHITECTURE_ID "STM8"

# else /* unknown architecture */
#  define ARCHITECTURE_ID ""
# endif

#elif defined(__ghs__)
# if defined(__PPC64__)
#  define ARCHITECTURE_ID "PPC64"

# elif defined(__ppc__)
#  define ARCHITECTURE_ID "PPC"

# elif defined(__ARM__)
#  define ARCHITECTURE_ID "ARM"

# elif defined(__x86_64__)
#  define ARCHITECTURE_ID "x64"

# elif defined(__i386__)
#  define ARCHITECTURE_ID "X86"

# else /* unknown architecture */
#  define ARCHITECTURE_ID ""
# endif

#elif defined(__clang__) && defined(__ti__)
# if defined(__ARM_ARCH)
#  define ARCHITECTURE_ID "Arm"

# else /* unknown architecture */
#  define ARCHITECTURE_ID ""
# endif

#elif defined(__TI_COMPILER_VERSION__)
# if defined(__TI_ARM__)
#  define ARCHITECTURE_ID "ARM"

# elif defined(__MSP430__)
#  define ARCHITECTURE_ID "MSP430"

# elif defined(__TMS320C28XX__)
#  define ARCHITECTURE_ID "TMS320C28x"

# elif defined(__TMS320C6X__) || defined(_TMS320C6X)
#  define ARCHITECTURE_ID "TMS320C6x"

# else /* unknown architecture */
#  define ARCHITECTURE_ID ""
# endif

# elif defined(__ADSPSHARC__)
#  define ARCHITECTURE_ID "SHARC"

# elif defined(__ADSPBLACKFIN__)
#  define ARCHITECTURE_ID "Blackfin"

#elif defined(__TASKING__)

# if defined(__CTC__) || defined(__CPTC__)
#  define ARCHITECTURE_ID "TriCore"

# elif defined(__CMCS__)
#  define ARCHITECTURE_ID "MCS"

# elif defined(__CARM__)
#  define ARCHITECTURE_ID "ARM"

# elif defined(__CARC__)
#  define ARCHITECTURE_ID "ARC"

# elif defined(__C51__)
#  define ARCHITECTURE_ID "8051"

# elif defined(__CPCP__)
#  define ARCHITECTURE_ID "PCP"

# else
#  define ARCHITECTURE_ID ""
# endif

#else
#  define ARCHITECTURE_ID
#endif

/* Convert integer to decimal digit literals.  */
#define DEC(n)                   \
  ('0' + (((n) / 10000000)%10)), \
  ('0' + (((n) / 1000000)%10)),  \
  ('0' + (((n) / 100000)%10)),   \
  ('0' + (((n) / 10000)%10)),    \
  ('0' + (((n) / 1000)%10)),     \
  ('0' + (((n) / 100)%10)),      \
  ('0' + (((n) / 10)%10)),       \
  ('0' +  ((n) % 10))

/* Convert integer to hex digit literals.  */
#define HEX(n)             \
  ('0' + ((n)>>28 & 0xF)), \
  ('0' + ((n)>>24 & 0xF)), \
  ('0' + ((n)>>20 & 0xF)), \
  ('0' + ((n)>>16 & 0xF)), \
  ('0' + ((n)>>12 & 0xF)), \
  ('0' + ((n)>>8  & 0xF)), \
  ('0' + ((n)>>4  & 0xF)), \
  ('0' + ((n)     & 0xF))

/* Construct a string literal encoding the version number. */
#ifdef COMPILER_VERSION
char const* info_version = "INFO" ":" "compiler_version[" COMPILER_VERSION "]";

/* Construct a string literal encoding the version number components. */
#elif defined(COMPILER_VERSION_MAJOR)
char const info_version[] = {
  'I', 'N', 'F', 'O', ':',
  'c','o','m','p','i','l','e','r','_','v','e','r','s','i','o','n','[',
  COMPILER_VERSION_MAJOR,
# ifdef COMPILER_VERSION_MINOR
  '.', COMPILER_VERSION_MINOR,
#  ifdef COMPILER_VERSION_PATCH
   '.', COMPILER_VERSION_PATCH,
#   ifdef COMPILER_VERSION_TWEAK
    '.', COMPILER_VERSION_TWEAK,
#   endif
#  endif
# endif
  ']','\0'};
#endif

/* Construct a string literal encoding the internal version number. */
#ifdef COMPILER_VERSION_INTERNAL
char const info_version_internal[] = {
  'I', 'N', 'F', 'O', ':',
  'c','o','m','p','i','l','e','r','_','v','e','r','s','i','o','n','_',
  'i','n','t','e','r','n','a','l','[',
  COMPILER_VERSION_INTERNAL,']','\0'};
#elif defined(COMPILER_VERSION_INTERNAL_STR)
char const* info_version_internal = "INFO" ":" "compiler_version_internal[" COMPILER_VERSION_INTERNAL_STR "]";
#endif

/* Construct a string literal encoding the version number components. */
#ifdef SIMULATE_VERSION_MAJOR
char const info_simulate_version[] = {
  'I', 'N', 'F', 'O', ':',
  's','i','m','u','l','a','t','e','_','v','e','r','s','i','o','n','[',
  SIMULATE_VERSION_MAJOR,
# ifdef SIMULATE_VERSION_MINOR
  '.', SIMULATE_VERSION_MINOR,
#  ifdef SIMULATE_VERSION_PATCH
   '.', SIMULATE_VERSION_PATCH,
#   ifdef SIMULATE_VERSION_TWEAK
    '.', SIMULATE_VERSION_TWEAK,
#   endif
#  endif
# endif
  ']','\0'};
#endif

/* Construct the string literal in pieces to prevent the source from
   getting matched.  Store it in a pointer rather than an array
   because some compilers will just produce instructions to fill the
   array rather than assigning a pointer to a static array.  */
char const* info_platform = "INFO" ":" "platform[" PLATFORM_ID "]";
char const* info_arch = "INFO" ":" "arch[" ARCHITECTURE_ID "]";

-- CMAKE_C_COMPILER_ID_RUN=1
-- CMAKE_C_COMPILER_ID_TEST_FLAGS=-c;-Aa;-D__CLASSIC_C__;--target=arm-arm-none-eabi -mcpu=cortex-m3;-c -I__does_not_exist__
-- CMAKE_C_COMPILER_ID_TOOL_MATCH_INDEX=2
-- CMAKE_C_COMPILER_ID_TOOL_MATCH_REGEX=
Ld[^
]*(
[ 	]+[^
]*)*
[ 	]+([^ 	
]+)[^
]*-o[^
]*CompilerIdC/(\./)?(CompilerIdC.(framework|xctest|build/[^ 	
]+)/)?CompilerIdC[ 	
\"]
-- CMAKE_C_COMPILER_ID_VENDORS=IAR
-- CMAKE_C_COMPILER_ID_VENDOR_REGEX_IAR=IAR .+ Compiler
-- CMAKE_C_COMPILER_LINKER=NOTFOUND
-- CMAKE_C_COMPILER_LINKER_ID=
-- CMAKE_C_COMPILER_LOADED=1
-- CMAKE_C_COMPILER_NAMES=cc
-- CMAKE_C_COMPILER_PRODUCED_FILES=a.out
-- CMAKE_C_COMPILER_PRODUCED_OUTPUT=
-- CMAKE_C_COMPILER_RANLIB=/home/v4m3rr/.espressif/tools/xtensa-esp-elf/esp-14.2.0_20260121/xtensa-esp-elf/bin/xtensa-esp32-elf-gcc-ranlib
-- CMAKE_C_COMPILER_RANLIB=/home/v4m3rr/.espressif/tools/xtensa-esp-elf/esp-14.2.0_20260121/xtensa-esp-elf/bin/xtensa-esp32-elf-gcc-ranlib
-- CMAKE_C_COMPILER_SYSROOT=/home/v4m3rr/.espressif/tools/xtensa-esp-elf/esp-14.2.0_20260121/xtensa-esp-elf/bin/../xtensa-esp-elf/usr
-- CMAKE_C_COMPILER_VERSION=14.2.0
-- CMAKE_C_COMPILER_VERSION_INTERNAL=
-- CMAKE_C_COMPILER_WORKS=TRUE
-- CMAKE_C_COMPILER_WRAPPER=
-- CMAKE_C_COMPILE_FEATURES=c_std_90;c_function_prototypes;c_std_99;c_restrict;c_variadic_macros;c_std_11;c_static_assert;c_std_17;c_std_23
-- CMAKE_C_COMPILE_OBJECT=<CMAKE_C_COMPILER> <DEFINES> <INCLUDES> <FLAGS> -o <OBJECT> -c <SOURCE>
-- CMAKE_C_COMPILE_OPTIONS_COLOR_DIAGNOSTICS=-fdiagnostics-color=always
-- CMAKE_C_COMPILE_OPTIONS_COLOR_DIAGNOSTICS_OFF=-fno-diagnostics-color
-- CMAKE_C_COMPILE_OPTIONS_CREATE_PCH=-x;c-header;-include;<PCH_HEADER>
-- CMAKE_C_COMPILE_OPTIONS_EXPLICIT_LANGUAGE=-x;c
-- CMAKE_C_COMPILE_OPTIONS_INVALID_PCH=-Winvalid-pch
-- CMAKE_C_COMPILE_OPTIONS_IPO=-flto=auto;-fno-fat-lto-objects
-- CMAKE_C_COMPILE_OPTIONS_PIC=-fPIC
-- CMAKE_C_COMPILE_OPTIONS_PIE=-fPIE
-- CMAKE_C_COMPILE_OPTIONS_SYSROOT=--sysroot=
-- CMAKE_C_COMPILE_OPTIONS_USE_PCH=-include;<PCH_HEADER>
-- CMAKE_C_COMPILE_OPTIONS_VISIBILITY=-fvisibility=
-- CMAKE_C_COMPILE_OPTIONS_WARNING_AS_ERROR=-Werror
-- CMAKE_C_CREATE_ASSEMBLY_SOURCE=<CMAKE_C_COMPILER> <DEFINES> <INCLUDES> <FLAGS> -S <SOURCE> -o <ASSEMBLY_SOURCE>
-- CMAKE_C_CREATE_PREPROCESSED_SOURCE=<CMAKE_C_COMPILER> <DEFINES> <INCLUDES> <FLAGS> -E <SOURCE> > <PREPROCESSED_SOURCE>
-- CMAKE_C_CREATE_SHARED_LIBRARY=<CMAKE_C_COMPILER> <CMAKE_SHARED_LIBRARY_C_FLAGS> <LANGUAGE_COMPILE_FLAGS> <LINK_FLAGS> <CMAKE_SHARED_LIBRARY_CREATE_C_FLAGS> <SONAME_FLAG><TARGET_SONAME> -o <TARGET> <OBJECTS> <LINK_LIBRARIES>
-- CMAKE_C_CREATE_SHARED_MODULE=<CMAKE_C_COMPILER> <CMAKE_SHARED_LIBRARY_C_FLAGS> <LANGUAGE_COMPILE_FLAGS> <LINK_FLAGS> <CMAKE_SHARED_LIBRARY_CREATE_C_FLAGS> <SONAME_FLAG><TARGET_SONAME> -o <TARGET> <OBJECTS> <LINK_LIBRARIES>
-- CMAKE_C_EXTENSIONS_COMPUTED_DEFAULT=ON
-- CMAKE_C_EXTENSIONS_DEFAULT=ON
-- CMAKE_C_FLAGS=@"/home/v4m3rr/Projects/wolf_client/build/toolchain/cflags" -DWOLFSSL_USER_SETTINGS -DWOLFSSL_CMAKE_SYSTEM_NAME_LINUX -DWOLFSSL_CMAKE_REQUIRED_ESP_TLS=1 -DWOLFSSL_MULTI_INSTALL_WARNING
-- CMAKE_C_FLAGS=@"/home/v4m3rr/Projects/wolf_client/build/toolchain/cflags" -DWOLFSSL_USER_SETTINGS -DWOLFSSL_CMAKE_SYSTEM_NAME_LINUX -DWOLFSSL_CMAKE_REQUIRED_ESP_TLS=1 -DWOLFSSL_MULTI_INSTALL_WARNING
-- CMAKE_C_FLAGS_DEBUG=-g
-- CMAKE_C_FLAGS_DEBUG_INIT= -g
-- CMAKE_C_FLAGS_INIT=  
-- CMAKE_C_FLAGS_MINSIZEREL=-Os -DNDEBUG
-- CMAKE_C_FLAGS_MINSIZEREL_INIT= -Os -DNDEBUG
-- CMAKE_C_FLAGS_RELEASE=-O3 -DNDEBUG
-- CMAKE_C_FLAGS_RELEASE_INIT= -O3 -DNDEBUG
-- CMAKE_C_FLAGS_RELWITHDEBINFO=-O2 -g -DNDEBUG
-- CMAKE_C_FLAGS_RELWITHDEBINFO_INIT= -O2 -g -DNDEBUG
-- CMAKE_C_IGNORE_EXTENSIONS=h;H;o;O;obj;OBJ;def;DEF;rc;RC
-- CMAKE_C_IMPLICIT_INCLUDE_DIRECTORIES=/home/v4m3rr/.espressif/tools/xtensa-esp-elf/esp-14.2.0_20260121/xtensa-esp-elf/lib/gcc/xtensa-esp-elf/14.2.0/include;/home/v4m3rr/.espressif/tools/xtensa-esp-elf/esp-14.2.0_20260121/xtensa-esp-elf/lib/gcc/xtensa-esp-elf/14.2.0/include-fixed;/home/v4m3rr/.espressif/tools/xtensa-esp-elf/esp-14.2.0_20260121/xtensa-esp-elf/xtensa-esp-elf/include
-- CMAKE_C_IMPLICIT_LINK_DIRECTORIES=/home/v4m3rr/.espressif/tools/xtensa-esp-elf/esp-14.2.0_20260121/xtensa-esp-elf/lib/gcc/xtensa-esp-elf/14.2.0/esp32/no-rtti;/home/v4m3rr/.espressif/tools/xtensa-esp-elf/esp-14.2.0_20260121/xtensa-esp-elf/xtensa-esp-elf/lib/esp32/no-rtti;/home/v4m3rr/.espressif/tools/xtensa-esp-elf/esp-14.2.0_20260121/xtensa-esp-elf/lib/gcc/xtensa-esp-elf/14.2.0;/home/v4m3rr/.espressif/tools/xtensa-esp-elf/esp-14.2.0_20260121/xtensa-esp-elf/lib/gcc;/home/v4m3rr/.espressif/tools/xtensa-esp-elf/esp-14.2.0_20260121/xtensa-esp-elf/xtensa-esp-elf/lib;/home/v4m3rr/.espressif/tools/xtensa-esp-elf/esp-14.2.0_20260121/xtensa-esp-elf/xtensa-esp-elf/usr/lib
-- CMAKE_C_IMPLICIT_LINK_FRAMEWORK_DIRECTORIES=
-- CMAKE_C_IMPLICIT_LINK_LIBRARIES=gcc;c;nosys;c;gcc
-- CMAKE_C_INFORMATION_LOADED=1
-- CMAKE_C_LIBRARY_ARCHITECTURE=
-- CMAKE_C_LINKER_DEPFILE_FLAGS=LINKER:--dependency-file,<DEP_FILE>
-- CMAKE_C_LINKER_DEPFILE_FORMAT=gcc
-- CMAKE_C_LINKER_DEPFILE_SUPPORTED=FALSE
-- CMAKE_C_LINKER_PREFERENCE=10
-- CMAKE_C_LINKER_WRAPPER_FLAG=-Wl,
-- CMAKE_C_LINKER_WRAPPER_FLAG_SEP=,
-- CMAKE_C_LINK_DEPENDS_USE_LINKER=FALSE
-- CMAKE_C_LINK_EXECUTABLE=<CMAKE_C_COMPILER> <FLAGS> <CMAKE_C_LINK_FLAGS> <LINK_FLAGS> <OBJECTS> -o <TARGET> <LINK_LIBRARIES>
-- CMAKE_C_LINK_OPTIONS_NO_PIE=-no-pie
-- CMAKE_C_LINK_OPTIONS_PIE=-fPIE;-pie
-- CMAKE_C_LINK_WHAT_YOU_USE_FLAG=LINKER:--no-as-needed
-- CMAKE_C_OUTPUT_EXTENSION=.obj
-- CMAKE_C_PLATFORM_ID=
-- CMAKE_C_SIMULATE_ID=
-- CMAKE_C_SIMULATE_VERSION=
-- CMAKE_C_SIZEOF_DATA_PTR=4
-- CMAKE_C_SOURCE_FILE_EXTENSIONS=c;m
-- CMAKE_C_STANDARD_COMPUTED_DEFAULT=17
-- CMAKE_C_STANDARD_DEFAULT=17
-- CMAKE_C_STANDARD_LATEST=23
-- CMAKE_C_STANDARD_LIBRARY=
-- CMAKE_C_VERBOSE_FLAG=-v
-- CMAKE_C_XCODE_ARCHS=
-- CMAKE_DEPFILE_FLAGS_ASM=-MD -MT <DEP_TARGET> -MF <DEP_FILE>
-- CMAKE_DEPFILE_FLAGS_C=-MD -MT <DEP_TARGET> -MF <DEP_FILE>
-- CMAKE_DEPFILE_FLAGS_CXX=-MD -MT <DEP_TARGET> -MF <DEP_FILE>
-- CMAKE_DLLTOOL=CMAKE_DLLTOOL-NOTFOUND
-- CMAKE_DL_LIBS=dl
-- CMAKE_EFFECTIVE_SYSTEM_NAME=Generic
-- CMAKE_EXECUTABLE_FORMAT=ELF
-- CMAKE_EXECUTABLE_SUFFIX=
-- CMAKE_EXE_LINKER_FLAGS=@"/home/v4m3rr/Projects/wolf_client/build/toolchain/ldflags"
-- CMAKE_EXE_LINKER_FLAGS_DEBUG=
-- CMAKE_EXE_LINKER_FLAGS_INIT=  
-- CMAKE_EXE_LINKER_FLAGS_MINSIZEREL=
-- CMAKE_EXE_LINKER_FLAGS_RELEASE=
-- CMAKE_EXE_LINKER_FLAGS_RELWITHDEBINFO=
-- CMAKE_EXPORT_COMPILE_COMMANDS=ON
-- CMAKE_EXPORT_COMPILE_COMMANDS=ON
-- CMAKE_EXTRA_GENERATOR=
-- CMAKE_FILES_DIRECTORY=/CMakeFiles
-- CMAKE_FIND_LIBRARY_PREFIXES=lib
-- CMAKE_FIND_LIBRARY_SUFFIXES=.so;.a
-- CMAKE_FIND_PACKAGE_REDIRECTS_DIR=/home/v4m3rr/Projects/wolf_client/build/CMakeFiles/pkgRedirects
-- CMAKE_GENERATOR=Ninja
-- CMAKE_GENERATOR_INSTANCE=
-- CMAKE_GENERATOR_PLATFORM=
-- CMAKE_GENERATOR_TOOLSET=
-- CMAKE_HAVE_LIBC_PTHREAD=1
-- CMAKE_HOME_DIRECTORY=/home/v4m3rr/Projects/wolf_client
-- CMAKE_HOST_LINUX=1
-- CMAKE_HOST_SYSTEM=Linux-7.1.5-201.fc44.x86_64
-- CMAKE_HOST_SYSTEM_NAME=Linux
-- CMAKE_HOST_SYSTEM_PROCESSOR=x86_64
-- CMAKE_HOST_SYSTEM_VERSION=7.1.5-201.fc44.x86_64
-- CMAKE_HOST_UNIX=1
-- CMAKE_INCLUDE_FLAG_ASM=-I
-- CMAKE_INCLUDE_FLAG_C=-I
-- CMAKE_INCLUDE_FLAG_CXX=-I
-- CMAKE_INCLUDE_SYSTEM_FLAG_ASM=-isystem 
-- CMAKE_INCLUDE_SYSTEM_FLAG_C=-isystem 
-- CMAKE_INCLUDE_SYSTEM_FLAG_CXX=-isystem 
-- CMAKE_INSTALL_BINDIR=bin
-- CMAKE_INSTALL_DATADIR=
-- CMAKE_INSTALL_DATAROOTDIR=share
-- CMAKE_INSTALL_DEFAULT_COMPONENT_NAME=Unspecified
-- CMAKE_INSTALL_DOCDIR=
-- CMAKE_INSTALL_INCLUDEDIR=include
-- CMAKE_INSTALL_INFODIR=
-- CMAKE_INSTALL_LIBDIR=lib
-- CMAKE_INSTALL_LIBEXECDIR=libexec
-- CMAKE_INSTALL_LOCALEDIR=
-- CMAKE_INSTALL_LOCALSTATEDIR=var
-- CMAKE_INSTALL_MANDIR=
-- CMAKE_INSTALL_OLDINCLUDEDIR=/usr/include
-- CMAKE_INSTALL_PREFIX=/usr/local
-- CMAKE_INSTALL_PREFIX_INITIALIZED_TO_DEFAULT=1
-- CMAKE_INSTALL_RUNSTATEDIR=
-- CMAKE_INSTALL_SBINDIR=sbin
-- CMAKE_INSTALL_SHAREDSTATEDIR=com
-- CMAKE_INSTALL_SYSCONFDIR=etc
-- CMAKE_INTERNAL_PLATFORM_ABI=ELF
-- CMAKE_LIBRARY_PATH_FLAG=-L
-- CMAKE_LIBRARY_PATH_TERMINATOR=
-- CMAKE_LINKER=/home/v4m3rr/.espressif/tools/xtensa-esp-elf/esp-14.2.0_20260121/xtensa-esp-elf/bin/xtensa-esp32-elf-ld
-- CMAKE_LINKER=/home/v4m3rr/.espressif/tools/xtensa-esp-elf/esp-14.2.0_20260121/xtensa-esp-elf/bin/xtensa-esp32-elf-ld
-- CMAKE_LINKER_LINK=
-- CMAKE_LINKER_LLD=
-- CMAKE_LINK_LIBRARY_FLAG=-l
-- CMAKE_LINK_LIBRARY_SUFFIX=
-- CMAKE_LINK_LIBRARY_USING_DEFAULT_SUPPORTED=TRUE
-- CMAKE_LINK_WHAT_YOU_USE_CHECK=ldd;-u;-r
-- CMAKE_MAJOR_VERSION=3
-- CMAKE_MAKE_PROGRAM=/home/v4m3rr/.espressif/tools/ninja/1.12.1/ninja
-- CMAKE_MATCH_0=
-- CMAKE_MATCH_1=
-- CMAKE_MATCH_COUNT=0
-- CMAKE_MINIMUM_REQUIRED_VERSION=3.16
-- CMAKE_MINOR_VERSION=30
-- CMAKE_MODULE_LINKER_FLAGS=
-- CMAKE_MODULE_LINKER_FLAGS_DEBUG=
-- CMAKE_MODULE_LINKER_FLAGS_INIT=  
-- CMAKE_MODULE_LINKER_FLAGS_MINSIZEREL=
-- CMAKE_MODULE_LINKER_FLAGS_RELEASE=
-- CMAKE_MODULE_LINKER_FLAGS_RELWITHDEBINFO=
-- CMAKE_MODULE_PATH=/home/v4m3rr/.espressif/v5.5.5/esp-idf/tools/cmake;/home/v4m3rr/.espressif/v5.5.5/esp-idf/tools/cmake/third_party
-- CMAKE_MT=
-- CMAKE_NM=/home/v4m3rr/.espressif/tools/xtensa-esp-elf/esp-14.2.0_20260121/xtensa-esp-elf/bin/xtensa-esp32-elf-nm
-- CMAKE_OBJCOPY=/home/v4m3rr/.espressif/tools/xtensa-esp-elf/esp-14.2.0_20260121/xtensa-esp-elf/bin/xtensa-esp32-elf-objcopy
-- CMAKE_OBJDUMP=/home/v4m3rr/.espressif/tools/xtensa-esp-elf/esp-14.2.0_20260121/xtensa-esp-elf/bin/xtensa-esp32-elf-objdump
-- CMAKE_PARENT_LIST_FILE=/home/v4m3rr/Projects/wolf_client/components/wolfssl/CMakeLists.txt
-- CMAKE_PATCH_VERSION=2
-- CMAKE_PCH_EXTENSION=.gch
-- CMAKE_PCH_PROLOGUE=#pragma GCC system_header
-- CMAKE_PLATFORM_INFO_DIR=/home/v4m3rr/Projects/wolf_client/build/CMakeFiles/3.30.2
-- CMAKE_PLATFORM_INFO_INITIALIZED=1
-- CMAKE_PROJECT_DESCRIPTION=
-- CMAKE_PROJECT_HOMEPAGE_URL=
-- CMAKE_PROJECT_NAME=wolfssl_template
-- CMAKE_PROJECT_VERSION=3.6.6
-- CMAKE_PROJECT_VERSION_MAJOR=3
-- CMAKE_PROJECT_VERSION_MINOR=6
-- CMAKE_PROJECT_VERSION_PATCH=6
-- CMAKE_PROJECT_VERSION_TWEAK=
-- CMAKE_RANLIB=/home/v4m3rr/.espressif/tools/xtensa-esp-elf/esp-14.2.0_20260121/xtensa-esp-elf/bin/xtensa-esp32-elf-ranlib
-- CMAKE_RANLIB=/home/v4m3rr/.espressif/tools/xtensa-esp-elf/esp-14.2.0_20260121/xtensa-esp-elf/bin/xtensa-esp32-elf-ranlib
-- CMAKE_READELF=/home/v4m3rr/.espressif/tools/xtensa-esp-elf/esp-14.2.0_20260121/xtensa-esp-elf/bin/xtensa-esp32-elf-readelf
-- CMAKE_ROOT=/home/v4m3rr/.espressif/tools/cmake/3.30.2/share/cmake-3.30
-- CMAKE_SHARED_LIBRARY_ASM_FLAGS=-fPIC
-- CMAKE_SHARED_LIBRARY_CREATE_ASM_FLAGS=-shared
-- CMAKE_SHARED_LIBRARY_CREATE_CXX_FLAGS=-shared
-- CMAKE_SHARED_LIBRARY_CREATE_C_FLAGS=-shared
-- CMAKE_SHARED_LIBRARY_CXX_FLAGS=-fPIC
-- CMAKE_SHARED_LIBRARY_C_FLAGS=-fPIC
-- CMAKE_SHARED_LIBRARY_LINK_C_FLAGS=
-- CMAKE_SHARED_LIBRARY_PREFIX=lib
-- CMAKE_SHARED_LIBRARY_RUNTIME_C_FLAG=
-- CMAKE_SHARED_LIBRARY_RUNTIME_C_FLAG_SEP=
-- CMAKE_SHARED_LIBRARY_SUFFIX=.so
-- CMAKE_SHARED_LINKER_FLAGS=
-- CMAKE_SHARED_LINKER_FLAGS_DEBUG=
-- CMAKE_SHARED_LINKER_FLAGS_INIT=  
-- CMAKE_SHARED_LINKER_FLAGS_MINSIZEREL=
-- CMAKE_SHARED_LINKER_FLAGS_RELEASE=
-- CMAKE_SHARED_LINKER_FLAGS_RELWITHDEBINFO=
-- CMAKE_SHARED_MODULE_CREATE_CXX_FLAGS=-shared
-- CMAKE_SHARED_MODULE_CREATE_C_FLAGS=-shared
-- CMAKE_SHARED_MODULE_CXX_FLAGS=-fPIC
-- CMAKE_SHARED_MODULE_C_FLAGS=-fPIC
-- CMAKE_SHARED_MODULE_PREFIX=lib
-- CMAKE_SHARED_MODULE_SUFFIX=.so
-- CMAKE_SIZEOF_VOID_P=4
-- CMAKE_SKIP_INSTALL_RPATH=NO
-- CMAKE_SKIP_RPATH=NO
-- CMAKE_SOURCE_DIR=/home/v4m3rr/Projects/wolf_client
-- CMAKE_STATIC_LIBRARY_PREFIX=lib
-- CMAKE_STATIC_LIBRARY_SUFFIX=.a
-- CMAKE_STATIC_LINKER_FLAGS=
-- CMAKE_STATIC_LINKER_FLAGS_DEBUG=
-- CMAKE_STATIC_LINKER_FLAGS_MINSIZEREL=
-- CMAKE_STATIC_LINKER_FLAGS_RELEASE=
-- CMAKE_STATIC_LINKER_FLAGS_RELWITHDEBINFO=
-- CMAKE_STRIP=/home/v4m3rr/.espressif/tools/xtensa-esp-elf/esp-14.2.0_20260121/xtensa-esp-elf/bin/xtensa-esp32-elf-strip
-- CMAKE_SYSTEM=Generic
-- CMAKE_SYSTEM_INCLUDE_PATH=/include
-- CMAKE_SYSTEM_INFO_FILE=Platform/Generic
-- CMAKE_SYSTEM_LIBRARY_PATH=/lib
-- CMAKE_SYSTEM_LOADED=1
-- CMAKE_SYSTEM_NAME=Generic
-- CMAKE_SYSTEM_PROCESSOR=
-- CMAKE_SYSTEM_PROGRAM_PATH=/bin
-- CMAKE_SYSTEM_SPECIFIC_INFORMATION_LOADED=1
-- CMAKE_SYSTEM_SPECIFIC_INITIALIZE_LOADED=1
-- CMAKE_SYSTEM_VERSION=
-- CMAKE_TAPI=CMAKE_TAPI-NOTFOUND
-- CMAKE_TAPI=CMAKE_TAPI-NOTFOUND
-- CMAKE_TOOLCHAIN_FILE=/home/v4m3rr/Projects/wolf_client/build/toolchain/toolchain-esp32.cmake
-- CMAKE_TOOLCHAIN_FILE=/home/v4m3rr/Projects/wolf_client/build/toolchain/toolchain-esp32.cmake
-- CMAKE_TWEAK_VERSION=0
-- CMAKE_UNAME=/usr/bin/uname
-- CMAKE_VERBOSE_MAKEFILE=FALSE
-- CMAKE_VERSION=3.30.2
-- COMPILE_DEFINITIONS=_GLIBCXX_USE_POSIX_SEMAPHORE;_GLIBCXX_HAVE_POSIX_SEMAPHORE;_GNU_SOURCE;IDF_VER="v5.5.5";ESP_PLATFORM
-- COMPILE_OPTIONS=-ffunction-sections;-fdata-sections;-Wall;-Werror;-Wno-error=unused-function;-Wno-error=unused-variable;-Wno-error=unused-but-set-variable;-Wno-error=deprecated-declarations;-Wextra;-Wno-error=extra;-Wno-unused-parameter;-Wno-sign-compare;-Wno-enum-conversion;-gdwarf-4;-ggdb
-- COMPONENT_ADD_INCLUDEDIRS=./include\;/home/v4m3rr/.builds/wolfssl/\;/home/v4m3rr/.builds/wolfssl/wolfssl/\;/home/v4m3rr/.builds/wolfssl/wolfssl/wolfcrypt/\;/home/v4m3rr/.builds/wolfssl/wolfssl/wolfcrypt/port/Espressif\;/home/v4m3rr/.espressif/v5.5.5/esp-idf/components/freertos/FreeRTOS-Kernel/include/freertos/\;/home/v4m3rr/.espressif/v5.5.5/esp-idf/components/esp_event/include\;/home/v4m3rr/.espressif/v5.5.5/esp-idf/components/esp_netif/include\;/home/v4m3rr/.espressif/v5.5.5/esp-idf/components/esp_wifi/include\;/home/v4m3rr/.builds/wolfssl/wolfssl/\;/home/v4m3rr/.builds/wolfssl/wolfssl/wolfcrypt/
-- COMPONENT_ALIAS=idf::wolfssl
-- COMPONENT_DIR=/home/v4m3rr/Projects/wolf_client/components/wolfssl
-- COMPONENT_LIB=__idf_wolfssl
-- COMPONENT_NAME=wolfssl
-- COMPONENT_PATH=/home/v4m3rr/Projects/wolf_client/components/wolfssl
-- COMPONENT_REQUIRES=lwip;
-- COMPONENT_SRCDIRS=/home/v4m3rr/.builds/wolfssl/src/\;/home/v4m3rr/.builds/wolfssl/wolfcrypt/src\;/home/v4m3rr/.builds/wolfssl/wolfcrypt/src/port/Espressif\;/home/v4m3rr/.builds/wolfssl/wolfcrypt/src/port/Espressif/esp_crt_bundle\;/home/v4m3rr/.builds/wolfssl/wolfcrypt/src/port/atmel\;/home/v4m3rr/.builds/wolfssl/src/
-- COMPONENT_SRCEXCLUDE=/home/v4m3rr/.builds/wolfssl/src/bio.c\;/home/v4m3rr/.builds/wolfssl/src/conf.c\;/home/v4m3rr/.builds/wolfssl/src/misc.c\;/home/v4m3rr/.builds/wolfssl/src/pk.c\;/home/v4m3rr/.builds/wolfssl/src/ssl_asn1.c\;/home/v4m3rr/.builds/wolfssl/src/ssl_bn.c\;/home/v4m3rr/.builds/wolfssl/src/ssl_certman.c\;/home/v4m3rr/.builds/wolfssl/src/ssl_crypto.c\;/home/v4m3rr/.builds/wolfssl/src/ssl_load.c\;/home/v4m3rr/.builds/wolfssl/src/ssl_misc.c\;/home/v4m3rr/.builds/wolfssl/src/ssl_p7p12.c\;/home/v4m3rr/.builds/wolfssl/src/ssl_sess.c\;/home/v4m3rr/.builds/wolfssl/src/ssl_sk.c\;/home/v4m3rr/.builds/wolfssl/src/x509.c\;/home/v4m3rr/.builds/wolfssl/src/x509_str.c\;/home/v4m3rr/.builds/wolfssl/wolfcrypt/src/ext_kyber.c\;/home/v4m3rr/.builds/wolfssl/wolfssl/wolfcrypt/ext_kyber.h\;/home/v4m3rr/.builds/wolfssl/wolfcrypt/src/evp.c\;/home/v4m3rr/.builds/wolfssl/wolfcrypt/src/misc.c\;/home/v4m3rr/.builds/wolfssl/wolfcrypt/src/sp_sm2_arm32.c\;/home/v4m3rr/.builds/wolfssl/wolfcrypt/src/sp_sm2_arm64.c\;/home/v4m3rr/.builds/wolfssl/wolfcrypt/src/sp_sm2_armthumb.c\;/home/v4m3rr/.builds/wolfssl/wolfcrypt/src/sp_sm2_c32.c\;/home/v4m3rr/.builds/wolfssl/wolfcrypt/src/sp_sm2_c64.c\;/home/v4m3rr/.builds/wolfssl/wolfcrypt/src/sp_sm2_cortexm.c\;/home/v4m3rr/.builds/wolfssl/wolfcrypt/src/sp_sm2_x86_64.c\;/home/v4m3rr/.builds/wolfssl/wolfcrypt/src/sp_sm2_x86_64_asm.S\;/home/v4m3rr/.builds/wolfssl/examples\;/home/v4m3rr/.builds/wolfssl/wolfcrypt/src/aes_asm.S\;/home/v4m3rr/.builds/wolfssl/wolfcrypt/src/aes_gcm_asm.S\;/home/v4m3rr/.builds/wolfssl/wolfcrypt/src/aes_gcm_x86_asm.S\;/home/v4m3rr/.builds/wolfssl/wolfcrypt/src/aes_x86_64_asm.S\;/home/v4m3rr/.builds/wolfssl/wolfcrypt/src/aes_xts_asm.S\;/home/v4m3rr/.builds/wolfssl/wolfcrypt/src/chacha_asm.S\;/home/v4m3rr/.builds/wolfssl/wolfcrypt/src/fe_x25519_asm.S\;/home/v4m3rr/.builds/wolfssl/wolfcrypt/src/poly1305_asm.S\;/home/v4m3rr/.builds/wolfssl/wolfcrypt/src/sha256_asm.S\;/home/v4m3rr/.builds/wolfssl/wolfcrypt/src/sha3_asm.S\;/home/v4m3rr/.builds/wolfssl/wolfcrypt/src/sha512_asm.S\;/home/v4m3rr/.builds/wolfssl/wolfcrypt/src/sm3_asm.S\;/home/v4m3rr/.builds/wolfssl/wolfcrypt/src/sp_sm2_x86_64_asm.S\;/home/v4m3rr/.builds/wolfssl/wolfcrypt/src/sp_x86_64_asm.S\;/home/v4m3rr/.builds/wolfssl/wolfcrypt/src/wc_falcon_fpr_x86_64_asm.S\;/home/v4m3rr/.builds/wolfssl/wolfcrypt/src/wc_frodokem_asm.S\;/home/v4m3rr/.builds/wolfssl/wolfcrypt/src/wc_mldsa_asm.S\;/home/v4m3rr/.builds/wolfssl/wolfcrypt/src/wc_mlkem_asm.S\;/home/v4m3rr/Projects/wolf_client
-- COMPONENT_TARGET=__idf_wolfssl
-- CONFIGS_LIST = CONFIG_SOC_CAPS_ECO_VER_MAX;CONFIG_SOC_ADC_SUPPORTED;CONFIG_SOC_DAC_SU ... (truncated)
-- CONFIG_ADC2_DISABLE_DAC=y
-- CONFIG_ADC_CALI_EFUSE_TP_ENABLE=y
-- CONFIG_ADC_CALI_EFUSE_VREF_ENABLE=y
-- CONFIG_ADC_CALI_LUT_ENABLE=y
-- CONFIG_ADC_CALI_SUPPRESS_DEPRECATE_WARN=
-- CONFIG_ADC_CAL_EFUSE_TP_ENABLE=y
-- CONFIG_ADC_CAL_EFUSE_VREF_ENABLE=y
-- CONFIG_ADC_CAL_LUT_ENABLE=y
-- CONFIG_ADC_CONTINUOUS_ISR_IRAM_SAFE=
-- CONFIG_ADC_DISABLE_DAC=y
-- CONFIG_ADC_DISABLE_DAC_OUTPUT=y
-- CONFIG_ADC_ENABLE_DEBUG_LOG=
-- CONFIG_ADC_ONESHOT_CTRL_FUNC_IN_IRAM=
-- CONFIG_ADC_SKIP_LEGACY_CONFLICT_CHECK=
-- CONFIG_ADC_SUPPRESS_DEPRECATE_WARN=
-- CONFIG_APPTRACE_DEST_JTAG=
-- CONFIG_APPTRACE_DEST_NONE=y
-- CONFIG_APPTRACE_DEST_UART1=
-- CONFIG_APPTRACE_DEST_UART2=
-- CONFIG_APPTRACE_DEST_UART_NONE=y
-- CONFIG_APPTRACE_LOCK_ENABLE=y
-- CONFIG_APPTRACE_UART_TASK_PRIO=1
-- CONFIG_APP_BUILD_BOOTLOADER=y
-- CONFIG_APP_BUILD_GENERATE_BINARIES=y
-- CONFIG_APP_BUILD_TYPE_APP_2NDBOOT=y
-- CONFIG_APP_BUILD_TYPE_ELF_RAM=
-- CONFIG_APP_BUILD_TYPE_RAM=
-- CONFIG_APP_BUILD_USE_FLASH_SECTIONS=y
-- CONFIG_APP_COMPATIBLE_PRE_V2_1_BOOTLOADERS=
-- CONFIG_APP_COMPATIBLE_PRE_V3_1_BOOTLOADERS=
-- CONFIG_APP_COMPILE_TIME_DATE=y
-- CONFIG_APP_EXCLUDE_PROJECT_NAME_VAR=
-- CONFIG_APP_EXCLUDE_PROJECT_VER_VAR=
-- CONFIG_APP_NO_BLOBS=
-- CONFIG_APP_PROJECT_VER_FROM_CONFIG=
-- CONFIG_APP_REPRODUCIBLE_BUILD=
-- CONFIG_APP_RETRIEVE_LEN_ELF_SHA=9
-- CONFIG_APP_ROLLBACK_ENABLE=
-- CONFIG_BLE_LOG_ENABLED=
-- CONFIG_BOOTLOADER_APP_ROLLBACK_ENABLE=
-- CONFIG_BOOTLOADER_APP_TEST=
-- CONFIG_BOOTLOADER_COMPILER_OPTIMIZATION_DEBUG=
-- CONFIG_BOOTLOADER_COMPILER_OPTIMIZATION_NONE=
-- CONFIG_BOOTLOADER_COMPILER_OPTIMIZATION_PERF=
-- CONFIG_BOOTLOADER_COMPILER_OPTIMIZATION_SIZE=y
-- CONFIG_BOOTLOADER_COMPILE_TIME_DATE=y
-- CONFIG_BOOTLOADER_CUSTOM_RESERVE_RTC=
-- CONFIG_BOOTLOADER_FACTORY_RESET=
-- CONFIG_BOOTLOADER_FLASH_DC_AWARE=
-- CONFIG_BOOTLOADER_FLASH_XMC_SUPPORT=y
-- CONFIG_BOOTLOADER_LOG_COLORS=
-- CONFIG_BOOTLOADER_LOG_LEVEL=3
-- CONFIG_BOOTLOADER_LOG_LEVEL_DEBUG=
-- CONFIG_BOOTLOADER_LOG_LEVEL_ERROR=
-- CONFIG_BOOTLOADER_LOG_LEVEL_INFO=y
-- CONFIG_BOOTLOADER_LOG_LEVEL_NONE=
-- CONFIG_BOOTLOADER_LOG_LEVEL_VERBOSE=
-- CONFIG_BOOTLOADER_LOG_LEVEL_WARN=
-- CONFIG_BOOTLOADER_LOG_MODE_TEXT=y
-- CONFIG_BOOTLOADER_LOG_MODE_TEXT_EN=y
-- CONFIG_BOOTLOADER_LOG_TIMESTAMP_SOURCE_CPU_TICKS=y
-- CONFIG_BOOTLOADER_LOG_VERSION=1
-- CONFIG_BOOTLOADER_LOG_VERSION_1=y
-- CONFIG_BOOTLOADER_OFFSET_IN_FLASH=0x1000
-- CONFIG_BOOTLOADER_PROJECT_VER=1
-- CONFIG_BOOTLOADER_REGION_PROTECTION_ENABLE=y
-- CONFIG_BOOTLOADER_RESERVE_RTC_SIZE=0x0
-- CONFIG_BOOTLOADER_SKIP_VALIDATE_ALWAYS=
-- CONFIG_BOOTLOADER_SKIP_VALIDATE_IN_DEEP_SLEEP=
-- CONFIG_BOOTLOADER_SKIP_VALIDATE_ON_POWER_ON=
-- CONFIG_BOOTLOADER_VDDSDIO_BOOST_1_8V=
-- CONFIG_BOOTLOADER_VDDSDIO_BOOST_1_9V=y
-- CONFIG_BOOTLOADER_WDT_DISABLE_IN_USER_CODE=
-- CONFIG_BOOTLOADER_WDT_ENABLE=y
-- CONFIG_BOOTLOADER_WDT_TIME_MS=9000
-- CONFIG_BROWNOUT_DET=y
-- CONFIG_BROWNOUT_DET_LVL=0
-- CONFIG_BROWNOUT_DET_LVL_SEL_0=y
-- CONFIG_BROWNOUT_DET_LVL_SEL_1=
-- CONFIG_BROWNOUT_DET_LVL_SEL_2=
-- CONFIG_BROWNOUT_DET_LVL_SEL_3=
-- CONFIG_BROWNOUT_DET_LVL_SEL_4=
-- CONFIG_BROWNOUT_DET_LVL_SEL_5=
-- CONFIG_BROWNOUT_DET_LVL_SEL_6=
-- CONFIG_BROWNOUT_DET_LVL_SEL_7=
-- CONFIG_BT_BLE_LOG_SPI_OUT_ENABLED=
-- CONFIG_BT_ENABLED=
-- CONFIG_BT_LE_USED_MEM_STATISTICS_ENABLED=
-- CONFIG_BT_LOG_CRITICAL_ONLY=
-- CONFIG_COMPILER_ASSERT_NDEBUG_EVALUATE=y
-- CONFIG_COMPILER_CXX_EXCEPTIONS=
-- CONFIG_COMPILER_CXX_RTTI=
-- CONFIG_COMPILER_DISABLE_DEFAULT_ERRORS=y
-- CONFIG_COMPILER_DISABLE_GCC12_WARNINGS=
-- CONFIG_COMPILER_DISABLE_GCC13_WARNINGS=
-- CONFIG_COMPILER_DISABLE_GCC14_WARNINGS=
-- CONFIG_COMPILER_DUMP_RTL_FILES=
-- CONFIG_COMPILER_FLOAT_LIB_FROM_GCCLIB=y
-- CONFIG_COMPILER_HIDE_PATHS_MACROS=y
-- CONFIG_COMPILER_NO_MERGE_CONSTANTS=
-- CONFIG_COMPILER_OPTIMIZATION_ASSERTIONS_DISABLE=
-- CONFIG_COMPILER_OPTIMIZATION_ASSERTIONS_ENABLE=y
-- CONFIG_COMPILER_OPTIMIZATION_ASSERTIONS_SILENT=
-- CONFIG_COMPILER_OPTIMIZATION_ASSERTION_LEVEL=2
-- CONFIG_COMPILER_OPTIMIZATION_CHECKS_SILENT=
-- CONFIG_COMPILER_OPTIMIZATION_DEBUG=y
-- CONFIG_COMPILER_OPTIMIZATION_DEFAULT=y
-- CONFIG_COMPILER_OPTIMIZATION_LEVEL_DEBUG=y
-- CONFIG_COMPILER_OPTIMIZATION_LEVEL_RELEASE=
-- CONFIG_COMPILER_OPTIMIZATION_NONE=
-- CONFIG_COMPILER_OPTIMIZATION_PERF=
-- CONFIG_COMPILER_OPTIMIZATION_SIZE=
-- CONFIG_COMPILER_ORPHAN_SECTIONS_PLACE=
-- CONFIG_COMPILER_ORPHAN_SECTIONS_WARNING=y
-- CONFIG_COMPILER_RT_LIB_GCCLIB=y
-- CONFIG_COMPILER_RT_LIB_NAME=gcc
-- CONFIG_COMPILER_STACK_CHECK=y
-- CONFIG_COMPILER_STACK_CHECK_MODE_ALL=
-- CONFIG_COMPILER_STACK_CHECK_MODE_NONE=
-- CONFIG_COMPILER_STACK_CHECK_MODE_NORM=y
-- CONFIG_COMPILER_STACK_CHECK_MODE_STRONG=
-- CONFIG_COMPILER_STATIC_ANALYZER=
-- CONFIG_COMPILER_WARN_WRITE_STRINGS=
-- CONFIG_CONSOLE_SORTED_HELP=
-- CONFIG_CONSOLE_UART=y
-- CONFIG_CONSOLE_UART_BAUDRATE=115200
-- CONFIG_CONSOLE_UART_CUSTOM=
-- CONFIG_CONSOLE_UART_DEFAULT=y
-- CONFIG_CONSOLE_UART_NONE=
-- CONFIG_CONSOLE_UART_NUM=0
-- CONFIG_CUSTOM_SETTING_WOLFSSL_ROOT=~/workspace/wolfssl
-- CONFIG_CXX_EXCEPTIONS=
-- CONFIG_DAC_CTRL_FUNC_IN_IRAM=
-- CONFIG_DAC_DMA_AUTO_16BIT_ALIGN=y
-- CONFIG_DAC_ENABLE_DEBUG_LOG=
-- CONFIG_DAC_ISR_IRAM_SAFE=
-- CONFIG_DAC_SKIP_LEGACY_CONFLICT_CHECK=
-- CONFIG_DAC_SUPPRESS_DEPRECATE_WARN=
-- CONFIG_DIR=/home/v4m3rr/Projects/wolf_client/build/config
-- CONFIG_DISABLE_BASIC_ROM_CONSOLE=
-- CONFIG_EFUSE_CODE_SCHEME_COMPAT_3_4=y
-- CONFIG_EFUSE_CODE_SCHEME_COMPAT_NONE=
-- CONFIG_EFUSE_CODE_SCHEME_COMPAT_REPEAT=
-- CONFIG_EFUSE_CUSTOM_TABLE=
-- CONFIG_EFUSE_MAX_BLK_LEN=192
-- CONFIG_EFUSE_VIRTUAL=
-- CONFIG_ENABLE_STATIC_TASK_CLEAN_UP_HOOK=
-- CONFIG_ENV_GPIO_IN_RANGE_MAX=39
-- CONFIG_ENV_GPIO_OUT_RANGE_MAX=33
-- CONFIG_ENV_GPIO_RANGE_MAX=39
-- CONFIG_ENV_GPIO_RANGE_MIN=0
-- CONFIG_ENV_PATH=/home/v4m3rr/Projects/wolf_client/build/config.env
-- CONFIG_ESP32_ALLOW_RTC_FAST_MEM_AS_HEAP=y
-- CONFIG_ESP32_APPTRACE_DEST_NONE=y
-- CONFIG_ESP32_APPTRACE_DEST_TRAX=
-- CONFIG_ESP32_APPTRACE_LOCK_ENABLE=y
-- CONFIG_ESP32_BROWNOUT_DET=y
-- CONFIG_ESP32_BROWNOUT_DET_LVL=0
-- CONFIG_ESP32_BROWNOUT_DET_LVL_SEL_0=y
-- CONFIG_ESP32_BROWNOUT_DET_LVL_SEL_1=
-- CONFIG_ESP32_BROWNOUT_DET_LVL_SEL_2=
-- CONFIG_ESP32_BROWNOUT_DET_LVL_SEL_3=
-- CONFIG_ESP32_BROWNOUT_DET_LVL_SEL_4=
-- CONFIG_ESP32_BROWNOUT_DET_LVL_SEL_5=
-- CONFIG_ESP32_BROWNOUT_DET_LVL_SEL_6=
-- CONFIG_ESP32_BROWNOUT_DET_LVL_SEL_7=
-- CONFIG_ESP32_COMPATIBLE_PRE_V2_1_BOOTLOADERS=
-- CONFIG_ESP32_COMPATIBLE_PRE_V3_1_BOOTLOADERS=
-- CONFIG_ESP32_DEBUG_OCDAWARE=y
-- CONFIG_ESP32_DEBUG_STUBS_ENABLE=
-- CONFIG_ESP32_DEEP_SLEEP_WAKEUP_DELAY=2000
-- CONFIG_ESP32_DEFAULT_CPU_FREQ_160=
-- CONFIG_ESP32_DEFAULT_CPU_FREQ_240=y
-- CONFIG_ESP32_DEFAULT_CPU_FREQ_80=
-- CONFIG_ESP32_DEFAULT_CPU_FREQ_MHZ=240
-- CONFIG_ESP32_DISABLE_BASIC_ROM_CONSOLE=
-- CONFIG_ESP32_ENABLE_COREDUMP_TO_FLASH=
-- CONFIG_ESP32_ENABLE_COREDUMP_TO_NONE=y
-- CONFIG_ESP32_ENABLE_COREDUMP_TO_UART=
-- CONFIG_ESP32_IRAM_AS_8BIT_ACCESSIBLE_MEMORY=
-- CONFIG_ESP32_NO_BLOBS=
-- CONFIG_ESP32_PANIC_GDBSTUB=
-- CONFIG_ESP32_PANIC_PRINT_HALT=y
-- CONFIG_ESP32_PANIC_PRINT_REBOOT=
-- CONFIG_ESP32_PANIC_SILENT_REBOOT=
-- CONFIG_ESP32_PHY_CALIBRATION_AND_DATA_STORAGE=y
-- CONFIG_ESP32_PHY_INIT_DATA_IN_PARTITION=
-- CONFIG_ESP32_PHY_MAX_TX_POWER=20
-- CONFIG_ESP32_PHY_MAX_WIFI_TX_POWER=20
-- CONFIG_ESP32_PTHREAD_STACK_MIN=768
-- CONFIG_ESP32_PTHREAD_TASK_CORE_DEFAULT=-1
-- CONFIG_ESP32_PTHREAD_TASK_NAME_DEFAULT=pthread
-- CONFIG_ESP32_PTHREAD_TASK_PRIO_DEFAULT=5
-- CONFIG_ESP32_PTHREAD_TASK_STACK_SIZE_DEFAULT=3072
-- CONFIG_ESP32_REDUCE_PHY_TX_POWER=
-- CONFIG_ESP32_REV_MAX_FULL=399
-- CONFIG_ESP32_REV_MIN=0
-- CONFIG_ESP32_REV_MIN_0=y
-- CONFIG_ESP32_REV_MIN_1=
-- CONFIG_ESP32_REV_MIN_1_1=
-- CONFIG_ESP32_REV_MIN_2=
-- CONFIG_ESP32_REV_MIN_3=
-- CONFIG_ESP32_REV_MIN_3_1=
-- CONFIG_ESP32_REV_MIN_FULL=0
-- CONFIG_ESP32_RTCDATA_IN_FAST_MEM=
-- CONFIG_ESP32_RTC_CLK_CAL_CYCLES=1024
-- CONFIG_ESP32_RTC_CLK_SRC_EXT_CRYS=
-- CONFIG_ESP32_RTC_CLK_SRC_EXT_OSC=
-- CONFIG_ESP32_RTC_CLK_SRC_INT_8MD256=
-- CONFIG_ESP32_RTC_CLK_SRC_INT_RC=y
-- CONFIG_ESP32_RTC_CLOCK_SOURCE_EXTERNAL_CRYSTAL=
-- CONFIG_ESP32_RTC_CLOCK_SOURCE_EXTERNAL_OSC=
-- CONFIG_ESP32_RTC_CLOCK_SOURCE_INTERNAL_8MD256=
-- CONFIG_ESP32_RTC_CLOCK_SOURCE_INTERNAL_RC=y
-- CONFIG_ESP32_SPIRAM_SUPPORT=
-- CONFIG_ESP32_TIME_SYSCALL_USE_FRC1=
-- CONFIG_ESP32_TIME_SYSCALL_USE_HRT=
-- CONFIG_ESP32_TIME_SYSCALL_USE_NONE=
-- CONFIG_ESP32_TIME_SYSCALL_USE_RTC=
-- CONFIG_ESP32_TIME_SYSCALL_USE_RTC_FRC1=y
-- CONFIG_ESP32_TIME_SYSCALL_USE_RTC_HRT=y
-- CONFIG_ESP32_TRACEMEM_RESERVE_DRAM=0x0
-- CONFIG_ESP32_TRAX=
-- CONFIG_ESP32_ULP_COPROC_ENABLED=
-- CONFIG_ESP32_UNIVERSAL_MAC_ADDRESSES=4
-- CONFIG_ESP32_UNIVERSAL_MAC_ADDRESSES_FOUR=y
-- CONFIG_ESP32_UNIVERSAL_MAC_ADDRESSES_TWO=
-- CONFIG_ESP32_USE_FIXED_STATIC_RAM_SIZE=
-- CONFIG_ESP32_WIFI_AMPDU_RX_ENABLED=y
-- CONFIG_ESP32_WIFI_AMPDU_TX_ENABLED=y
-- CONFIG_ESP32_WIFI_CSI_ENABLED=
-- CONFIG_ESP32_WIFI_DYNAMIC_RX_BUFFER_NUM=32
-- CONFIG_ESP32_WIFI_DYNAMIC_TX_BUFFER=y
-- CONFIG_ESP32_WIFI_DYNAMIC_TX_BUFFER_NUM=32
-- CONFIG_ESP32_WIFI_ENABLED=y
-- CONFIG_ESP32_WIFI_ENABLE_WPA3_OWE_STA=y
-- CONFIG_ESP32_WIFI_ENABLE_WPA3_SAE=y
-- CONFIG_ESP32_WIFI_IRAM_OPT=y
-- CONFIG_ESP32_WIFI_MGMT_SBUF_NUM=32
-- CONFIG_ESP32_WIFI_NVS_ENABLED=y
-- CONFIG_ESP32_WIFI_RX_BA_WIN=6
-- CONFIG_ESP32_WIFI_RX_IRAM_OPT=y
-- CONFIG_ESP32_WIFI_SOFTAP_BEACON_MAX_LEN=752
-- CONFIG_ESP32_WIFI_STATIC_RX_BUFFER_NUM=10
-- CONFIG_ESP32_WIFI_STATIC_TX_BUFFER=
-- CONFIG_ESP32_WIFI_TX_BA_WIN=6
-- CONFIG_ESP32_WIFI_TX_BUFFER_TYPE=1
-- CONFIG_ESP32_XTAL_FREQ=40
-- CONFIG_ESP32_XTAL_FREQ_26=
-- CONFIG_ESP32_XTAL_FREQ_40=y
-- CONFIG_ESP32_XTAL_FREQ_AUTO=
-- CONFIG_ESPHID_TASK_SIZE_BLE=4096
-- CONFIG_ESPHID_TASK_SIZE_BT=2048
-- CONFIG_ESPTOOLPY_AFTER=hard_reset
-- CONFIG_ESPTOOLPY_AFTER_NORESET=
-- CONFIG_ESPTOOLPY_AFTER_RESET=y
-- CONFIG_ESPTOOLPY_BEFORE=default_reset
-- CONFIG_ESPTOOLPY_BEFORE_NORESET=
-- CONFIG_ESPTOOLPY_BEFORE_RESET=y
-- CONFIG_ESPTOOLPY_FLASHFREQ=40m
-- CONFIG_ESPTOOLPY_FLASHFREQ_20M=
-- CONFIG_ESPTOOLPY_FLASHFREQ_26M=
-- CONFIG_ESPTOOLPY_FLASHFREQ_40M=y
-- CONFIG_ESPTOOLPY_FLASHFREQ_80M=
-- CONFIG_ESPTOOLPY_FLASHMODE=dio
-- CONFIG_ESPTOOLPY_FLASHMODE_DIO=y
-- CONFIG_ESPTOOLPY_FLASHMODE_DOUT=
-- CONFIG_ESPTOOLPY_FLASHMODE_QIO=
-- CONFIG_ESPTOOLPY_FLASHMODE_QOUT=
-- CONFIG_ESPTOOLPY_FLASHSIZE=2MB
-- CONFIG_ESPTOOLPY_FLASHSIZE_128MB=
-- CONFIG_ESPTOOLPY_FLASHSIZE_16MB=
-- CONFIG_ESPTOOLPY_FLASHSIZE_1MB=
-- CONFIG_ESPTOOLPY_FLASHSIZE_2MB=y
-- CONFIG_ESPTOOLPY_FLASHSIZE_32MB=
-- CONFIG_ESPTOOLPY_FLASHSIZE_4MB=
-- CONFIG_ESPTOOLPY_FLASHSIZE_64MB=
-- CONFIG_ESPTOOLPY_FLASHSIZE_8MB=
-- CONFIG_ESPTOOLPY_FLASH_SAMPLE_MODE_STR=y
-- CONFIG_ESPTOOLPY_HEADER_FLASHSIZE_UPDATE=
-- CONFIG_ESPTOOLPY_MONITOR_BAUD=115200
-- CONFIG_ESPTOOLPY_NO_STUB=
-- CONFIG_ESP_BROWNOUT_DET=y
-- CONFIG_ESP_BROWNOUT_DET_LVL=0
-- CONFIG_ESP_BROWNOUT_DET_LVL_SEL_0=y
-- CONFIG_ESP_BROWNOUT_DET_LVL_SEL_1=
-- CONFIG_ESP_BROWNOUT_DET_LVL_SEL_2=
-- CONFIG_ESP_BROWNOUT_DET_LVL_SEL_3=
-- CONFIG_ESP_BROWNOUT_DET_LVL_SEL_4=
-- CONFIG_ESP_BROWNOUT_DET_LVL_SEL_5=
-- CONFIG_ESP_BROWNOUT_DET_LVL_SEL_6=
-- CONFIG_ESP_BROWNOUT_DET_LVL_SEL_7=
-- CONFIG_ESP_BROWNOUT_USE_INTR=y
-- CONFIG_ESP_COEX_ENABLED=y
-- CONFIG_ESP_COEX_GPIO_DEBUG=
-- CONFIG_ESP_CONSOLE_NONE=
-- CONFIG_ESP_CONSOLE_ROM_SERIAL_PORT_NUM=0
-- CONFIG_ESP_CONSOLE_UART=y
-- CONFIG_ESP_CONSOLE_UART_BAUDRATE=115200
-- CONFIG_ESP_CONSOLE_UART_CUSTOM=
-- CONFIG_ESP_CONSOLE_UART_DEFAULT=y
-- CONFIG_ESP_CONSOLE_UART_NONE=
-- CONFIG_ESP_CONSOLE_UART_NUM=0
-- CONFIG_ESP_COREDUMP_ENABLE_TO_FLASH=
-- CONFIG_ESP_COREDUMP_ENABLE_TO_NONE=y
-- CONFIG_ESP_COREDUMP_ENABLE_TO_UART=
-- CONFIG_ESP_DEBUG_OCDAWARE=y
-- CONFIG_ESP_DEBUG_STUBS_ENABLE=
-- CONFIG_ESP_DEFAULT_CPU_FREQ_MHZ=240
-- CONFIG_ESP_DEFAULT_CPU_FREQ_MHZ_160=
-- CONFIG_ESP_DEFAULT_CPU_FREQ_MHZ_240=y
-- CONFIG_ESP_DEFAULT_CPU_FREQ_MHZ_80=
-- CONFIG_ESP_EFUSE_BLOCK_REV_MAX_FULL=99
-- CONFIG_ESP_EFUSE_BLOCK_REV_MIN_FULL=0
-- CONFIG_ESP_ENABLE_WOLFMQTT=
-- CONFIG_ESP_ENABLE_WOLFSSH=
-- CONFIG_ESP_ERR_TO_NAME_LOOKUP=y
-- CONFIG_ESP_EVENT_LOOP_PROFILING=
-- CONFIG_ESP_EVENT_POST_FROM_IRAM_ISR=y
-- CONFIG_ESP_EVENT_POST_FROM_ISR=y
-- CONFIG_ESP_GDBSTUB_ENABLED=y
-- CONFIG_ESP_GDBSTUB_MAX_TASKS=32
-- CONFIG_ESP_GDBSTUB_SUPPORT_TASKS=y
-- CONFIG_ESP_GRATUITOUS_ARP=y
-- CONFIG_ESP_HTTPS_OTA_ALLOW_HTTP=
-- CONFIG_ESP_HTTPS_OTA_DECRYPT_CB=
-- CONFIG_ESP_HTTPS_OTA_EVENT_POST_TIMEOUT=2000
-- CONFIG_ESP_HTTPS_SERVER_CERT_SELECT_HOOK=
-- CONFIG_ESP_HTTPS_SERVER_ENABLE=
-- CONFIG_ESP_HTTPS_SERVER_EVENT_POST_TIMEOUT=2000
-- CONFIG_ESP_HTTP_CLIENT_ENABLE_BASIC_AUTH=
-- CONFIG_ESP_HTTP_CLIENT_ENABLE_CUSTOM_TRANSPORT=
-- CONFIG_ESP_HTTP_CLIENT_ENABLE_DIGEST_AUTH=
-- CONFIG_ESP_HTTP_CLIENT_ENABLE_HTTPS=
-- CONFIG_ESP_HTTP_CLIENT_EVENT_POST_TIMEOUT=2000
-- CONFIG_ESP_HW_SUPPORT_FUNC_IN_IRAM=y
-- CONFIG_ESP_INTR_IN_IRAM=y
-- CONFIG_ESP_INT_WDT=
-- CONFIG_ESP_IPC_TASK_STACK_SIZE=1024
-- CONFIG_ESP_MAC_ADDR_UNIVERSE_BT=y
-- CONFIG_ESP_MAC_ADDR_UNIVERSE_ETH=y
-- CONFIG_ESP_MAC_ADDR_UNIVERSE_WIFI_AP=y
-- CONFIG_ESP_MAC_ADDR_UNIVERSE_WIFI_STA=y
-- CONFIG_ESP_MAC_IGNORE_MAC_CRC_ERROR=
-- CONFIG_ESP_MAC_UNIVERSAL_MAC_ADDRESSES=4
-- CONFIG_ESP_MAC_UNIVERSAL_MAC_ADDRESSES_FOUR=y
-- CONFIG_ESP_MAC_USE_CUSTOM_MAC_AS_BASE_MAC=
-- CONFIG_ESP_MAIN_TASK_AFFINITY=0x0
-- CONFIG_ESP_MAIN_TASK_AFFINITY_CPU0=y
-- CONFIG_ESP_MAIN_TASK_AFFINITY_NO_AFFINITY=
-- CONFIG_ESP_MAIN_TASK_STACK_SIZE=10500
-- CONFIG_ESP_MINIMAL_SHARED_STACK_SIZE=2048
-- CONFIG_ESP_NETIF_BRIDGE_EN=
-- CONFIG_ESP_NETIF_IP_LOST_TIMER_INTERVAL=120
-- CONFIG_ESP_NETIF_L2_TAP=
-- CONFIG_ESP_NETIF_LOOPBACK=
-- CONFIG_ESP_NETIF_PROVIDE_CUSTOM_IMPLEMENTATION=
-- CONFIG_ESP_NETIF_RECEIVE_REPORT_ERRORS=
-- CONFIG_ESP_NETIF_REPORT_DATA_TRAFFIC=y
-- CONFIG_ESP_NETIF_SET_DNS_PER_DEFAULT_NETIF=
-- CONFIG_ESP_NETIF_TCPIP_LWIP=y
-- CONFIG_ESP_NETIF_USES_TCPIP_WITH_BSD_API=y
-- CONFIG_ESP_PANIC_HANDLER_IRAM=
-- CONFIG_ESP_PERIPH_CTRL_FUNC_IN_IRAM=y
-- CONFIG_ESP_PHY_CALIBRATION_AND_DATA_STORAGE=y
-- CONFIG_ESP_PHY_CALIBRATION_MODE=0
-- CONFIG_ESP_PHY_DEBUG=
-- CONFIG_ESP_PHY_ENABLED=y
-- CONFIG_ESP_PHY_ENABLE_CERT_TEST=
-- CONFIG_ESP_PHY_ENABLE_VERSION_PRINT=y
-- CONFIG_ESP_PHY_INIT_DATA_IN_PARTITION=
-- CONFIG_ESP_PHY_IRAM_OPT=y
-- CONFIG_ESP_PHY_MAX_TX_POWER=20
-- CONFIG_ESP_PHY_MAX_WIFI_TX_POWER=20
-- CONFIG_ESP_PHY_PLL_TRACK_DEBUG=
-- CONFIG_ESP_PHY_PLL_TRACK_PERIOD_MS=1000
-- CONFIG_ESP_PHY_RECORD_USED_TIME=
-- CONFIG_ESP_PHY_REDUCE_TX_POWER=
-- CONFIG_ESP_PHY_RF_CAL_FULL=
-- CONFIG_ESP_PHY_RF_CAL_NONE=
-- CONFIG_ESP_PHY_RF_CAL_PARTIAL=y
-- CONFIG_ESP_PROTOCOMM_SUPPORT_SECURITY_PATCH_VERSION=y
-- CONFIG_ESP_PROTOCOMM_SUPPORT_SECURITY_VERSION_0=y
-- CONFIG_ESP_PROTOCOMM_SUPPORT_SECURITY_VERSION_1=y
-- CONFIG_ESP_PROTOCOMM_SUPPORT_SECURITY_VERSION_2=y
-- CONFIG_ESP_REGI2C_CTRL_FUNC_IN_IRAM=y
-- CONFIG_ESP_REV_MAX_FULL=399
-- CONFIG_ESP_REV_MIN_FULL=0
-- CONFIG_ESP_ROM_HAS_CRC_BE=y
-- CONFIG_ESP_ROM_HAS_CRC_LE=y
-- CONFIG_ESP_ROM_HAS_JPEG_DECODE=y
-- CONFIG_ESP_ROM_HAS_MZ_CRC32=y
-- CONFIG_ESP_ROM_HAS_NEWLIB=y
-- CONFIG_ESP_ROM_HAS_NEWLIB_32BIT_TIME=y
-- CONFIG_ESP_ROM_HAS_NEWLIB_NANO_FORMAT=y
-- CONFIG_ESP_ROM_HAS_OUTPUT_PUTC_FUNC=y
-- CONFIG_ESP_ROM_HAS_SW_FLOAT=y
-- CONFIG_ESP_ROM_HAS_UART_BUF_SWITCH=y
-- CONFIG_ESP_ROM_NEEDS_SWSETUP_WORKAROUND=y
-- CONFIG_ESP_ROM_PRINT_IN_IRAM=y
-- CONFIG_ESP_ROM_SUPPORT_DEEP_SLEEP_WAKEUP_STUB=y
-- CONFIG_ESP_ROM_USB_OTG_NUM=-1
-- CONFIG_ESP_ROM_USB_SERIAL_DEVICE_NUM=-1
-- CONFIG_ESP_SLEEP_CACHE_SAFE_ASSERTION=
-- CONFIG_ESP_SLEEP_DEBUG=
-- CONFIG_ESP_SLEEP_DEEP_SLEEP_WAKEUP_DELAY=2000
-- CONFIG_ESP_SLEEP_FLASH_LEAKAGE_WORKAROUND=y
-- CONFIG_ESP_SLEEP_GPIO_ENABLE_INTERNAL_RESISTORS=y
-- CONFIG_ESP_SLEEP_GPIO_RESET_WORKAROUND=
-- CONFIG_ESP_SLEEP_MSPI_NEED_ALL_IO_PU=
-- CONFIG_ESP_SLEEP_POWER_DOWN_FLASH=
-- CONFIG_ESP_SLEEP_RTC_BUS_ISO_WORKAROUND=y
-- CONFIG_ESP_SLEEP_WAIT_FLASH_READY_EXTRA_DELAY=2000
-- CONFIG_ESP_SPI_BUS_LOCK_ISR_FUNCS_IN_IRAM=y
-- CONFIG_ESP_SYSTEM_ALLOW_RTC_FAST_MEM_AS_HEAP=y
-- CONFIG_ESP_SYSTEM_BROWNOUT_INTR=y
-- CONFIG_ESP_SYSTEM_CHECK_INT_LEVEL_4=y
-- CONFIG_ESP_SYSTEM_CHECK_INT_LEVEL_5=
-- CONFIG_ESP_SYSTEM_ESP32_SRAM1_REGION_AS_IRAM=
-- CONFIG_ESP_SYSTEM_EVENT_QUEUE_SIZE=32
-- CONFIG_ESP_SYSTEM_EVENT_TASK_STACK_SIZE=2304
-- CONFIG_ESP_SYSTEM_GDBSTUB_RUNTIME=
-- CONFIG_ESP_SYSTEM_IN_IRAM=y
-- CONFIG_ESP_SYSTEM_PANIC_GDBSTUB=
-- CONFIG_ESP_SYSTEM_PANIC_PRINT_HALT=y
-- CONFIG_ESP_SYSTEM_PANIC_PRINT_REBOOT=
-- CONFIG_ESP_SYSTEM_PANIC_SILENT_REBOOT=
-- CONFIG_ESP_SYSTEM_PD_FLASH=
-- CONFIG_ESP_SYSTEM_RTC_FAST_MEM_AS_HEAP_DEPCHECK=y
-- CONFIG_ESP_SYSTEM_SINGLE_CORE_MODE=y
-- CONFIG_ESP_TASK_WDT_EN=
-- CONFIG_ESP_TIMER_IMPL_TG0_LAC=y
-- CONFIG_ESP_TIMER_INTERRUPT_LEVEL=1
-- CONFIG_ESP_TIMER_IN_IRAM=y
-- CONFIG_ESP_TIMER_ISR_AFFINITY_CPU0=y
-- CONFIG_ESP_TIMER_PROFILING=
-- CONFIG_ESP_TIMER_SHOW_EXPERIMENTAL=
-- CONFIG_ESP_TIMER_SUPPORTS_ISR_DISPATCH_METHOD=
-- CONFIG_ESP_TIMER_TASK_AFFINITY=0x0
-- CONFIG_ESP_TIMER_TASK_AFFINITY_CPU0=y
-- CONFIG_ESP_TIMER_TASK_STACK_SIZE=3584
-- CONFIG_ESP_TIME_FUNCS_USE_ESP_TIMER=y
-- CONFIG_ESP_TIME_FUNCS_USE_RTC_TIMER=y
-- CONFIG_ESP_TLS_CLIENT_SESSION_TICKETS=
-- CONFIG_ESP_TLS_DYN_BUF_STRATEGY_SUPPORTED=y
-- CONFIG_ESP_TLS_INSECURE=
-- CONFIG_ESP_TLS_PSK_VERIFICATION=
-- CONFIG_ESP_TLS_SERVER_CERT_SELECT_HOOK=
-- CONFIG_ESP_TLS_SERVER_MIN_AUTH_MODE_OPTIONAL=
-- CONFIG_ESP_TLS_SERVER_SESSION_TICKETS=
-- CONFIG_ESP_TLS_USE_SECURE_ELEMENT=
-- CONFIG_ESP_TLS_USING_MBEDTLS=y
-- CONFIG_ESP_TLS_USING_WOLFSSL_SPECIFIED=
-- CONFIG_ESP_WIFI_11KV_SUPPORT=
-- CONFIG_ESP_WIFI_11R_SUPPORT=
-- CONFIG_ESP_WIFI_AMPDU_RX_ENABLED=y
-- CONFIG_ESP_WIFI_AMPDU_TX_ENABLED=y
-- CONFIG_ESP_WIFI_BSS_MAX_IDLE_SUPPORT=
-- CONFIG_ESP_WIFI_CSI_ENABLED=
-- CONFIG_ESP_WIFI_DEBUG_PRINT=
-- CONFIG_ESP_WIFI_DPP_SUPPORT=
-- CONFIG_ESP_WIFI_DYNAMIC_RX_BUFFER_NUM=32
-- CONFIG_ESP_WIFI_DYNAMIC_RX_MGMT_BUF=0
-- CONFIG_ESP_WIFI_DYNAMIC_RX_MGMT_BUFFER=
-- CONFIG_ESP_WIFI_DYNAMIC_TX_BUFFER=y
-- CONFIG_ESP_WIFI_DYNAMIC_TX_BUFFER_NUM=32
-- CONFIG_ESP_WIFI_ENABLED=y
-- CONFIG_ESP_WIFI_ENABLE_SAE_H2E=y
-- CONFIG_ESP_WIFI_ENABLE_SAE_PK=y
-- CONFIG_ESP_WIFI_ENABLE_WPA3_OWE_STA=y
-- CONFIG_ESP_WIFI_ENABLE_WPA3_SAE=y
-- CONFIG_ESP_WIFI_ENTERPRISE_SUPPORT=y
-- CONFIG_ESP_WIFI_ENT_FREE_DYNAMIC_BUFFER=
-- CONFIG_ESP_WIFI_ESPNOW_MAX_ENCRYPT_NUM=7
-- CONFIG_ESP_WIFI_EXTRA_IRAM_OPT=
-- CONFIG_ESP_WIFI_GMAC_SUPPORT=y
-- CONFIG_ESP_WIFI_IRAM_OPT=y
-- CONFIG_ESP_WIFI_MBEDTLS_CRYPTO=y
-- CONFIG_ESP_WIFI_MBEDTLS_TLS_CLIENT=y
-- CONFIG_ESP_WIFI_MBO_SUPPORT=
-- CONFIG_ESP_WIFI_MGMT_SBUF_NUM=32
-- CONFIG_ESP_WIFI_NAN_ENABLE=
-- CONFIG_ESP_WIFI_NVS_ENABLED=y
-- CONFIG_ESP_WIFI_P256_ACCEL=
-- CONFIG_ESP_WIFI_PASSIVE_HIDDEN_AP_SUPPORT=
-- CONFIG_ESP_WIFI_RX_BA_WIN=6
-- CONFIG_ESP_WIFI_RX_IRAM_OPT=y
-- CONFIG_ESP_WIFI_RX_MGMT_BUF_NUM_DEF=5
-- CONFIG_ESP_WIFI_SLP_BEACON_LOST_OPT=
-- CONFIG_ESP_WIFI_SLP_DEFAULT_MAX_ACTIVE_TIME=10
-- CONFIG_ESP_WIFI_SLP_DEFAULT_MIN_ACTIVE_TIME=50
-- CONFIG_ESP_WIFI_SLP_DEFAULT_WAIT_BROADCAST_DATA_TIME=15
-- CONFIG_ESP_WIFI_SLP_IRAM_OPT=
-- CONFIG_ESP_WIFI_SOFTAP_BEACON_MAX_LEN=752
-- CONFIG_ESP_WIFI_SOFTAP_SAE_SUPPORT=y
-- CONFIG_ESP_WIFI_SOFTAP_SUPPORT=y
-- CONFIG_ESP_WIFI_STATIC_RX_BUFFER_NUM=10
-- CONFIG_ESP_WIFI_STATIC_RX_MGMT_BUFFER=y
-- CONFIG_ESP_WIFI_STATIC_TX_BUFFER=
-- CONFIG_ESP_WIFI_STA_DISCONNECTED_PM_ENABLE=y
-- CONFIG_ESP_WIFI_TX_BA_WIN=6
-- CONFIG_ESP_WIFI_TX_BUFFER_TYPE=1
-- CONFIG_ESP_WIFI_WAPI_PSK=
-- CONFIG_ESP_WIFI_WPS_PASSPHRASE=
-- CONFIG_ESP_WIFI_WPS_RECONNECT_ON_FAIL=
-- CONFIG_ESP_WIFI_WPS_SOFTAP_REGISTRAR=
-- CONFIG_ESP_WIFI_WPS_STRICT=
-- CONFIG_ESP_WOLFSSL_ALT_HARDWARE_ACCELERATION=
-- CONFIG_ESP_WOLFSSL_BENCHMARK=
-- CONFIG_ESP_WOLFSSL_DEBUG_ESP_HW_MOD_RSAMAX_BITS=
-- CONFIG_ESP_WOLFSSL_DEBUG_ESP_HW_MULTI_RSAMAX_BITS=
-- CONFIG_ESP_WOLFSSL_DEBUG_WOLFMQTT=
-- CONFIG_ESP_WOLFSSL_DEBUG_WOLFSSH=
-- CONFIG_ESP_WOLFSSL_DEBUG_WOLFSSL=
-- CONFIG_ESP_WOLFSSL_DISABLE_MY_ECC=
-- CONFIG_ESP_WOLFSSL_ENABLE_BENCHMARK=
-- CONFIG_ESP_WOLFSSL_ENABLE_MLKEM=
-- CONFIG_ESP_WOLFSSL_ENABLE_MY_USE_RSA=
-- CONFIG_ESP_WOLFSSL_ENABLE_TEST=
-- CONFIG_ESP_WOLFSSL_EXPERIMENTAL_SETTINGS=
-- CONFIG_ESP_WOLFSSL_NO_STACK_SIZE_BUILD_WARNING=
-- CONFIG_ESP_WOLFSSL_NO_USE_FAST_MATH=
-- CONFIG_ESP_WOLFSSL_TEST_LOOP=y
-- CONFIG_ESP_WOLFSSL_TFM_TIMING_RESISTANT=
-- CONFIG_ESP_WOLFSSL_WC_NO_HARDEN=
-- CONFIG_ETH_DMA_BUFFER_SIZE=512
-- CONFIG_ETH_DMA_RX_BUFFER_NUM=10
-- CONFIG_ETH_DMA_TX_BUFFER_NUM=10
-- CONFIG_ETH_ENABLED=y
-- CONFIG_ETH_IRAM_OPTIMIZATION=
-- CONFIG_ETH_PHY_INTERFACE_RMII=y
-- CONFIG_ETH_RMII_CLK_INPUT=y
-- CONFIG_ETH_RMII_CLK_IN_GPIO=0
-- CONFIG_ETH_RMII_CLK_OUTPUT=
-- CONFIG_ETH_SPI_ETHERNET_DM9051=
-- CONFIG_ETH_SPI_ETHERNET_KSZ8851SNL=
-- CONFIG_ETH_SPI_ETHERNET_W5500=
-- CONFIG_ETH_TRANSMIT_MUTEX=
-- CONFIG_ETH_USE_ESP32_EMAC=y
-- CONFIG_ETH_USE_OPENETH=
-- CONFIG_ETH_USE_SPI_ETHERNET=y
-- CONFIG_EVENT_LOOP_PROFILING=
-- CONFIG_EXAMPLE_CONNECT_ETHERNET=
-- CONFIG_EXAMPLE_CONNECT_IPV4=y
-- CONFIG_EXAMPLE_CONNECT_IPV6=y
-- CONFIG_EXAMPLE_CONNECT_IPV6_PREF_GLOBAL=
-- CONFIG_EXAMPLE_CONNECT_IPV6_PREF_LOCAL_LINK=y
-- CONFIG_EXAMPLE_CONNECT_IPV6_PREF_SITE_LOCAL=
-- CONFIG_EXAMPLE_CONNECT_IPV6_PREF_UNIQUE_LOCAL=
-- CONFIG_EXAMPLE_CONNECT_PPP=
-- CONFIG_EXAMPLE_CONNECT_WIFI=y
-- CONFIG_EXAMPLE_PROVIDE_WIFI_CONSOLE_CMD=y
-- CONFIG_EXAMPLE_WIFI_AUTH_OPEN=y
-- CONFIG_EXAMPLE_WIFI_AUTH_WAPI_PSK=
-- CONFIG_EXAMPLE_WIFI_AUTH_WEP=
-- CONFIG_EXAMPLE_WIFI_AUTH_WPA2_ENTERPRISE=
-- CONFIG_EXAMPLE_WIFI_AUTH_WPA2_PSK=
-- CONFIG_EXAMPLE_WIFI_AUTH_WPA2_WPA3_PSK=
-- CONFIG_EXAMPLE_WIFI_AUTH_WPA3_PSK=
-- CONFIG_EXAMPLE_WIFI_AUTH_WPA_PSK=
-- CONFIG_EXAMPLE_WIFI_AUTH_WPA_WPA2_PSK=
-- CONFIG_EXAMPLE_WIFI_CONNECT_AP_BY_SECURITY=
-- CONFIG_EXAMPLE_WIFI_CONNECT_AP_BY_SIGNAL=y
-- CONFIG_EXAMPLE_WIFI_CONN_MAX_RETRY=6
-- CONFIG_EXAMPLE_WIFI_PASSWORD=mypassword
-- CONFIG_EXAMPLE_WIFI_SCAN_METHOD_ALL_CHANNEL=y
-- CONFIG_EXAMPLE_WIFI_SCAN_METHOD_FAST=
-- CONFIG_EXAMPLE_WIFI_SCAN_RSSI_THRESHOLD=-127
-- CONFIG_EXAMPLE_WIFI_SSID=myssid
-- CONFIG_EXAMPLE_WIFI_SSID_PWD_FROM_STDIN=
-- CONFIG_FATFS_CODEPAGE=437
-- CONFIG_FATFS_CODEPAGE_437=y
-- CONFIG_FATFS_CODEPAGE_720=
-- CONFIG_FATFS_CODEPAGE_737=
-- CONFIG_FATFS_CODEPAGE_771=
-- CONFIG_FATFS_CODEPAGE_775=
-- CONFIG_FATFS_CODEPAGE_850=
-- CONFIG_FATFS_CODEPAGE_852=
-- CONFIG_FATFS_CODEPAGE_855=
-- CONFIG_FATFS_CODEPAGE_857=
-- CONFIG_FATFS_CODEPAGE_860=
-- CONFIG_FATFS_CODEPAGE_861=
-- CONFIG_FATFS_CODEPAGE_862=
-- CONFIG_FATFS_CODEPAGE_863=
-- CONFIG_FATFS_CODEPAGE_864=
-- CONFIG_FATFS_CODEPAGE_865=
-- CONFIG_FATFS_CODEPAGE_866=
-- CONFIG_FATFS_CODEPAGE_869=
-- CONFIG_FATFS_CODEPAGE_932=
-- CONFIG_FATFS_CODEPAGE_936=
-- CONFIG_FATFS_CODEPAGE_949=
-- CONFIG_FATFS_CODEPAGE_950=
-- CONFIG_FATFS_CODEPAGE_DYNAMIC=
-- CONFIG_FATFS_DONT_TRUST_FREE_CLUSTER_CNT=0
-- CONFIG_FATFS_DONT_TRUST_LAST_ALLOC=0
-- CONFIG_FATFS_FS_LOCK=0
-- CONFIG_FATFS_IMMEDIATE_FSYNC=
-- CONFIG_FATFS_LFN_HEAP=
-- CONFIG_FATFS_LFN_NONE=y
-- CONFIG_FATFS_LFN_STACK=
-- CONFIG_FATFS_LINK_LOCK=y
-- CONFIG_FATFS_PER_FILE_CACHE=y
-- CONFIG_FATFS_SECTOR_4096=y
-- CONFIG_FATFS_SECTOR_512=
-- CONFIG_FATFS_TIMEOUT_MS=10000
-- CONFIG_FATFS_USE_DYN_BUFFERS=
-- CONFIG_FATFS_USE_FASTSEEK=
-- CONFIG_FATFS_USE_LABEL=
-- CONFIG_FATFS_USE_STRFUNC_NONE=y
-- CONFIG_FATFS_USE_STRFUNC_WITHOUT_CRLF_CONV=
-- CONFIG_FATFS_USE_STRFUNC_WITH_CRLF_CONV=
-- CONFIG_FATFS_VFS_FSTAT_BLKSIZE=0
-- CONFIG_FATFS_VOLUME_COUNT=2
-- CONFIG_FLASHMODE_DIO=y
-- CONFIG_FLASHMODE_DOUT=
-- CONFIG_FLASHMODE_QIO=
-- CONFIG_FLASHMODE_QOUT=
-- CONFIG_FLASH_ENCRYPTION_ENABLED=
-- CONFIG_FOUR_UNIVERSAL_MAC_ADDRESS=y
-- CONFIG_FREERTOS_CHECK_MUTEX_GIVEN_BY_OWNER=y
-- CONFIG_FREERTOS_CHECK_PORT_CRITICAL_COMPLIANCE=
-- CONFIG_FREERTOS_CHECK_STACKOVERFLOW_CANARY=y
-- CONFIG_FREERTOS_CHECK_STACKOVERFLOW_NONE=
-- CONFIG_FREERTOS_CHECK_STACKOVERFLOW_PTRVAL=
-- CONFIG_FREERTOS_CORETIMER_0=y
-- CONFIG_FREERTOS_CORETIMER_1=
-- CONFIG_FREERTOS_DEBUG_OCDAWARE=y
-- CONFIG_FREERTOS_ENABLE_BACKWARD_COMPATIBILITY=
-- CONFIG_FREERTOS_ENABLE_STATIC_TASK_CLEAN_UP=
-- CONFIG_FREERTOS_ENABLE_TASK_SNAPSHOT=y
-- CONFIG_FREERTOS_FPU_IN_ISR=
-- CONFIG_FREERTOS_GENERATE_RUN_TIME_STATS=
-- CONFIG_FREERTOS_HZ=1000
-- CONFIG_FREERTOS_IDLE_TASK_STACKSIZE=1536
-- CONFIG_FREERTOS_INTERRUPT_BACKTRACE=y
-- CONFIG_FREERTOS_IN_IRAM=y
-- CONFIG_FREERTOS_ISR_STACKSIZE=1536
-- CONFIG_FREERTOS_MAX_TASK_NAME_LEN=16
-- CONFIG_FREERTOS_NO_AFFINITY=0x7fffffff
-- CONFIG_FREERTOS_NUMBER_OF_CORES=1
-- CONFIG_FREERTOS_OPTIMIZED_SCHEDULER=y
-- CONFIG_FREERTOS_PLACE_FUNCTIONS_INTO_FLASH=
-- CONFIG_FREERTOS_PLACE_SNAPSHOT_FUNS_INTO_FLASH=y
-- CONFIG_FREERTOS_PORT=y
-- CONFIG_FREERTOS_QUEUE_REGISTRY_SIZE=0
-- CONFIG_FREERTOS_SMP=
-- CONFIG_FREERTOS_SUPPORT_STATIC_ALLOCATION=y
-- CONFIG_FREERTOS_SYSTICK_USES_CCOUNT=y
-- CONFIG_FREERTOS_TASK_FUNCTION_WRAPPER=y
-- CONFIG_FREERTOS_TASK_NOTIFICATION_ARRAY_ENTRIES=1
-- CONFIG_FREERTOS_TASK_PRE_DELETION_HOOK=
-- CONFIG_FREERTOS_THREAD_LOCAL_STORAGE_POINTERS=1
-- CONFIG_FREERTOS_TICK_SUPPORT_CORETIMER=y
-- CONFIG_FREERTOS_TIMER_QUEUE_LENGTH=10
-- CONFIG_FREERTOS_TIMER_SERVICE_TASK_CORE_AFFINITY=0x7fffffff
-- CONFIG_FREERTOS_TIMER_SERVICE_TASK_NAME=Tmr Svc
-- CONFIG_FREERTOS_TIMER_TASK_AFFINITY_CPU0=
-- CONFIG_FREERTOS_TIMER_TASK_NO_AFFINITY=y
-- CONFIG_FREERTOS_TIMER_TASK_PRIORITY=1
-- CONFIG_FREERTOS_TIMER_TASK_STACK_DEPTH=2048
-- CONFIG_FREERTOS_TLSP_DELETION_CALLBACKS=y
-- CONFIG_FREERTOS_UNICORE=y
-- CONFIG_FREERTOS_USE_APPLICATION_TASK_TAG=
-- CONFIG_FREERTOS_USE_IDLE_HOOK=
-- CONFIG_FREERTOS_USE_LIST_DATA_INTEGRITY_CHECK_BYTES=
-- CONFIG_FREERTOS_USE_TICK_HOOK=
-- CONFIG_FREERTOS_USE_TIMERS=y
-- CONFIG_FREERTOS_USE_TRACE_FACILITY=
-- CONFIG_FREERTOS_WATCHPOINT_END_OF_STACK=
-- CONFIG_GARP_TMR_INTERVAL=60
-- CONFIG_GDBSTUB_MAX_TASKS=32
-- CONFIG_GDBSTUB_SUPPORT_TASKS=y
-- CONFIG_GPIO_CTRL_FUNC_IN_IRAM=
-- CONFIG_GPIO_ESP32_SUPPORT_SWITCH_SLP_PULL=
-- CONFIG_GPTIMER_CTRL_FUNC_IN_IRAM=
-- CONFIG_GPTIMER_ENABLE_DEBUG_LOG=
-- CONFIG_GPTIMER_ISR_CACHE_SAFE=
-- CONFIG_GPTIMER_ISR_HANDLER_IN_IRAM=y
-- CONFIG_GPTIMER_ISR_IRAM_SAFE=
-- CONFIG_GPTIMER_OBJ_CACHE_SAFE=y
-- CONFIG_GPTIMER_SKIP_LEGACY_CONFLICT_CHECK=
-- CONFIG_GPTIMER_SUPPRESS_DEPRECATE_WARN=
-- CONFIG_HAL_ASSERTION_DISABLE=
-- CONFIG_HAL_ASSERTION_ENABLE=
-- CONFIG_HAL_ASSERTION_EQUALS_SYSTEM=y
-- CONFIG_HAL_ASSERTION_SILENT=
-- CONFIG_HAL_ASSERTION_SILIENT=
-- CONFIG_HAL_DEFAULT_ASSERTION_LEVEL=2
-- CONFIG_HEAP_ABORT_WHEN_ALLOCATION_FAILS=
-- CONFIG_HEAP_PLACE_FUNCTION_INTO_FLASH=
-- CONFIG_HEAP_POISONING_COMPREHENSIVE=
-- CONFIG_HEAP_POISONING_DISABLED=y
-- CONFIG_HEAP_POISONING_LIGHT=
-- CONFIG_HEAP_TASK_TRACKING=
-- CONFIG_HEAP_TRACING_OFF=y
-- CONFIG_HEAP_TRACING_STANDALONE=
-- CONFIG_HEAP_TRACING_TOHOST=
-- CONFIG_HEAP_USE_HOOKS=
-- CONFIG_HTTPD_ERR_RESP_NO_DELAY=y
-- CONFIG_HTTPD_LOG_PURGE_DATA=
-- CONFIG_HTTPD_MAX_REQ_HDR_LEN=1024
-- CONFIG_HTTPD_MAX_URI_LEN=512
-- CONFIG_HTTPD_PURGE_BUF_LEN=32
-- CONFIG_HTTPD_QUEUE_WORK_BLOCKING=
-- CONFIG_HTTPD_SERVER_EVENT_POST_TIMEOUT=2000
-- CONFIG_HTTPD_WS_SUPPORT=
-- CONFIG_I2C_ENABLE_DEBUG_LOG=
-- CONFIG_I2C_ENABLE_SLAVE_DRIVER_VERSION_2=
-- CONFIG_I2C_ISR_IRAM_SAFE=
-- CONFIG_I2C_MASTER_ISR_HANDLER_IN_IRAM=y
-- CONFIG_I2C_SKIP_LEGACY_CONFLICT_CHECK=
-- CONFIG_I2S_ENABLE_DEBUG_LOG=
-- CONFIG_I2S_ISR_IRAM_SAFE=
-- CONFIG_I2S_SKIP_LEGACY_CONFLICT_CHECK=
-- CONFIG_I2S_SUPPRESS_DEPRECATE_WARN=
-- CONFIG_IDF_CMAKE=y
-- CONFIG_IDF_EXPERIMENTAL_FEATURES=
-- CONFIG_IDF_FIRMWARE_CHIP_ID=0x0
-- CONFIG_IDF_INIT_VERSION=5.5.5
-- CONFIG_IDF_TARGET=esp32
-- CONFIG_IDF_TARGET_ARCH=xtensa
-- CONFIG_IDF_TARGET_ARCH_XTENSA=y
-- CONFIG_IDF_TARGET_ESP32=y
-- CONFIG_IDF_TOOLCHAIN=gcc
-- CONFIG_IDF_TOOLCHAIN_GCC=y
-- CONFIG_IGNORE_ESP_IDF_WOLFSSL_COMPONENT=
-- CONFIG_IGNORE_LOCAL_WOLFSSL_COMPONENT=
-- CONFIG_INT_WDT=
-- CONFIG_IPC_TASK_STACK_SIZE=1024
-- CONFIG_L2_TO_L3_COPY=
-- CONFIG_LCD_ENABLE_DEBUG_LOG=
-- CONFIG_LEDC_CTRL_FUNC_IN_IRAM=
-- CONFIG_LIBC_ASSERT_BUFFER_SIZE=200
-- CONFIG_LIBC_LOCKS_PLACE_IN_IRAM=y
-- CONFIG_LIBC_MISC_IN_IRAM=y
-- CONFIG_LIBC_NEWLIB=y
-- CONFIG_LIBC_NEWLIB_NANO_FORMAT=
-- CONFIG_LIBC_PICOLIBC=
-- CONFIG_LIBC_STDIN_LINE_ENDING_CR=y
-- CONFIG_LIBC_STDIN_LINE_ENDING_CRLF=
-- CONFIG_LIBC_STDIN_LINE_ENDING_LF=
-- CONFIG_LIBC_STDOUT_LINE_ENDING_CR=
-- CONFIG_LIBC_STDOUT_LINE_ENDING_CRLF=y
-- CONFIG_LIBC_STDOUT_LINE_ENDING_LF=
-- CONFIG_LIBC_TIME_SYSCALL_USE_HRT=
-- CONFIG_LIBC_TIME_SYSCALL_USE_NONE=
-- CONFIG_LIBC_TIME_SYSCALL_USE_RTC=
-- CONFIG_LIBC_TIME_SYSCALL_USE_RTC_HRT=y
-- CONFIG_LOG_BOOTLOADER_LEVEL=3
-- CONFIG_LOG_BOOTLOADER_LEVEL_DEBUG=
-- CONFIG_LOG_BOOTLOADER_LEVEL_ERROR=
-- CONFIG_LOG_BOOTLOADER_LEVEL_INFO=y
-- CONFIG_LOG_BOOTLOADER_LEVEL_NONE=
-- CONFIG_LOG_BOOTLOADER_LEVEL_VERBOSE=
-- CONFIG_LOG_BOOTLOADER_LEVEL_WARN=
-- CONFIG_LOG_COLORS=
-- CONFIG_LOG_DEFAULT_LEVEL=3
-- CONFIG_LOG_DEFAULT_LEVEL_DEBUG=
-- CONFIG_LOG_DEFAULT_LEVEL_ERROR=
-- CONFIG_LOG_DEFAULT_LEVEL_INFO=y
-- CONFIG_LOG_DEFAULT_LEVEL_NONE=
-- CONFIG_LOG_DEFAULT_LEVEL_VERBOSE=
-- CONFIG_LOG_DEFAULT_LEVEL_WARN=
-- CONFIG_LOG_DYNAMIC_LEVEL_CONTROL=y
-- CONFIG_LOG_IN_IRAM=y
-- CONFIG_LOG_MASTER_LEVEL=
-- CONFIG_LOG_MAXIMUM_EQUALS_DEFAULT=y
-- CONFIG_LOG_MAXIMUM_LEVEL=3
-- CONFIG_LOG_MAXIMUM_LEVEL_DEBUG=
-- CONFIG_LOG_MAXIMUM_LEVEL_VERBOSE=
-- CONFIG_LOG_MODE_TEXT=y
-- CONFIG_LOG_MODE_TEXT_EN=y
-- CONFIG_LOG_TAG_LEVEL_CACHE_ARRAY=
-- CONFIG_LOG_TAG_LEVEL_CACHE_BINARY_MIN_HEAP=y
-- CONFIG_LOG_TAG_LEVEL_IMPL_CACHE_AND_LINKED_LIST=y
-- CONFIG_LOG_TAG_LEVEL_IMPL_CACHE_SIZE=31
-- CONFIG_LOG_TAG_LEVEL_IMPL_LINKED_LIST=
-- CONFIG_LOG_TAG_LEVEL_IMPL_NONE=
-- CONFIG_LOG_TIMESTAMP_SOURCE_RTOS=y
-- CONFIG_LOG_TIMESTAMP_SOURCE_SYSTEM=
-- CONFIG_LOG_VERSION=1
-- CONFIG_LOG_VERSION_1=y
-- CONFIG_LOG_VERSION_2=
-- CONFIG_LWIP_AUTOIP=
-- CONFIG_LWIP_BRIDGEIF_MAX_PORTS=7
-- CONFIG_LWIP_BROADCAST_PING=
-- CONFIG_LWIP_CHECKSUM_CHECK_ICMP=y
-- CONFIG_LWIP_CHECKSUM_CHECK_IP=
-- CONFIG_LWIP_CHECKSUM_CHECK_UDP=
-- CONFIG_LWIP_CHECK_THREAD_SAFETY=
-- CONFIG_LWIP_DEBUG=
-- CONFIG_LWIP_DHCPS=y
-- CONFIG_LWIP_DHCPS_ADD_DNS=y
-- CONFIG_LWIP_DHCPS_LEASE_UNIT=60
-- CONFIG_LWIP_DHCPS_MAX_STATION_NUM=8
-- CONFIG_LWIP_DHCPS_STATIC_ENTRIES=y
-- CONFIG_LWIP_DHCP_COARSE_TIMER_SECS=1
-- CONFIG_LWIP_DHCP_DISABLE_CLIENT_ID=
-- CONFIG_LWIP_DHCP_DISABLE_VENDOR_CLASS_ID=y
-- CONFIG_LWIP_DHCP_DOES_ACD_CHECK=
-- CONFIG_LWIP_DHCP_DOES_ARP_CHECK=y
-- CONFIG_LWIP_DHCP_DOES_NOT_CHECK_OFFERED_IP=
-- CONFIG_LWIP_DHCP_GET_NTP_SRV=
-- CONFIG_LWIP_DHCP_OPTIONS_LEN=69
-- CONFIG_LWIP_DHCP_RESTORE_LAST_IP=
-- CONFIG_LWIP_DNS_MAX_HOST_IP=1
-- CONFIG_LWIP_DNS_MAX_SERVERS=3
-- CONFIG_LWIP_DNS_SETSERVER_WITH_NETIF=
-- CONFIG_LWIP_DNS_SUPPORT_MDNS_QUERIES=y
-- CONFIG_LWIP_ENABLE=y
-- CONFIG_LWIP_ESP_GRATUITOUS_ARP=y
-- CONFIG_LWIP_ESP_LWIP_ASSERT=y
-- CONFIG_LWIP_ESP_MLDV6_REPORT=y
-- CONFIG_LWIP_EXTRA_IRAM_OPTIMIZATION=
-- CONFIG_LWIP_FALLBACK_DNS_SERVER_SUPPORT=
-- CONFIG_LWIP_FORCE_ROUTER_FORWARDING=
-- CONFIG_LWIP_GARP_TMR_INTERVAL=60
-- CONFIG_LWIP_HOOK_DHCP_EXTRA_OPTION_CUSTOM=
-- CONFIG_LWIP_HOOK_DHCP_EXTRA_OPTION_DEFAULT=
-- CONFIG_LWIP_HOOK_DHCP_EXTRA_OPTION_NONE=y
-- CONFIG_LWIP_HOOK_DNS_EXT_RESOLVE_CUSTOM=
-- CONFIG_LWIP_HOOK_DNS_EXT_RESOLVE_NONE=y
-- CONFIG_LWIP_HOOK_IP6_INPUT_CUSTOM=
-- CONFIG_LWIP_HOOK_IP6_INPUT_DEFAULT=y
-- CONFIG_LWIP_HOOK_IP6_INPUT_NONE=
-- CONFIG_LWIP_HOOK_IP6_ROUTE_CUSTOM=
-- CONFIG_LWIP_HOOK_IP6_ROUTE_DEFAULT=
-- CONFIG_LWIP_HOOK_IP6_ROUTE_NONE=y
-- CONFIG_LWIP_HOOK_IP6_SELECT_SRC_ADDR_CUSTOM=
-- CONFIG_LWIP_HOOK_IP6_SELECT_SRC_ADDR_DEFAULT=
-- CONFIG_LWIP_HOOK_IP6_SELECT_SRC_ADDR_NONE=y
-- CONFIG_LWIP_HOOK_ND6_GET_GW_CUSTOM=
-- CONFIG_LWIP_HOOK_ND6_GET_GW_DEFAULT=
-- CONFIG_LWIP_HOOK_ND6_GET_GW_NONE=y
-- CONFIG_LWIP_HOOK_NETCONN_EXT_RESOLVE_CUSTOM=
-- CONFIG_LWIP_HOOK_NETCONN_EXT_RESOLVE_DEFAULT=
-- CONFIG_LWIP_HOOK_NETCONN_EXT_RESOLVE_NONE=y
-- CONFIG_LWIP_HOOK_TCP_ISN_CUSTOM=
-- CONFIG_LWIP_HOOK_TCP_ISN_DEFAULT=y
-- CONFIG_LWIP_HOOK_TCP_ISN_NONE=
-- CONFIG_LWIP_ICMP=y
-- CONFIG_LWIP_IP4_FRAG=y
-- CONFIG_LWIP_IP4_REASSEMBLY=
-- CONFIG_LWIP_IP6_FRAG=y
-- CONFIG_LWIP_IP6_REASSEMBLY=
-- CONFIG_LWIP_IPV4=y
-- CONFIG_LWIP_IPV6=y
-- CONFIG_LWIP_IPV6_AUTOCONFIG=
-- CONFIG_LWIP_IPV6_FORWARD=
-- CONFIG_LWIP_IPV6_MEMP_NUM_ND6_QUEUE=3
-- CONFIG_LWIP_IPV6_ND6_NUM_DESTINATIONS=10
-- CONFIG_LWIP_IPV6_ND6_NUM_NEIGHBORS=5
-- CONFIG_LWIP_IPV6_ND6_NUM_PREFIXES=5
-- CONFIG_LWIP_IPV6_ND6_NUM_ROUTERS=3
-- CONFIG_LWIP_IPV6_ND6_ROUTE_INFO_OPTION_SUPPORT=
-- CONFIG_LWIP_IPV6_NUM_ADDRESSES=3
-- CONFIG_LWIP_IP_DEFAULT_TTL=64
-- CONFIG_LWIP_IP_FORWARD=
-- CONFIG_LWIP_IP_REASS_MAX_PBUFS=10
-- CONFIG_LWIP_IRAM_OPTIMIZATION=
-- CONFIG_LWIP_L2_TO_L3_COPY=
-- CONFIG_LWIP_LOCAL_HOSTNAME=espressif
-- CONFIG_LWIP_LOOPBACK_MAX_PBUFS=8
-- CONFIG_LWIP_MAX_ACTIVE_TCP=16
-- CONFIG_LWIP_MAX_LISTENING_TCP=16
-- CONFIG_LWIP_MAX_RAW_PCBS=16
-- CONFIG_LWIP_MAX_SOCKETS=10
-- CONFIG_LWIP_MAX_UDP_PCBS=16
-- CONFIG_LWIP_MLDV6_TMR_INTERVAL=40
-- CONFIG_LWIP_MULTICAST_PING=
-- CONFIG_LWIP_ND6=y
-- CONFIG_LWIP_NETBUF_RECVINFO=
-- CONFIG_LWIP_NETIF_LOOPBACK=y
-- CONFIG_LWIP_NETIF_STATUS_CALLBACK=
-- CONFIG_LWIP_NUM_NETIF_CLIENT_DATA=0
-- CONFIG_LWIP_PPP_SUPPORT=
-- CONFIG_LWIP_SLIP_SUPPORT=
-- CONFIG_LWIP_SNTP_MAXIMUM_STARTUP_DELAY=5000
-- CONFIG_LWIP_SNTP_MAX_SERVERS=1
-- CONFIG_LWIP_SNTP_STARTUP_DELAY=y
-- CONFIG_LWIP_SNTP_UPDATE_DELAY=3600000
-- CONFIG_LWIP_SO_LINGER=
-- CONFIG_LWIP_SO_RCVBUF=
-- CONFIG_LWIP_SO_REUSE=y
-- CONFIG_LWIP_SO_REUSE_RXTOALL=y
-- CONFIG_LWIP_STATS=
-- CONFIG_LWIP_TCPIP_CORE_LOCKING=
-- CONFIG_LWIP_TCPIP_RECVMBOX_SIZE=32
-- CONFIG_LWIP_TCPIP_TASK_AFFINITY=0x7fffffff
-- CONFIG_LWIP_TCPIP_TASK_AFFINITY_CPU0=
-- CONFIG_LWIP_TCPIP_TASK_AFFINITY_NO_AFFINITY=y
-- CONFIG_LWIP_TCPIP_TASK_PRIO=18
-- CONFIG_LWIP_TCPIP_TASK_STACK_SIZE=3072
-- CONFIG_LWIP_TCP_ACCEPTMBOX_SIZE=6
-- CONFIG_LWIP_TCP_FIN_WAIT_TIMEOUT=20000
-- CONFIG_LWIP_TCP_HIGH_SPEED_RETRANSMISSION=y
-- CONFIG_LWIP_TCP_MAXRTX=12
-- CONFIG_LWIP_TCP_MSL=60000
-- CONFIG_LWIP_TCP_MSS=1440
-- CONFIG_LWIP_TCP_OOSEQ_MAX_PBUFS=4
-- CONFIG_LWIP_TCP_OOSEQ_TIMEOUT=6
-- CONFIG_LWIP_TCP_OVERSIZE_DISABLE=
-- CONFIG_LWIP_TCP_OVERSIZE_MSS=y
-- CONFIG_LWIP_TCP_OVERSIZE_QUARTER_MSS=
-- CONFIG_LWIP_TCP_QUEUE_OOSEQ=y
-- CONFIG_LWIP_TCP_RECVMBOX_SIZE=6
-- CONFIG_LWIP_TCP_RTO_TIME=1500
-- CONFIG_LWIP_TCP_SACK_OUT=
-- CONFIG_LWIP_TCP_SND_BUF_DEFAULT=5760
-- CONFIG_LWIP_TCP_SYNMAXRTX=12
-- CONFIG_LWIP_TCP_TMR_INTERVAL=250
-- CONFIG_LWIP_TCP_WND_DEFAULT=5760
-- CONFIG_LWIP_TIMERS_ONDEMAND=y
-- CONFIG_LWIP_UDP_RECVMBOX_SIZE=6
-- CONFIG_LWIP_USE_ESP_GETADDRINFO=
-- CONFIG_LWIP_USE_ONLY_LWIP_SELECT=
-- CONFIG_MAIN_TASK_STACK_SIZE=10500
-- CONFIG_MBEDTLS_AES_C=y
-- CONFIG_MBEDTLS_ALLOW_WEAK_CERTIFICATE_VERIFICATION=
-- CONFIG_MBEDTLS_ASYMMETRIC_CONTENT_LEN=y
-- CONFIG_MBEDTLS_ATCA_HW_ECDSA_SIGN=
-- CONFIG_MBEDTLS_ATCA_HW_ECDSA_VERIFY=
-- CONFIG_MBEDTLS_BLOWFISH_C=
-- CONFIG_MBEDTLS_CAMELLIA_C=
-- CONFIG_MBEDTLS_CCM_C=y
-- CONFIG_MBEDTLS_CERTIFICATE_BUNDLE=
-- CONFIG_MBEDTLS_CHACHA20_C=
-- CONFIG_MBEDTLS_CLIENT_SSL_SESSION_TICKETS=y
-- CONFIG_MBEDTLS_CMAC_C=y
-- CONFIG_MBEDTLS_CUSTOM_MEM_ALLOC=
-- CONFIG_MBEDTLS_DEBUG=
-- CONFIG_MBEDTLS_DEFAULT_MEM_ALLOC=
-- CONFIG_MBEDTLS_DES_C=
-- CONFIG_MBEDTLS_DHM_C=
-- CONFIG_MBEDTLS_DYNAMIC_BUFFER=
-- CONFIG_MBEDTLS_ECDH_C=y
-- CONFIG_MBEDTLS_ECDSA_C=y
-- CONFIG_MBEDTLS_ECDSA_DETERMINISTIC=y
-- CONFIG_MBEDTLS_ECJPAKE_C=
-- CONFIG_MBEDTLS_ECP_C=y
-- CONFIG_MBEDTLS_ECP_DP_BP256R1_ENABLED=y
-- CONFIG_MBEDTLS_ECP_DP_BP384R1_ENABLED=y
-- CONFIG_MBEDTLS_ECP_DP_BP512R1_ENABLED=y
-- CONFIG_MBEDTLS_ECP_DP_CURVE25519_ENABLED=y
-- CONFIG_MBEDTLS_ECP_DP_SECP192K1_ENABLED=y
-- CONFIG_MBEDTLS_ECP_DP_SECP192R1_ENABLED=y
-- CONFIG_MBEDTLS_ECP_DP_SECP224K1_ENABLED=y
-- CONFIG_MBEDTLS_ECP_DP_SECP224R1_ENABLED=y
-- CONFIG_MBEDTLS_ECP_DP_SECP256K1_ENABLED=y
-- CONFIG_MBEDTLS_ECP_DP_SECP256R1_ENABLED=y
-- CONFIG_MBEDTLS_ECP_DP_SECP384R1_ENABLED=y
-- CONFIG_MBEDTLS_ECP_DP_SECP521R1_ENABLED=y
-- CONFIG_MBEDTLS_ECP_FIXED_POINT_OPTIM=
-- CONFIG_MBEDTLS_ECP_NIST_OPTIM=y
-- CONFIG_MBEDTLS_ECP_RESTARTABLE=
-- CONFIG_MBEDTLS_ERROR_STRINGS=y
-- CONFIG_MBEDTLS_FS_IO=y
-- CONFIG_MBEDTLS_GCM_C=y
-- CONFIG_MBEDTLS_GCM_SUPPORT_NON_AES_CIPHER=y
-- CONFIG_MBEDTLS_HARDWARE_AES=y
-- CONFIG_MBEDTLS_HARDWARE_MPI=y
-- CONFIG_MBEDTLS_HARDWARE_SHA=y
-- CONFIG_MBEDTLS_HAVE_TIME=y
-- CONFIG_MBEDTLS_HAVE_TIME_DATE=
-- CONFIG_MBEDTLS_HKDF_C=
-- CONFIG_MBEDTLS_INTERNAL_MEM_ALLOC=y
-- CONFIG_MBEDTLS_KEY_EXCHANGE_ECDHE_ECDSA=y
-- CONFIG_MBEDTLS_KEY_EXCHANGE_ECDHE_RSA=y
-- CONFIG_MBEDTLS_KEY_EXCHANGE_ECDH_ECDSA=y
-- CONFIG_MBEDTLS_KEY_EXCHANGE_ECDH_RSA=y
-- CONFIG_MBEDTLS_KEY_EXCHANGE_ELLIPTIC_CURVE=y
-- CONFIG_MBEDTLS_KEY_EXCHANGE_RSA=y
-- CONFIG_MBEDTLS_LARGE_KEY_SOFTWARE_MPI=
-- CONFIG_MBEDTLS_NIST_KW_C=
-- CONFIG_MBEDTLS_PEM_PARSE_C=y
-- CONFIG_MBEDTLS_PEM_WRITE_C=y
-- CONFIG_MBEDTLS_PKCS7_C=y
-- CONFIG_MBEDTLS_PK_PARSE_EC_COMPRESSED=y
-- CONFIG_MBEDTLS_PK_PARSE_EC_EXTENDED=y
-- CONFIG_MBEDTLS_PLATFORM_TIME_ALT=
-- CONFIG_MBEDTLS_POLY1305_C=
-- CONFIG_MBEDTLS_PSK_MODES=
-- CONFIG_MBEDTLS_RIPEMD160_C=
-- CONFIG_MBEDTLS_ROM_MD5=y
-- CONFIG_MBEDTLS_SERVER_SSL_SESSION_TICKETS=y
-- CONFIG_MBEDTLS_SHA1_C=y
-- CONFIG_MBEDTLS_SHA3_C=
-- CONFIG_MBEDTLS_SHA512_C=y
-- CONFIG_MBEDTLS_SSL_ALPN=y
-- CONFIG_MBEDTLS_SSL_CONTEXT_SERIALIZATION=
-- CONFIG_MBEDTLS_SSL_IN_CONTENT_LEN=16384
-- CONFIG_MBEDTLS_SSL_KEEP_PEER_CERTIFICATE=y
-- CONFIG_MBEDTLS_SSL_KEYING_MATERIAL_EXPORT=
-- CONFIG_MBEDTLS_SSL_OUT_CONTENT_LEN=4096
-- CONFIG_MBEDTLS_SSL_PROTO_DTLS=
-- CONFIG_MBEDTLS_SSL_PROTO_GMTSSL1_1=
-- CONFIG_MBEDTLS_SSL_PROTO_TLS1_2=y
-- CONFIG_MBEDTLS_SSL_PROTO_TLS1_3=
-- CONFIG_MBEDTLS_SSL_RENEGOTIATION=y
-- CONFIG_MBEDTLS_SSL_VARIABLE_BUFFER_LENGTH=
-- CONFIG_MBEDTLS_THREADING_C=
-- CONFIG_MBEDTLS_TLS_CLIENT=y
-- CONFIG_MBEDTLS_TLS_CLIENT_ONLY=
-- CONFIG_MBEDTLS_TLS_DISABLED=
-- CONFIG_MBEDTLS_TLS_ENABLED=y
-- CONFIG_MBEDTLS_TLS_SERVER=y
-- CONFIG_MBEDTLS_TLS_SERVER_AND_CLIENT=y
-- CONFIG_MBEDTLS_TLS_SERVER_ONLY=
-- CONFIG_MBEDTLS_X509_CRL_PARSE_C=y
-- CONFIG_MBEDTLS_X509_CSR_PARSE_C=y
-- CONFIG_MBEDTLS_X509_TRUSTED_CERT_CALLBACK=
-- CONFIG_MBEDTLS_XTEA_C=
-- CONFIG_MCPWM_CTRL_FUNC_IN_IRAM=
-- CONFIG_MCPWM_ENABLE_DEBUG_LOG=
-- CONFIG_MCPWM_ISR_CACHE_SAFE=
-- CONFIG_MCPWM_ISR_HANDLER_IN_IRAM=y
-- CONFIG_MCPWM_ISR_IRAM_SAFE=
-- CONFIG_MCPWM_OBJ_CACHE_SAFE=y
-- CONFIG_MCPWM_SKIP_LEGACY_CONFLICT_CHECK=
-- CONFIG_MCPWM_SUPPRESS_DEPRECATE_WARN=
-- CONFIG_MMU_PAGE_MODE=64KB
-- CONFIG_MMU_PAGE_SIZE=0x10000
-- CONFIG_MMU_PAGE_SIZE_64KB=y
-- CONFIG_MONITOR_BAUD=115200
-- CONFIG_MQTT_CUSTOM_OUTBOX=
-- CONFIG_MQTT_MSG_ID_INCREMENTAL=
-- CONFIG_MQTT_PROTOCOL_311=y
-- CONFIG_MQTT_PROTOCOL_5=
-- CONFIG_MQTT_REPORT_DELETED_MESSAGES=
-- CONFIG_MQTT_SKIP_PUBLISH_IF_DISCONNECTED=
-- CONFIG_MQTT_TASK_CORE_SELECTION_ENABLED=
-- CONFIG_MQTT_TRANSPORT_SSL=y
-- CONFIG_MQTT_TRANSPORT_WEBSOCKET=y
-- CONFIG_MQTT_TRANSPORT_WEBSOCKET_SECURE=y
-- CONFIG_MQTT_USE_CUSTOM_CONFIG=
-- CONFIG_NEWLIB_NANO_FORMAT=
-- CONFIG_NEWLIB_STDIN_LINE_ENDING_CR=y
-- CONFIG_NEWLIB_STDIN_LINE_ENDING_CRLF=
-- CONFIG_NEWLIB_STDIN_LINE_ENDING_LF=
-- CONFIG_NEWLIB_STDOUT_LINE_ENDING_CR=
-- CONFIG_NEWLIB_STDOUT_LINE_ENDING_CRLF=y
-- CONFIG_NEWLIB_STDOUT_LINE_ENDING_LF=
-- CONFIG_NEWLIB_TIME_SYSCALL_USE_HRT=
-- CONFIG_NEWLIB_TIME_SYSCALL_USE_NONE=
-- CONFIG_NEWLIB_TIME_SYSCALL_USE_RTC=
-- CONFIG_NEWLIB_TIME_SYSCALL_USE_RTC_HRT=y
-- CONFIG_NO_BLOBS=
-- CONFIG_NUMBER_OF_UNIVERSAL_MAC_ADDRESS=4
-- CONFIG_NVS_ASSERT_ERROR_CHECK=
-- CONFIG_NVS_LEGACY_DUP_KEYS_COMPATIBILITY=
-- CONFIG_OPENTHREAD_DEBUG=
-- CONFIG_OPENTHREAD_ENABLED=
-- CONFIG_OPENTHREAD_SPINEL_ONLY=
-- CONFIG_OPTIMIZATION_ASSERTIONS_DISABLED=
-- CONFIG_OPTIMIZATION_ASSERTIONS_ENABLED=y
-- CONFIG_OPTIMIZATION_ASSERTIONS_SILENT=
-- CONFIG_OPTIMIZATION_ASSERTION_LEVEL=2
-- CONFIG_OPTIMIZATION_LEVEL_DEBUG=y
-- CONFIG_OPTIMIZATION_LEVEL_RELEASE=
-- CONFIG_OTA_ALLOW_HTTP=
-- CONFIG_PARTITION_TABLE_CUSTOM=
-- CONFIG_PARTITION_TABLE_CUSTOM_FILENAME=partitions.csv
-- CONFIG_PARTITION_TABLE_FILENAME=partitions_singleapp_large.csv
-- CONFIG_PARTITION_TABLE_MD5=y
-- CONFIG_PARTITION_TABLE_OFFSET=0x8000
-- CONFIG_PARTITION_TABLE_SINGLE_APP=
-- CONFIG_PARTITION_TABLE_SINGLE_APP_LARGE=y
-- CONFIG_PARTITION_TABLE_TWO_OTA=
-- CONFIG_PARTITION_TABLE_TWO_OTA_LARGE=
-- CONFIG_PCNT_CTRL_FUNC_IN_IRAM=
-- CONFIG_PCNT_ENABLE_DEBUG_LOG=
-- CONFIG_PCNT_ISR_IRAM_SAFE=
-- CONFIG_PCNT_SKIP_LEGACY_CONFLICT_CHECK=
-- CONFIG_PCNT_SUPPRESS_DEPRECATE_WARN=
-- CONFIG_PERIPH_CTRL_FUNC_IN_IRAM=y
-- CONFIG_PM_ENABLE=
-- CONFIG_PM_SLEEP_FUNC_IN_IRAM=
-- CONFIG_PM_SLP_IRAM_OPT=
-- CONFIG_POST_EVENTS_FROM_IRAM_ISR=y
-- CONFIG_POST_EVENTS_FROM_ISR=y
-- CONFIG_PPP_SUPPORT=
-- CONFIG_PTHREAD_STACK_MIN=768
-- CONFIG_PTHREAD_TASK_CORE_DEFAULT=-1
-- CONFIG_PTHREAD_TASK_NAME_DEFAULT=pthread
-- CONFIG_PTHREAD_TASK_PRIO_DEFAULT=5
-- CONFIG_PTHREAD_TASK_STACK_SIZE_DEFAULT=3072
-- CONFIG_REDUCE_PHY_TX_POWER=
-- CONFIG_RINGBUF_PLACE_FUNCTIONS_INTO_FLASH=
-- CONFIG_RMT_ENABLE_DEBUG_LOG=
-- CONFIG_RMT_ENCODER_FUNC_IN_IRAM=y
-- CONFIG_RMT_ISR_IRAM_SAFE=
-- CONFIG_RMT_OBJ_CACHE_SAFE=y
-- CONFIG_RMT_RECV_FUNC_IN_IRAM=
-- CONFIG_RMT_RX_ISR_CACHE_SAFE=
-- CONFIG_RMT_RX_ISR_HANDLER_IN_IRAM=y
-- CONFIG_RMT_SKIP_LEGACY_CONFLICT_CHECK=
-- CONFIG_RMT_SUPPRESS_DEPRECATE_WARN=
-- CONFIG_RMT_TX_ISR_CACHE_SAFE=
-- CONFIG_RMT_TX_ISR_HANDLER_IN_IRAM=y
-- CONFIG_RTC_CLK_CAL_CYCLES=1024
-- CONFIG_RTC_CLK_FUNC_IN_IRAM=y
-- CONFIG_RTC_CLK_SRC_EXT_CRYS=
-- CONFIG_RTC_CLK_SRC_EXT_OSC=
-- CONFIG_RTC_CLK_SRC_INT_8MD256=
-- CONFIG_RTC_CLK_SRC_INT_RC=y
-- CONFIG_RTC_TIME_FUNC_IN_IRAM=y
-- CONFIG_SDM_CTRL_FUNC_IN_IRAM=
-- CONFIG_SDM_ENABLE_DEBUG_LOG=
-- CONFIG_SDM_SKIP_LEGACY_CONFLICT_CHECK=
-- CONFIG_SDM_SUPPRESS_DEPRECATE_WARN=
-- CONFIG_SECURE_BOOT=
-- CONFIG_SECURE_BOOT_V1_SUPPORTED=y
-- CONFIG_SECURE_FLASH_ENC_ENABLED=
-- CONFIG_SECURE_SIGNED_APPS_NO_SECURE_BOOT=
-- CONFIG_SEMIHOSTFS_MAX_MOUNT_POINTS=1
-- CONFIG_SOC_ADC_ATTEN_NUM=4
-- CONFIG_SOC_ADC_DIGI_CONTROLLER_NUM=2
-- CONFIG_SOC_ADC_DIGI_DATA_BYTES_PER_CONV=4
-- CONFIG_SOC_ADC_DIGI_MAX_BITWIDTH=12
-- CONFIG_SOC_ADC_DIGI_MIN_BITWIDTH=9
-- CONFIG_SOC_ADC_DIGI_MONITOR_NUM=0
-- CONFIG_SOC_ADC_DIGI_RESULT_BYTES=2
-- CONFIG_SOC_ADC_DIG_CTRL_SUPPORTED=y
-- CONFIG_SOC_ADC_DMA_SUPPORTED=y
-- CONFIG_SOC_ADC_MAX_CHANNEL_NUM=10
-- CONFIG_SOC_ADC_PATT_LEN_MAX=16
-- CONFIG_SOC_ADC_PERIPH_NUM=2
-- CONFIG_SOC_ADC_RTC_CTRL_SUPPORTED=y
-- CONFIG_SOC_ADC_RTC_MAX_BITWIDTH=12
-- CONFIG_SOC_ADC_RTC_MIN_BITWIDTH=9
-- CONFIG_SOC_ADC_SAMPLE_FREQ_THRES_HIGH=2
-- CONFIG_SOC_ADC_SAMPLE_FREQ_THRES_LOW=20
-- CONFIG_SOC_ADC_SHARED_POWER=y
-- CONFIG_SOC_ADC_SUPPORTED=y
-- CONFIG_SOC_AES_SUPPORTED=y
-- CONFIG_SOC_AES_SUPPORT_AES_128=y
-- CONFIG_SOC_AES_SUPPORT_AES_192=y
-- CONFIG_SOC_AES_SUPPORT_AES_256=y
-- CONFIG_SOC_BLE_MESH_SUPPORTED=y
-- CONFIG_SOC_BLE_MULTI_CONN_OPTIMIZATION=y
-- CONFIG_SOC_BLE_SUPPORTED=y
-- CONFIG_SOC_BLUFI_SUPPORTED=y
-- CONFIG_SOC_BOD_SUPPORTED=y
-- CONFIG_SOC_BROWNOUT_RESET_SUPPORTED=y
-- CONFIG_SOC_BT_CLASSIC_SUPPORTED=y
-- CONFIG_SOC_BT_H2C_ENC_KEY_CTRL_ENH_VSC_SUPPORTED=y
-- CONFIG_SOC_BT_SUPPORTED=y
-- CONFIG_SOC_CAPS_ECO_VER_MAX=301
-- CONFIG_SOC_CCOMP_TIMER_SUPPORTED=y
-- CONFIG_SOC_CLK_APLL_SUPPORTED=y
-- CONFIG_SOC_CLK_LP_FAST_SUPPORT_XTAL_D4=y
-- CONFIG_SOC_CLK_RC_FAST_D256_SUPPORTED=y
-- CONFIG_SOC_CLK_RC_FAST_SUPPORT_CALIBRATION=y
-- CONFIG_SOC_CLK_TREE_SUPPORTED=y
-- CONFIG_SOC_CLK_XTAL32K_SUPPORTED=y
-- CONFIG_SOC_CONFIGURABLE_VDDSDIO_SUPPORTED=y
-- CONFIG_SOC_CPU_BREAKPOINTS_NUM=2
-- CONFIG_SOC_CPU_CORES_NUM=2
-- CONFIG_SOC_CPU_HAS_FPU=y
-- CONFIG_SOC_CPU_INTR_NUM=32
-- CONFIG_SOC_CPU_WATCHPOINTS_NUM=2
-- CONFIG_SOC_CPU_WATCHPOINT_MAX_REGION_SIZE=0x40
-- CONFIG_SOC_DAC_CHAN_NUM=2
-- CONFIG_SOC_DAC_DMA_16BIT_ALIGN=y
-- CONFIG_SOC_DAC_RESOLUTION=8
-- CONFIG_SOC_DAC_SUPPORTED=y
-- CONFIG_SOC_DEEP_SLEEP_SUPPORTED=y
-- CONFIG_SOC_DPORT_WORKAROUND_DIS_INTERRUPT_LVL=5
-- CONFIG_SOC_EFUSE_SECURE_BOOT_KEY_DIGESTS=1
-- CONFIG_SOC_EFUSE_SUPPORTED=y
-- CONFIG_SOC_EMAC_RMII_CLK_OUT_INTERNAL_LOOPBACK=y
-- CONFIG_SOC_EMAC_SUPPORTED=y
-- CONFIG_SOC_FLASH_ENCRYPTED_XTS_AES_BLOCK_MAX=32
-- CONFIG_SOC_FLASH_ENC_SUPPORTED=y
-- CONFIG_SOC_GPIO_CLOCKOUT_BY_IO_MUX=y
-- CONFIG_SOC_GPIO_CLOCKOUT_CHANNEL_NUM=3
-- CONFIG_SOC_GPIO_IN_RANGE_MAX=39
-- CONFIG_SOC_GPIO_OUT_RANGE_MAX=33
-- CONFIG_SOC_GPIO_PIN_COUNT=40
-- CONFIG_SOC_GPIO_PORT=1
-- CONFIG_SOC_GPIO_VALID_DIGITAL_IO_PAD_MASK=0xef0fea
-- CONFIG_SOC_GPIO_VALID_GPIO_MASK=0xffffffffff
-- CONFIG_SOC_GPSPI_SUPPORTED=y
-- CONFIG_SOC_GPTIMER_SUPPORTED=y
-- CONFIG_SOC_HP_CPU_HAS_MULTIPLE_CORES=y
-- CONFIG_SOC_HP_I2C_NUM=2
-- CONFIG_SOC_I2C_CMD_REG_NUM=16
-- CONFIG_SOC_I2C_FIFO_LEN=32
-- CONFIG_SOC_I2C_NUM=2
-- CONFIG_SOC_I2C_STOP_INDEPENDENT=y
-- CONFIG_SOC_I2C_SUPPORTED=y
-- CONFIG_SOC_I2C_SUPPORT_10BIT_ADDR=y
-- CONFIG_SOC_I2C_SUPPORT_APB=y
-- CONFIG_SOC_I2C_SUPPORT_SLAVE=y
-- CONFIG_SOC_I2S_HW_VERSION_1=y
-- CONFIG_SOC_I2S_LCD_I80_VARIANT=y
-- CONFIG_SOC_I2S_MAX_DATA_WIDTH=24
-- CONFIG_SOC_I2S_NUM=2
-- CONFIG_SOC_I2S_PDM_MAX_RX_LINES=1
-- CONFIG_SOC_I2S_PDM_MAX_TX_LINES=1
-- CONFIG_SOC_I2S_SUPPORTED=y
-- CONFIG_SOC_I2S_SUPPORTS_ADC=y
-- CONFIG_SOC_I2S_SUPPORTS_ADC_DAC=y
-- CONFIG_SOC_I2S_SUPPORTS_APLL=y
-- CONFIG_SOC_I2S_SUPPORTS_DAC=y
-- CONFIG_SOC_I2S_SUPPORTS_LCD_CAMERA=y
-- CONFIG_SOC_I2S_SUPPORTS_PCM2PDM=y
-- CONFIG_SOC_I2S_SUPPORTS_PDM=y
-- CONFIG_SOC_I2S_SUPPORTS_PDM2PCM=y
-- CONFIG_SOC_I2S_SUPPORTS_PDM_RX=y
-- CONFIG_SOC_I2S_SUPPORTS_PDM_TX=y
-- CONFIG_SOC_I2S_SUPPORTS_PLL_F160M=y
-- CONFIG_SOC_I2S_TRANS_SIZE_ALIGN_WORD=y
-- CONFIG_SOC_IDCACHE_PER_CORE=y
-- CONFIG_SOC_LCD_I80_BUSES=2
-- CONFIG_SOC_LCD_I80_BUS_WIDTH=24
-- CONFIG_SOC_LCD_I80_SUPPORTED=y
-- CONFIG_SOC_LEDC_CHANNEL_NUM=8
-- CONFIG_SOC_LEDC_HAS_TIMER_SPECIFIC_MUX=y
-- CONFIG_SOC_LEDC_SUPPORTED=y
-- CONFIG_SOC_LEDC_SUPPORT_APB_CLOCK=y
-- CONFIG_SOC_LEDC_SUPPORT_HS_MODE=y
-- CONFIG_SOC_LEDC_SUPPORT_REF_TICK=y
-- CONFIG_SOC_LEDC_TIMER_BIT_WIDTH=20
-- CONFIG_SOC_LEDC_TIMER_NUM=4
-- CONFIG_SOC_LIGHT_SLEEP_SUPPORTED=y
-- CONFIG_SOC_LP_PERIPH_SHARE_INTERRUPT=y
-- CONFIG_SOC_LP_TIMER_BIT_WIDTH_HI=16
-- CONFIG_SOC_LP_TIMER_BIT_WIDTH_LO=32
-- CONFIG_SOC_MCPWM_CAPTURE_CHANNELS_PER_TIMER=3
-- CONFIG_SOC_MCPWM_CAPTURE_TIMERS_PER_GROUP=y
-- CONFIG_SOC_MCPWM_COMPARATORS_PER_OPERATOR=2
-- CONFIG_SOC_MCPWM_GENERATORS_PER_OPERATOR=2
-- CONFIG_SOC_MCPWM_GPIO_FAULTS_PER_GROUP=3
-- CONFIG_SOC_MCPWM_GPIO_SYNCHROS_PER_GROUP=3
-- CONFIG_SOC_MCPWM_GROUPS=2
-- CONFIG_SOC_MCPWM_OPERATORS_PER_GROUP=3
-- CONFIG_SOC_MCPWM_SUPPORTED=y
-- CONFIG_SOC_MCPWM_TIMERS_PER_GROUP=3
-- CONFIG_SOC_MCPWM_TRIGGERS_PER_OPERATOR=2
-- CONFIG_SOC_MEMSPI_ENCRYPTION_ALIGNMENT=16
-- CONFIG_SOC_MMU_LINEAR_ADDRESS_REGION_NUM=3
-- CONFIG_SOC_MMU_PERIPH_NUM=2
-- CONFIG_SOC_MPI_MEM_BLOCKS_NUM=4
-- CONFIG_SOC_MPI_OPERATIONS_NUM=1
-- CONFIG_SOC_MPI_SUPPORTED=y
-- CONFIG_SOC_MPU_MIN_REGION_SIZE=0x20000000
-- CONFIG_SOC_MPU_REGIONS_MAX_NUM=8
-- CONFIG_SOC_MPU_SUPPORTED=y
-- CONFIG_SOC_PCNT_CHANNELS_PER_UNIT=2
-- CONFIG_SOC_PCNT_GROUPS=1
-- CONFIG_SOC_PCNT_SUPPORTED=y
-- CONFIG_SOC_PCNT_THRES_POINT_PER_UNIT=2
-- CONFIG_SOC_PCNT_UNITS_PER_GROUP=8
-- CONFIG_SOC_PHY_COMBO_MODULE=y
-- CONFIG_SOC_PHY_DIG_REGS_MEM_SIZE=21
-- CONFIG_SOC_PHY_SUPPORTED=y
-- CONFIG_SOC_PM_MODEM_PD_BY_SW=y
-- CONFIG_SOC_PM_SUPPORTED=y
-- CONFIG_SOC_PM_SUPPORT_EXT0_WAKEUP=y
-- CONFIG_SOC_PM_SUPPORT_EXT1_WAKEUP=y
-- CONFIG_SOC_PM_SUPPORT_EXT_WAKEUP=y
-- CONFIG_SOC_PM_SUPPORT_MODEM_PD=y
-- CONFIG_SOC_PM_SUPPORT_RC_FAST_PD=y
-- CONFIG_SOC_PM_SUPPORT_RTC_FAST_MEM_PD=y
-- CONFIG_SOC_PM_SUPPORT_RTC_PERIPH_PD=y
-- CONFIG_SOC_PM_SUPPORT_RTC_SLOW_MEM_PD=y
-- CONFIG_SOC_PM_SUPPORT_TOUCH_SENSOR_WAKEUP=y
-- CONFIG_SOC_PM_SUPPORT_VDDSDIO_PD=y
-- CONFIG_SOC_RMT_CHANNELS_PER_GROUP=8
-- CONFIG_SOC_RMT_CHANNEL_CLK_INDEPENDENT=y
-- CONFIG_SOC_RMT_GROUPS=1
-- CONFIG_SOC_RMT_MEM_WORDS_PER_CHANNEL=64
-- CONFIG_SOC_RMT_RX_CANDIDATES_PER_GROUP=8
-- CONFIG_SOC_RMT_SUPPORTED=y
-- CONFIG_SOC_RMT_SUPPORT_APB=y
-- CONFIG_SOC_RMT_SUPPORT_REF_TICK=y
-- CONFIG_SOC_RMT_TX_CANDIDATES_PER_GROUP=8
-- CONFIG_SOC_RNG_SUPPORTED=y
-- CONFIG_SOC_RSA_MAX_BIT_LEN=4096
-- CONFIG_SOC_RTCIO_HOLD_SUPPORTED=y
-- CONFIG_SOC_RTCIO_INPUT_OUTPUT_SUPPORTED=y
-- CONFIG_SOC_RTCIO_PIN_COUNT=18
-- CONFIG_SOC_RTCIO_WAKE_SUPPORTED=y
-- CONFIG_SOC_RTC_CNTL_NEEDS_ATOMIC_ACCESS=y
-- CONFIG_SOC_RTC_FAST_MEM_SUPPORTED=y
-- CONFIG_SOC_RTC_MEM_SUPPORTED=y
-- CONFIG_SOC_RTC_SLOW_CLK_SUPPORT_RC_FAST_D256=y
-- CONFIG_SOC_RTC_SLOW_MEM_SUPPORTED=y
-- CONFIG_SOC_SDIO_SLAVE_SUPPORTED=y
-- CONFIG_SOC_SDMMC_HOST_SUPPORTED=y
-- CONFIG_SOC_SDMMC_NUM_SLOTS=2
-- CONFIG_SOC_SDMMC_USE_IOMUX=y
-- CONFIG_SOC_SDM_CHANNELS_PER_GROUP=8
-- CONFIG_SOC_SDM_CLK_SUPPORT_APB=y
-- CONFIG_SOC_SDM_GROUPS=1
-- CONFIG_SOC_SDM_SUPPORTED=y
-- CONFIG_SOC_SECURE_BOOT_SUPPORTED=y
-- CONFIG_SOC_SECURE_BOOT_V1=y
-- CONFIG_SOC_SHARED_IDCACHE_SUPPORTED=y
-- CONFIG_SOC_SHA_ENDIANNESS_BE=y
-- CONFIG_SOC_SHA_SUPPORTED=y
-- CONFIG_SOC_SHA_SUPPORT_PARALLEL_ENG=y
-- CONFIG_SOC_SHA_SUPPORT_SHA1=y
-- CONFIG_SOC_SHA_SUPPORT_SHA256=y
-- CONFIG_SOC_SHA_SUPPORT_SHA384=y
-- CONFIG_SOC_SHA_SUPPORT_SHA512=y
-- CONFIG_SOC_SPIRAM_SUPPORTED=y
-- CONFIG_SOC_SPI_AS_CS_SUPPORTED=y
-- CONFIG_SOC_SPI_DMA_CHAN_NUM=2
-- CONFIG_SOC_SPI_FLASH_SUPPORTED=y
-- CONFIG_SOC_SPI_HD_BOTH_INOUT_SUPPORTED=y
-- CONFIG_SOC_SPI_MAXIMUM_BUFFER_SIZE=64
-- CONFIG_SOC_SPI_MAX_CS_NUM=3
-- CONFIG_SOC_SPI_MAX_PRE_DIVIDER=8192
-- CONFIG_SOC_SPI_MEM_SUPPORT_CONFIG_GPIO_BY_EFUSE=y
-- CONFIG_SOC_SPI_PERIPH_NUM=3
-- CONFIG_SOC_SPI_SUPPORT_CLK_APB=y
-- CONFIG_SOC_SUPPORT_COEXISTENCE=y
-- CONFIG_SOC_TIMER_GROUPS=2
-- CONFIG_SOC_TIMER_GROUP_COUNTER_BIT_WIDTH=64
-- CONFIG_SOC_TIMER_GROUP_SUPPORT_APB=y
-- CONFIG_SOC_TIMER_GROUP_TIMERS_PER_GROUP=2
-- CONFIG_SOC_TIMER_GROUP_TOTAL_TIMERS=4
-- CONFIG_SOC_TOUCH_MAX_CHAN_ID=9
-- CONFIG_SOC_TOUCH_MIN_CHAN_ID=0
-- CONFIG_SOC_TOUCH_SAMPLE_CFG_NUM=1
-- CONFIG_SOC_TOUCH_SENSOR_NUM=10
-- CONFIG_SOC_TOUCH_SENSOR_SUPPORTED=y
-- CONFIG_SOC_TOUCH_SENSOR_VERSION=1
-- CONFIG_SOC_TOUCH_SUPPORT_SLEEP_WAKEUP=y
-- CONFIG_SOC_TWAI_BRP_MIN=2
-- CONFIG_SOC_TWAI_CLK_SUPPORT_APB=y
-- CONFIG_SOC_TWAI_CONTROLLER_NUM=1
-- CONFIG_SOC_TWAI_MASK_FILTER_NUM=1
-- CONFIG_SOC_TWAI_SUPPORTED=y
-- CONFIG_SOC_TWAI_SUPPORT_MULTI_ADDRESS_LAYOUT=y
-- CONFIG_SOC_UART_BITRATE_MAX=5000000
-- CONFIG_SOC_UART_FIFO_LEN=128
-- CONFIG_SOC_UART_HP_NUM=3
-- CONFIG_SOC_UART_NUM=3
-- CONFIG_SOC_UART_SUPPORTED=y
-- CONFIG_SOC_UART_SUPPORT_APB_CLK=y
-- CONFIG_SOC_UART_SUPPORT_REF_TICK=y
-- CONFIG_SOC_UART_WAKEUP_SUPPORT_ACTIVE_THRESH_MODE=y
-- CONFIG_SOC_ULP_FSM_SUPPORTED=y
-- CONFIG_SOC_ULP_HAS_ADC=y
-- CONFIG_SOC_ULP_SUPPORTED=y
-- CONFIG_SOC_WDT_SUPPORTED=y
-- CONFIG_SOC_WIFI_CSI_SUPPORT=y
-- CONFIG_SOC_WIFI_MESH_SUPPORT=y
-- CONFIG_SOC_WIFI_NAN_SUPPORT=y
-- CONFIG_SOC_WIFI_SUPPORTED=y
-- CONFIG_SOC_WIFI_SUPPORT_VARIABLE_BEACON_WINDOW=y
-- CONFIG_SOC_WIFI_WAPI_SUPPORT=y
-- CONFIG_SOC_XTAL_SUPPORT_26M=y
-- CONFIG_SOC_XTAL_SUPPORT_40M=y
-- CONFIG_SOC_XTAL_SUPPORT_AUTO_DETECT=y
-- CONFIG_SPIFFS_API_DBG=
-- CONFIG_SPIFFS_CACHE=y
-- CONFIG_SPIFFS_CACHE_DBG=
-- CONFIG_SPIFFS_CACHE_STATS=
-- CONFIG_SPIFFS_CACHE_WR=y
-- CONFIG_SPIFFS_CHECK_DBG=
-- CONFIG_SPIFFS_DBG=
-- CONFIG_SPIFFS_FOLLOW_SYMLINKS=
-- CONFIG_SPIFFS_GC_DBG=
-- CONFIG_SPIFFS_GC_MAX_RUNS=10
-- CONFIG_SPIFFS_GC_STATS=
-- CONFIG_SPIFFS_MAX_PARTITIONS=3
-- CONFIG_SPIFFS_META_LENGTH=4
-- CONFIG_SPIFFS_OBJ_NAME_LEN=32
-- CONFIG_SPIFFS_PAGE_CHECK=y
-- CONFIG_SPIFFS_PAGE_SIZE=256
-- CONFIG_SPIFFS_TEST_VISUALISATION=
-- CONFIG_SPIFFS_USE_MAGIC=y
-- CONFIG_SPIFFS_USE_MAGIC_LENGTH=y
-- CONFIG_SPIFFS_USE_MTIME=y
-- CONFIG_SPIRAM=
-- CONFIG_SPIRAM_SUPPORT=
-- CONFIG_SPI_FLASH_BROWNOUT_RESET=y
-- CONFIG_SPI_FLASH_BROWNOUT_RESET_XMC=y
-- CONFIG_SPI_FLASH_BYPASS_BLOCK_ERASE=
-- CONFIG_SPI_FLASH_CHECK_ERASE_TIMEOUT_DISABLED=
-- CONFIG_SPI_FLASH_DANGEROUS_WRITE_ABORTS=y
-- CONFIG_SPI_FLASH_DANGEROUS_WRITE_ALLOWED=
-- CONFIG_SPI_FLASH_DANGEROUS_WRITE_FAILS=
-- CONFIG_SPI_FLASH_ENABLE_COUNTERS=
-- CONFIG_SPI_FLASH_ENABLE_ENCRYPTED_READ_WRITE=y
-- CONFIG_SPI_FLASH_ERASE_YIELD_DURATION_MS=20
-- CONFIG_SPI_FLASH_ERASE_YIELD_TICKS=1
-- CONFIG_SPI_FLASH_FORCE_ENABLE_C6_H2_SUSPEND=
-- CONFIG_SPI_FLASH_FORCE_ENABLE_XMC_C_SUSPEND=
-- CONFIG_SPI_FLASH_OVERRIDE_CHIP_DRIVER_LIST=
-- CONFIG_SPI_FLASH_PLACE_FUNCTIONS_IN_IRAM=y
-- CONFIG_SPI_FLASH_ROM_DRIVER_PATCH=y
-- CONFIG_SPI_FLASH_SHARE_SPI1_BUS=
-- CONFIG_SPI_FLASH_SIZE_OVERRIDE=
-- CONFIG_SPI_FLASH_SUPPORT_BOYA_CHIP=
-- CONFIG_SPI_FLASH_SUPPORT_GD_CHIP=y
-- CONFIG_SPI_FLASH_SUPPORT_ISSI_CHIP=y
-- CONFIG_SPI_FLASH_SUPPORT_MXIC_CHIP=y
-- CONFIG_SPI_FLASH_SUPPORT_TH_CHIP=
-- CONFIG_SPI_FLASH_SUPPORT_WINBOND_CHIP=y
-- CONFIG_SPI_FLASH_SUSPEND_TSUS_VAL_US=50
-- CONFIG_SPI_FLASH_VENDOR_GD_SUPPORT_ENABLED=y
-- CONFIG_SPI_FLASH_VENDOR_ISSI_SUPPORT_ENABLED=y
-- CONFIG_SPI_FLASH_VENDOR_MXIC_SUPPORT_ENABLED=y
-- CONFIG_SPI_FLASH_VENDOR_WINBOND_SUPPORT_ENABLED=y
-- CONFIG_SPI_FLASH_VENDOR_XMC_SUPPORT_ENABLED=y
-- CONFIG_SPI_FLASH_VERIFY_WRITE=
-- CONFIG_SPI_FLASH_WRITE_CHUNK_SIZE=8192
-- CONFIG_SPI_FLASH_WRITING_DANGEROUS_REGIONS_ABORTS=y
-- CONFIG_SPI_FLASH_WRITING_DANGEROUS_REGIONS_ALLOWED=
-- CONFIG_SPI_FLASH_WRITING_DANGEROUS_REGIONS_FAILS=
-- CONFIG_SPI_FLASH_YIELD_DURING_ERASE=y
-- CONFIG_SPI_MASTER_IN_IRAM=
-- CONFIG_SPI_MASTER_ISR_IN_IRAM=y
-- CONFIG_SPI_SLAVE_IN_IRAM=
-- CONFIG_SPI_SLAVE_ISR_IN_IRAM=y
-- CONFIG_STACK_CHECK=y
-- CONFIG_STACK_CHECK_ALL=
-- CONFIG_STACK_CHECK_NONE=
-- CONFIG_STACK_CHECK_NORM=y
-- CONFIG_STACK_CHECK_STRONG=
-- CONFIG_SUPPORT_TERMIOS=y
-- CONFIG_SUPPRESS_SELECT_DEBUG_OUTPUT=y
-- CONFIG_SYSTEM_EVENT_QUEUE_SIZE=32
-- CONFIG_SYSTEM_EVENT_TASK_STACK_SIZE=2304
-- CONFIG_TCPIP_RECVMBOX_SIZE=32
-- CONFIG_TCPIP_TASK_AFFINITY=0x7fffffff
-- CONFIG_TCPIP_TASK_AFFINITY_CPU0=
-- CONFIG_TCPIP_TASK_AFFINITY_NO_AFFINITY=y
-- CONFIG_TCPIP_TASK_STACK_SIZE=3072
-- CONFIG_TCP_MAXRTX=12
-- CONFIG_TCP_MSL=60000
-- CONFIG_TCP_MSS=1440
-- CONFIG_TCP_OVERSIZE_DISABLE=
-- CONFIG_TCP_OVERSIZE_MSS=y
-- CONFIG_TCP_OVERSIZE_QUARTER_MSS=
-- CONFIG_TCP_QUEUE_OOSEQ=y
-- CONFIG_TCP_RECVMBOX_SIZE=6
-- CONFIG_TCP_SND_BUF_DEFAULT=5760
-- CONFIG_TCP_SYNMAXRTX=12
-- CONFIG_TCP_WND_DEFAULT=5760
-- CONFIG_TIMER_QUEUE_LENGTH=10
-- CONFIG_TIMER_TASK_PRIORITY=1
-- CONFIG_TIMER_TASK_STACK_DEPTH=2048
-- CONFIG_TIMER_TASK_STACK_SIZE=3584
-- CONFIG_TOUCH_CTRL_FUNC_IN_IRAM=
-- CONFIG_TOUCH_ENABLE_DEBUG_LOG=
-- CONFIG_TOUCH_ISR_IRAM_SAFE=
-- CONFIG_TOUCH_SKIP_FSM_CHECK=
-- CONFIG_TOUCH_SKIP_LEGACY_CONFLICT_CHECK=
-- CONFIG_TOUCH_SUPPRESS_DEPRECATE_WARN=
-- CONFIG_TRACEMEM_RESERVE_DRAM=0x0
-- CONFIG_TWAI_ENABLE_DEBUG_LOG=
-- CONFIG_TWAI_ERRATA_FIX_BUS_OFF_REC=y
-- CONFIG_TWAI_ERRATA_FIX_LISTEN_ONLY_DOM=y
-- CONFIG_TWAI_ERRATA_FIX_RX_FIFO_CORRUPT=y
-- CONFIG_TWAI_ERRATA_FIX_RX_FRAME_INVALID=y
-- CONFIG_TWAI_ERRATA_FIX_TX_INTR_LOST=y
-- CONFIG_TWAI_IO_FUNC_IN_IRAM=
-- CONFIG_TWAI_ISR_CACHE_SAFE=
-- CONFIG_TWAI_ISR_IN_IRAM=
-- CONFIG_TWAI_SKIP_LEGACY_CONFLICT_CHECK=
-- CONFIG_TWO_UNIVERSAL_MAC_ADDRESS=
-- CONFIG_UART_ISR_IN_IRAM=
-- CONFIG_UDP_RECVMBOX_SIZE=6
-- CONFIG_UHCI_ENABLE_DEBUG_LOG=
-- CONFIG_UHCI_ISR_CACHE_SAFE=
-- CONFIG_UHCI_ISR_HANDLER_IN_IRAM=
-- CONFIG_ULP_COPROC_ENABLED=
-- CONFIG_UNITY_ENABLE_64BIT=
-- CONFIG_UNITY_ENABLE_BACKTRACE_ON_FAIL=
-- CONFIG_UNITY_ENABLE_COLOR=
-- CONFIG_UNITY_ENABLE_DOUBLE=y
-- CONFIG_UNITY_ENABLE_FIXTURE=
-- CONFIG_UNITY_ENABLE_FLOAT=y
-- CONFIG_UNITY_ENABLE_IDF_TEST_RUNNER=y
-- CONFIG_UNITY_TEST_ORDER_BY_FILE_PATH_AND_LINE=
-- CONFIG_USE_WOLFSSL_ESP_SDK_TIME=y
-- CONFIG_USE_WOLFSSL_ESP_SDK_WIFI=
-- CONFIG_VFS_INITIALIZE_DEV_NULL=y
-- CONFIG_VFS_MAX_COUNT=8
-- CONFIG_VFS_SELECT_IN_RAM=
-- CONFIG_VFS_SEMIHOSTFS_MAX_MOUNT_POINTS=1
-- CONFIG_VFS_SUPPORT_DIR=y
-- CONFIG_VFS_SUPPORT_IO=y
-- CONFIG_VFS_SUPPORT_SELECT=y
-- CONFIG_VFS_SUPPORT_TERMIOS=y
-- CONFIG_VFS_SUPPRESS_SELECT_DEBUG_OUTPUT=y
-- CONFIG_WARN_WRITE_STRINGS=
-- CONFIG_WIFI_PROV_AUTOSTOP_TIMEOUT=30
-- CONFIG_WIFI_PROV_SCAN_MAX_ENTRIES=16
-- CONFIG_WIFI_PROV_STA_ALL_CHANNEL_SCAN=y
-- CONFIG_WIFI_PROV_STA_FAST_SCAN=
-- CONFIG_WL_SECTOR_SIZE=4096
-- CONFIG_WL_SECTOR_SIZE_4096=y
-- CONFIG_WL_SECTOR_SIZE_512=
-- CONFIG_WOLFSSL_ALLOW_TLS12=
-- CONFIG_WOLFSSL_ALLOW_TLS13=y
-- CONFIG_WOLFSSL_ALT_CERT_CHAINS=
-- CONFIG_WOLFSSL_APPLE_HOMEKIT=
-- CONFIG_WOLFSSL_ENABLE_KYBER=
-- CONFIG_WOLFSSL_EXAMPLE_NAME_BENCHMARK=
-- CONFIG_WOLFSSL_EXAMPLE_NAME_ESP32_SSH_SERVER=
-- CONFIG_WOLFSSL_EXAMPLE_NAME_ESP8266_SSH_SERVER=
-- CONFIG_WOLFSSL_EXAMPLE_NAME_NONE=
-- CONFIG_WOLFSSL_EXAMPLE_NAME_TEMPLATE=y
-- CONFIG_WOLFSSL_EXAMPLE_NAME_TEST=
-- CONFIG_WOLFSSL_EXAMPLE_NAME_TLS_CLIENT=
-- CONFIG_WOLFSSL_EXAMPLE_NAME_TLS_SERVER=
-- CONFIG_WOLFSSL_EXAMPLE_NAME_WOLFMQTT_AWS_IOT_MQTT=
-- CONFIG_WOLFSSL_EXAMPLE_NAME_WOLFMQTT_TEMPLATE=
-- CONFIG_WOLFSSL_EXAMPLE_NAME_WOLFSSH_ECHOSERVER=
-- CONFIG_WOLFSSL_EXAMPLE_NAME_WOLFSSH_TEMPLATE=
-- CONFIG_WOLFSSL_HAVE_ALPN=y
-- CONFIG_WOLFSSL_HAVE_OCSP=
-- CONFIG_WOLFSSL_HAVE_TLS_EXTENSIONS=y
-- CONFIG_WOLFSSL_TARGET_HOST=127.0.0.1
-- CONFIG_WOLFSSL_TARGET_PORT=11111
-- CONFIG_WOLFTPM_EXAMPLE_NAME_ESPRESSIF=
-- CONFIG_WPA_11KV_SUPPORT=
-- CONFIG_WPA_11R_SUPPORT=
-- CONFIG_WPA_DEBUG_PRINT=
-- CONFIG_WPA_DPP_SUPPORT=
-- CONFIG_WPA_MBEDTLS_CRYPTO=y
-- CONFIG_WPA_MBEDTLS_TLS_CLIENT=y
-- CONFIG_WPA_MBO_SUPPORT=
-- CONFIG_WPA_WAPI_PSK=
-- CONFIG_WPA_WPS_SOFTAP_REGISTRAR=
-- CONFIG_WPA_WPS_STRICT=
-- CONFIG_WS_BUFFER_SIZE=1024
-- CONFIG_WS_DYNAMIC_BUFFER=
-- CONFIG_WS_TRANSPORT=y
-- CONFIG_XTAL_FREQ=40
-- CONFIG_XTAL_FREQ_26=
-- CONFIG_XTAL_FREQ_32=
-- CONFIG_XTAL_FREQ_40=y
-- CONFIG_XTAL_FREQ_AUTO=
-- CXX_COMPILE_OPTIONS=-std=gnu++2b
-- C_COMPILER_SUPPORTS_WFORMAT_SIGNEDNESS=1
-- C_COMPILE_OPTIONS=-std=gnu17
-- DISABLE_PACKAGE_CONFIG_AND_INSTALL=ON
-- ENABLE_PROGRAMS=
-- ENABLE_TESTING=
-- ESPEFUSEPY=/home/v4m3rr/.espressif/tools/python/v5.5.5/venv/bin/python;/home/v4m3rr/.espressif/v5.5.5/esp-idf/components/esptool_py/esptool/espefuse.py
-- ESPFLASHFREQ=40m
-- ESPFLASHMODE=dio
-- ESPFLASHSIZE=2MB
-- ESPMONITOR=/home/v4m3rr/.espressif/tools/python/v5.5.5/venv/bin/python;-m;esp_idf_monitor
-- ESPSECUREPY=/home/v4m3rr/.espressif/tools/python/v5.5.5/venv/bin/python;/home/v4m3rr/.espressif/v5.5.5/esp-idf/components/esptool_py/esptool/espsecure.py
-- ESPTOOLPY=/home/v4m3rr/.espressif/tools/python/v5.5.5/venv/bin/python;;/home/v4m3rr/.espressif/v5.5.5/esp-idf/components/esptool_py/esptool/esptool.py;--chip;esp32
-- ESPTOOLPY_CHIP=esp32
-- ESP_PLATFORM=1
-- ESP_PLATFORM=1
-- ESP_TEE_BUILD=
-- EXCLUDE_ASM=/home/v4m3rr/.builds/wolfssl/wolfcrypt/src/aes_asm.S;/home/v4m3rr/.builds/wolfssl/wolfcrypt/src/aes_gcm_asm.S;/home/v4m3rr/.builds/wolfssl/wolfcrypt/src/aes_gcm_x86_asm.S;/home/v4m3rr/.builds/wolfssl/wolfcrypt/src/aes_x86_64_asm.S;/home/v4m3rr/.builds/wolfssl/wolfcrypt/src/aes_xts_asm.S;/home/v4m3rr/.builds/wolfssl/wolfcrypt/src/chacha_asm.S;/home/v4m3rr/.builds/wolfssl/wolfcrypt/src/fe_x25519_asm.S;/home/v4m3rr/.builds/wolfssl/wolfcrypt/src/poly1305_asm.S;/home/v4m3rr/.builds/wolfssl/wolfcrypt/src/sha256_asm.S;/home/v4m3rr/.builds/wolfssl/wolfcrypt/src/sha3_asm.S;/home/v4m3rr/.builds/wolfssl/wolfcrypt/src/sha512_asm.S;/home/v4m3rr/.builds/wolfssl/wolfcrypt/src/sm3_asm.S;/home/v4m3rr/.builds/wolfssl/wolfcrypt/src/sp_sm2_x86_64_asm.S;/home/v4m3rr/.builds/wolfssl/wolfcrypt/src/sp_x86_64_asm.S;/home/v4m3rr/.builds/wolfssl/wolfcrypt/src/wc_falcon_fpr_x86_64_asm.S;/home/v4m3rr/.builds/wolfssl/wolfcrypt/src/wc_frodokem_asm.S;/home/v4m3rr/.builds/wolfssl/wolfcrypt/src/wc_mldsa_asm.S;/home/v4m3rr/.builds/wolfssl/wolfcrypt/src/wc_mlkem_asm.S;/home/v4m3rr/Projects/wolf_client
-- EXTRA_CMAKE_ARGS=
-- EXTRA_COMPONENT_DIRS=/home/v4m3rr/.builds/wolfssl/src/\;/home/v4m3rr/.builds/wolfssl/wolfcrypt/src\;/home/v4m3rr/.builds/wolfssl/wolfcrypt/src/port/Espressif\;/home/v4m3rr/.builds/wolfssl/wolfcrypt/src/port/Espressif/esp_crt_bundle\;/home/v4m3rr/.builds/wolfssl/wolfcrypt/src/port/atmel\;/home/v4m3rr/.builds/wolfssl/src/
-- FIND_PACKAGE_MESSAGE_DETAILS_Git=[/usr/bin/git][v2.55.0()]
-- FIND_PACKAGE_MESSAGE_DETAILS_Python3=[/home/v4m3rr/.espressif/tools/python/v5.5.5/venv/bin/python][cfound components: Interpreter ][v3.14.6()]
-- FIND_PACKAGE_MESSAGE_DETAILS_Threads=[TRUE][v()]
-- FOUND_WOLFSSL=/home/v4m3rr/.builds/wolfssl
-- GEN_FILES=
-- GIT_EXECUTABLE=/usr/bin/git
-- GIT_FOUND=TRUE
-- GIT_VERSION_STRING=2.55.0
-- Git_FOUND=TRUE
-- IDFTOOL=/home/v4m3rr/.espressif/tools/python/v5.5.5/venv/bin/python;/home/v4m3rr/.espressif/v5.5.5/esp-idf/tools/idf.py
-- IDF_COMPONENT_MANAGER=1
-- IDF_PATH=/home/v4m3rr/.espressif/v5.5.5/esp-idf
-- IDF_TARGET=esp32
-- IDF_TARGET=esp32
-- IDF_TARGET_ARCH=xtensa
-- IDF_TOOLCHAIN=gcc
-- IDF_TOOLCHAIN=gcc
-- IDF_TOOLCHAIN_BUILD_DIR=/home/v4m3rr/Projects/wolf_client/build/toolchain
-- IDF_VER=v5.5.5
-- IDF_VERSION_MAJOR=5
-- IDF_VERSION_MINOR=5
-- IDF_VERSION_PATCH=5
-- INCLUDE_CMAKE_TOOLCHAIN_FILE_IF_REQUIRED=include("/home/v4m3rr/.espressif/v5.5.5/esp-idf/tools/cmake/toolchain-esp32.cmake")
-- INCLUDE_DIRECTORIES=/home/v4m3rr/Projects/wolf_client/build/config
-- INCLUDE_PATH=/home/v4m3rr/.builds/wolfssl
-- INSTALL_MBEDTLS_HEADERS=ON
-- IS_WOLSSL_ESP_IDF_COMPONENT=0
-- KCONFIGS=/home/v4m3rr/.espressif/v5.5.5/esp-idf/components/app_trace/Kconfig;/home/v4m3rr/.espressif/v5.5.5/esp-idf/components/bt/Kconfig;/home/v4m3rr/.espressif/v5.5.5/esp-idf/components/console/Kconfig;/home/v4m3rr/.espressif/v5.5.5/esp-idf/components/driver/Kconfig;/home/v4m3rr/.espressif/v5.5.5/esp-idf/components/efuse/Kconfig;/home/v4m3rr/.espressif/v5.5.5/esp-idf/components/esp-tls/Kconfig;/home/v4m3rr/.espressif/v5.5.5/esp-idf/components/esp_adc/Kconfig;/home/v4m3rr/.espressif/v5.5.5/esp-idf/components/esp_coex/Kconfig;/home/v4m3rr/.espressif/v5.5.5/esp-idf/components/esp_common/Kconfig;/home/v4m3rr/.espressif/v5.5.5/esp-idf/components/esp_driver_ana_cmpr/Kconfig;/home/v4m3rr/.espressif/v5.5.5/esp-idf/components/esp_driver_bitscrambler/Kconfig;/home/v4m3rr/.espressif/v5.5.5/esp-idf/components/esp_driver_cam/Kconfig;/home/v4m3rr/.espressif/v5.5.5/esp-idf/components/esp_driver_dac/Kconfig;/home/v4m3rr/.espressif/v5.5.5/esp-idf/components/esp_driver_gpio/Kconfig;/home/v4m3rr/.espressif/v5.5.5/esp-idf/components/esp_driver_gptimer/Kconfig;/home/v4m3rr/.espressif/v5.5.5/esp-idf/components/esp_driver_i2c/Kconfig;/home/v4m3rr/.espressif/v5.5.5/esp-idf/components/esp_driver_i2s/Kconfig;/home/v4m3rr/.espressif/v5.5.5/esp-idf/components/esp_driver_isp/Kconfig;/home/v4m3rr/.espressif/v5.5.5/esp-idf/components/esp_driver_jpeg/Kconfig;/home/v4m3rr/.espressif/v5.5.5/esp-idf/components/esp_driver_ledc/Kconfig;/home/v4m3rr/.espressif/v5.5.5/esp-idf/components/esp_driver_mcpwm/Kconfig;/home/v4m3rr/.espressif/v5.5.5/esp-idf/components/esp_driver_parlio/Kconfig;/home/v4m3rr/.espressif/v5.5.5/esp-idf/components/esp_driver_pcnt/Kconfig;/home/v4m3rr/.espressif/v5.5.5/esp-idf/components/esp_driver_rmt/Kconfig;/home/v4m3rr/.espressif/v5.5.5/esp-idf/components/esp_driver_sdm/Kconfig;/home/v4m3rr/.espressif/v5.5.5/esp-idf/components/esp_driver_spi/Kconfig;/home/v4m3rr/.espressif/v5.5.5/esp-idf/components/esp_driver_touch_sens/Kconfig;/home/v4m3rr/.espressif/v5.5.5/esp-idf/components/esp_driver_tsens/Kconfig;/home/v4m3rr/.espressif/v5.5.5/esp-idf/components/esp_driver_twai/Kconfig;/home/v4m3rr/.espressif/v5.5.5/esp-idf/components/esp_driver_uart/Kconfig;/home/v4m3rr/.espressif/v5.5.5/esp-idf/components/esp_driver_usb_serial_jtag/Kconfig;/home/v4m3rr/.espressif/v5.5.5/esp-idf/components/esp_eth/Kconfig;/home/v4m3rr/.espressif/v5.5.5/esp-idf/components/esp_event/Kconfig;/home/v4m3rr/.espressif/v5.5.5/esp-idf/components/esp_gdbstub/Kconfig;/home/v4m3rr/.espressif/v5.5.5/esp-idf/components/esp_hid/Kconfig;/home/v4m3rr/.espressif/v5.5.5/esp-idf/components/esp_http_client/Kconfig;/home/v4m3rr/.espressif/v5.5.5/esp-idf/components/esp_http_server/Kconfig;/home/v4m3rr/.espressif/v5.5.5/esp-idf/components/esp_https_ota/Kconfig;/home/v4m3rr/.espressif/v5.5.5/esp-idf/components/esp_https_server/Kconfig;/home/v4m3rr/.espressif/v5.5.5/esp-idf/components/esp_hw_support/Kconfig;/home/v4m3rr/.espressif/v5.5.5/esp-idf/components/esp_lcd/Kconfig;/home/v4m3rr/.espressif/v5.5.5/esp-idf/components/esp_mm/Kconfig;/home/v4m3rr/.espressif/v5.5.5/esp-idf/components/esp_netif/Kconfig;/home/v4m3rr/.espressif/v5.5.5/esp-idf/components/esp_partition/Kconfig;/home/v4m3rr/.espressif/v5.5.5/esp-idf/components/esp_phy/Kconfig;/home/v4m3rr/.espressif/v5.5.5/esp-idf/components/esp_pm/Kconfig;/home/v4m3rr/.espressif/v5.5.5/esp-idf/components/esp_psram/Kconfig;/home/v4m3rr/.espressif/v5.5.5/esp-idf/components/esp_ringbuf/Kconfig;/home/v4m3rr/.espressif/v5.5.5/esp-idf/components/esp_rom/Kconfig;/home/v4m3rr/.espressif/v5.5.5/esp-idf/components/esp_security/Kconfig;/home/v4m3rr/.espressif/v5.5.5/esp-idf/components/esp_system/Kconfig;/home/v4m3rr/.espressif/v5.5.5/esp-idf/components/esp_timer/Kconfig;/home/v4m3rr/.espressif/v5.5.5/esp-idf/components/esp_wifi/Kconfig;/home/v4m3rr/.espressif/v5.5.5/esp-idf/components/espcoredump/Kconfig;/home/v4m3rr/.espressif/v5.5.5/esp-idf/components/fatfs/Kconfig;/home/v4m3rr/.espressif/v5.5.5/esp-idf/components/freertos/Kconfig;/home/v4m3rr/.espressif/v5.5.5/esp-idf/components/hal/Kconfig;/home/v4m3rr/.espressif/v5.5.5/esp-idf/components/heap/Kconfig;/home/v4m3rr/.espressif/v5.5.5/esp-idf/components/ieee802154/Kconfig;/home/v4m3rr/.espressif/v5.5.5/esp-idf/components/log/Kconfig;/home/v4m3rr/.espressif/v5.5.5/esp-idf/components/lwip/Kconfig;/home/v4m3rr/.espressif/v5.5.5/esp-idf/components/mbedtls/Kconfig;/home/v4m3rr/.espressif/v5.5.5/esp-idf/components/mqtt/esp-mqtt/Kconfig;/home/v4m3rr/.espressif/v5.5.5/esp-idf/components/newlib/Kconfig;/home/v4m3rr/.espressif/v5.5.5/esp-idf/components/nvs_flash/Kconfig;/home/v4m3rr/.espressif/v5.5.5/esp-idf/components/nvs_sec_provider/Kconfig;/home/v4m3rr/.espressif/v5.5.5/esp-idf/components/openthread/Kconfig;/home/v4m3rr/.espressif/v5.5.5/esp-idf/components/protocomm/Kconfig;/home/v4m3rr/.espressif/v5.5.5/esp-idf/components/pthread/Kconfig;/home/v4m3rr/.espressif/v5.5.5/esp-idf/components/soc/Kconfig;/home/v4m3rr/.espressif/v5.5.5/esp-idf/components/spi_flash/Kconfig;/home/v4m3rr/.espressif/v5.5.5/esp-idf/components/spiffs/Kconfig;/home/v4m3rr/.espressif/v5.5.5/esp-idf/components/tcp_transport/Kconfig;/home/v4m3rr/.espressif/v5.5.5/esp-idf/components/ulp/Kconfig;/home/v4m3rr/.espressif/v5.5.5/esp-idf/components/unity/Kconfig;/home/v4m3rr/.espressif/v5.5.5/esp-idf/components/usb/Kconfig;/home/v4m3rr/.espressif/v5.5.5/esp-idf/components/vfs/Kconfig;/home/v4m3rr/.espressif/v5.5.5/esp-idf/components/wear_levelling/Kconfig;/home/v4m3rr/.espressif/v5.5.5/esp-idf/components/wifi_provisioning/Kconfig;/home/v4m3rr/Projects/wolf_client/components/wolfssl/Kconfig
-- KCONFIG_PROJBUILDS=/home/v4m3rr/.espressif/v5.5.5/esp-idf/components/bootloader/Kconfig.projbuild;/home/v4m3rr/.espressif/v5.5.5/esp-idf/components/esp_app_format/Kconfig.projbuild;/home/v4m3rr/.espressif/v5.5.5/esp-idf/components/esp_rom/Kconfig.projbuild;/home/v4m3rr/.espressif/v5.5.5/esp-idf/components/esptool_py/Kconfig.projbuild;/home/v4m3rr/.espressif/v5.5.5/esp-idf/components/partition_table/Kconfig.projbuild;/home/v4m3rr/Projects/wolf_client/main/Kconfig.projbuild;/home/v4m3rr/.espressif/v5.5.5/esp-idf/examples/common_components/protocol_examples_common/Kconfig.projbuild
-- LIBWOLFSSL_CMAKE_OUTPUT=
-- LINK_WITH_PTHREAD=OFF
-- LINK_WITH_TRUSTED_STORAGE=OFF
-- MBEDTLS_CONFIG_FILE=
-- MBEDTLS_FATAL_WARNINGS=ON
-- MBEDTLS_USER_CONFIG_FILE=
-- MERGE_BIN_ARGS=merge_bin;-o;/home/v4m3rr/Projects/wolf_client/build/merged-binary.bin;@/home/v4m3rr/Projects/wolf_client/build/flash_args
-- MMU_PAGE_SIZE=64KB
-- MONITOR_ARGS=--toolchain-prefix;xtensa-esp32-elf-;;--target;esp32;;--revision;0;;$<TARGET_FILE:$<GENEX_EVAL:$<TARGET_PROPERTY:__idf_build_target,EXECUTABLE>>>
-- MSVC_CXX_ARCHITECTURE_ID=
-- MSVC_C_ARCHITECTURE_ID=
-- Mbed TLS_BINARY_DIR=/home/v4m3rr/Projects/wolf_client/build/esp-idf/mbedtls/mbedtls
-- Mbed TLS_IS_TOP_LEVEL=OFF
-- Mbed TLS_SOURCE_DIR=/home/v4m3rr/.espressif/v5.5.5/esp-idf/components/mbedtls/mbedtls
-- NON_OS_BUILD=
-- PARTITION_CSV_PATH=/home/v4m3rr/.espressif/v5.5.5/esp-idf/components/partition_table/partitions_singleapp_large.csv
-- PARTITION_TABLE_CHECK_SIZES_TOOL_PATH=/home/v4m3rr/.espressif/v5.5.5/esp-idf/components/partition_table/check_sizes.py
-- PARTITION_TABLE_OFFSET=0x8000
-- PROJECT_BIN=$<TARGET_PROPERTY:__idf_build_target,EXECUTABLE_NAME>.bin
-- PROJECT_BINARY_DIR=/home/v4m3rr/Projects/wolf_client/build/esp-idf
-- PROJECT_DESCRIPTION=
-- PROJECT_DIR=/home/v4m3rr/Projects/wolf_client
-- PROJECT_HOMEPAGE_URL=
-- PROJECT_IS_TOP_LEVEL=ON
-- PROJECT_NAME=esp-idf
-- PROJECT_SOURCE_DIR=/home/v4m3rr/.espressif/v5.5.5/esp-idf
-- PROJECT_VER=1
-- PROJECT_VERSION=
-- PROJECT_VERSION_MAJOR=
-- PROJECT_VERSION_MINOR=
-- PROJECT_VERSION_PATCH=
-- PROJECT_VERSION_TWEAK=
-- PROJECT_VER_GIT=-128-NOTFOUND
-- PROTOCOL_EXAMPLES_DIR=/home/v4m3rr/.espressif/v5.5.5/esp-idf/examples/common_components/protocol_examples_common
-- PYTHON=/home/v4m3rr/.espressif/tools/python/v5.5.5/venv/bin/python
-- PYTHON=/home/v4m3rr/.espressif/tools/python/v5.5.5/venv/bin/python
-- PYTHON_DEPS_CHECKED=1
-- RECOVERY_BOOTLOADER_OPTION=
-- RTOS_IDF_PATH=/home/v4m3rr/.espressif/v5.5.5/esp-idf/components/freertos/FreeRTOS-Kernel/include/freertos
-- RUN_CONFIGURE=ON
-- SDKCONFIG=/home/v4m3rr/Projects/wolf_client/sdkconfig
-- SDKCONFIG_CMAKE=/home/v4m3rr/Projects/wolf_client/build/config/sdkconfig.cmake
-- SDKCONFIG_DEFAULTS=/home/v4m3rr/Projects/wolf_client/sdkconfig.defaults
-- SDKCONFIG_HEADER=/home/v4m3rr/Projects/wolf_client/build/config/sdkconfig.h
-- SDKCONFIG_JSON=/home/v4m3rr/Projects/wolf_client/build/config/sdkconfig.json
-- SDKCONFIG_JSON_MENUS=/home/v4m3rr/Projects/wolf_client/build/config/kconfig_menus.json
-- STR_WOLFSSL_PROJECT_DIR=//home//v4m3rr//Projects//wolf_client//components//wolfssl
-- THIS_ESP_TLS=esp-tls
-- THIS_IDF_PATH=/home/v4m3rr/.espressif/v5.5.5/esp-idf
-- THIS_INCLUDE_DRIVER=driver
-- THIS_INCLUDE_PTHREAD=
-- THIS_INCLUDE_TIMER=esp_timer
-- THIS_USER=v4m3rr
-- UNSAFE_BUILD=OFF
-- USE_LOCAL_TEST_BENCH=0
-- USE_SHARED_MBEDTLS_LIBRARY=OFF
-- USE_STATIC_MBEDTLS_LIBRARY=ON
-- VERBOSE_COMPONENT_MESSAGES=1
-- WOLFSSL_EXTRA_PROJECT_DIR=/home/v4m3rr/.builds/wolfssl/src/
-- WOLFSSL_FOUND_IDF=0
-- WOLFSSL_PATH=/home/v4m3rr/Projects/wolf_client/components/wolfssl
-- WOLFSSL_PROJECT_DIR=/home/v4m3rr/Projects/wolf_client/components/wolfssl
-- WOLFSSL_ROOT=/home/v4m3rr/.builds/wolfssl
-- _ASM_COMPILER_WORKS=1
-- _CMAKE_ASM_IPO_MAY_BE_SUPPORTED_BY_COMPILER=NO
-- _CMAKE_ASM_IPO_SUPPORTED_BY_CMAKE=YES
-- _CMAKE_ASM_PIE_MAY_BE_SUPPORTED_BY_LINKER=NO
-- _CMAKE_CXX_IPO_MAY_BE_SUPPORTED_BY_COMPILER=YES
-- _CMAKE_CXX_IPO_SUPPORTED_BY_CMAKE=YES
-- _CMAKE_CXX_PIE_MAY_BE_SUPPORTED_BY_LINKER=YES
-- _CMAKE_C_IPO_MAY_BE_SUPPORTED_BY_COMPILER=YES
-- _CMAKE_C_IPO_SUPPORTED_BY_CMAKE=YES
-- _CMAKE_C_PIE_MAY_BE_SUPPORTED_BY_LINKER=YES
-- _CMAKE_TOOLCHAIN_LOCATION=/home/v4m3rr/.espressif/tools/xtensa-esp-elf/esp-14.2.0_20260121/xtensa-esp-elf/bin
-- _CMAKE_TOOLCHAIN_PREFIX=xtensa-esp32-elf-
-- _CMAKE_USER_ASM_COMPILER_PATH=
-- _CMAKE_USER_CXX_COMPILER_PATH=
-- _CMAKE_USER_C_COMPILER_PATH=
-- _GNUInstallDirs_LAST_CMAKE_INSTALL_PREFIX=/usr/local
-- _IDF_TOOLCHAIN_MULTI_VALUE_KEYWORDS=COMPILE_OPTIONS;C_COMPILE_OPTIONS;CXX_COMPILE_OPTIONS;ASM_COMPILE_OPTIONS;LINK_OPTIONS
-- _IDF_TOOLCHAIN_OPTION_MAPPINGS=COMPILE_OPTIONS|cflags:cxxflags:asmflags;C_COMPILE_OPTIONS|cflags;CXX_COMPILE_OPTIONS|cxxflags;ASM_COMPILE_OPTIONS|asmflags;LINK_OPTIONS|ldflags
-- _INCLUDED_FILE=NOTFOUND
-- _INCLUDED_SYSTEM_INFO_FILE=/home/v4m3rr/.espressif/tools/cmake/3.30.2/share/cmake-3.30/Modules/Platform/Generic.cmake
-- _INCLUDED_TOOLCHAIN_FILE=/home/v4m3rr/.espressif/v5.5.5/esp-idf/tools/cmake/toolchain-esp32.cmake
-- _IN_TC=0
-- _Python3_Compiler_REASON_FAILURE=
-- _Python3_Development_REASON_FAILURE=
-- _Python3_EXECUTABLE=/home/v4m3rr/.espressif/tools/python/v5.5.5/venv/bin/python
-- _Python3_INTERPRETER_PROPERTIES=Python;3;14;6;32;64;;;abi3;/usr/lib64/python3.14;/home/v4m3rr/.espressif/tools/python/v5.5.5/venv/lib64/python3.14;/home/v4m3rr/.espressif/tools/python/v5.5.5/venv/lib/python3.14/site-packages;/home/v4m3rr/.espressif/tools/python/v5.5.5/venv/lib64/python3.14/site-packages
-- _Python3_INTERPRETER_SIGNATURE=df36dac9cb647451227b9ea8bbad42ad
-- _Python3_NumPy_REASON_FAILURE=
-- _SET_CMAKE_ASM_COMPILER_ARCHITECTURE_ID=
-- _SET_CMAKE_ASM_COMPILER_ID_VENDOR_MATCH=
-- _SET_CMAKE_ASM_COMPILER_SYSROOT=set(CMAKE_ASM_COMPILER_SYSROOT "/home/v4m3rr/.espressif/tools/xtensa-esp-elf/esp-14.2.0_20260121/xtensa-esp-elf/bin/../xtensa-esp-elf/usr")
set(CMAKE_COMPILER_SYSROOT "/home/v4m3rr/.espressif/tools/xtensa-esp-elf/esp-14.2.0_20260121/xtensa-esp-elf/bin/../xtensa-esp-elf/usr")
-- _SET_CMAKE_CXX_COMPILER_ARCHITECTURE_ID=
-- _SET_CMAKE_CXX_COMPILER_SYSROOT=set(CMAKE_CXX_COMPILER_SYSROOT "/home/v4m3rr/.espressif/tools/xtensa-esp-elf/esp-14.2.0_20260121/xtensa-esp-elf/bin/../xtensa-esp-elf/usr")
set(CMAKE_COMPILER_SYSROOT "/home/v4m3rr/.espressif/tools/xtensa-esp-elf/esp-14.2.0_20260121/xtensa-esp-elf/bin/../xtensa-esp-elf/usr")
-- _SET_CMAKE_C_COMPILER_ARCHITECTURE_ID=
-- _SET_CMAKE_C_COMPILER_SYSROOT=set(CMAKE_C_COMPILER_SYSROOT "/home/v4m3rr/.espressif/tools/xtensa-esp-elf/esp-14.2.0_20260121/xtensa-esp-elf/bin/../xtensa-esp-elf/usr")
set(CMAKE_COMPILER_SYSROOT "/home/v4m3rr/.espressif/tools/xtensa-esp-elf/esp-14.2.0_20260121/xtensa-esp-elf/bin/../xtensa-esp-elf/usr")
-- __BUILD_COMPONENTS=__idf_xtensa;__idf_esp_driver_gpio;__idf_esp_pm;__idf_mbedtls;__idf_bootloader;__idf_esptool_py;__idf_partition_table;__idf_esp_app_format;__idf_esp_bootloader_format;__idf_app_update;__idf_esp_partition;__idf_efuse;__idf_bootloader_support;__idf_esp_mm;__idf_spi_flash;__idf_esp_system;__idf_esp_common;__idf_esp_rom;__idf_hal;__idf_log;__idf_heap;__idf_soc;__idf_esp_security;__idf_esp_hw_support;__idf_freertos;__idf_newlib;__idf_pthread;__idf_cxx;__idf_esp_timer;__idf_esp_driver_gptimer;__idf_esp_ringbuf;__idf_esp_driver_spi;__idf_esp_psram;__idf_esp_driver_uart;__idf_app_trace;__idf_esp_event;__idf_nvs_flash;__idf_esp_phy;__idf_esp_driver_usb_serial_jtag;__idf_esp_vfs_console;__idf_vfs;__idf_lwip;__idf_esp_netif_stack;__idf_esp_netif;__idf_wpa_supplicant;__idf_esp_coex;__idf_esp_wifi;__idf_esp_gdbstub;__idf_bt;__idf_unity;__idf_cmock;__idf_console;__idf_esp_driver_pcnt;__idf_esp_driver_mcpwm;__idf_esp_driver_ana_cmpr;__idf_esp_driver_i2s;__idf_sdmmc;__idf_esp_driver_sdmmc;__idf_esp_driver_sdspi;__idf_esp_driver_sdio;__idf_esp_driver_dac;__idf_esp_driver_bitscrambler;__idf_esp_driver_rmt;__idf_esp_driver_tsens;__idf_esp_driver_sdm;__idf_esp_driver_i2c;__idf_esp_driver_ledc;__idf_esp_driver_parlio;__idf_esp_driver_twai;__idf_driver;__idf_http_parser;__idf_esp-tls;__idf_esp_adc;__idf_esp_driver_isp;__idf_esp_driver_cam;__idf_esp_driver_jpeg;__idf_esp_driver_ppa;__idf_esp_driver_touch_sens;__idf_esp_eth;__idf_esp_hal_ieee802154;__idf_esp_hid;__idf_tcp_transport;__idf_esp_http_client;__idf_esp_http_server;__idf_esp_https_ota;__idf_esp_https_server;__idf_esp_lcd;__idf_protobuf-c;__idf_protocomm;__idf_esp_local_ctrl;__idf_espcoredump;__idf_wear_levelling;__idf_fatfs;__idf_idf_test;__idf_ieee802154;__idf_json;__idf_mqtt;__idf_nvs_sec_provider;__idf_openthread;__idf_perfmon;__idf_rt;__idf_spiffs;__idf_ulp;__idf_usb;__idf_wifi_provisioning;__idf_wolfssl;__idf_main;__idf_protocol_examples_common
-- __BUILD_COMPONENT_TARGETS=___idf_xtensa;___idf_esp_driver_gpio;___idf_esp_pm;___idf_mbedtls;___idf_bootloader;___idf_esptool_py;___idf_partition_table;___idf_esp_app_format;___idf_esp_bootloader_format;___idf_app_update;___idf_esp_partition;___idf_efuse;___idf_bootloader_support;___idf_esp_mm;___idf_spi_flash;___idf_esp_system;___idf_esp_common;___idf_esp_rom;___idf_hal;___idf_log;___idf_heap;___idf_soc;___idf_esp_security;___idf_esp_hw_support;___idf_freertos;___idf_newlib;___idf_pthread;___idf_cxx;___idf_esp_timer;___idf_esp_driver_gptimer;___idf_esp_ringbuf;___idf_esp_driver_spi;___idf_esp_psram;___idf_esp_driver_uart;___idf_app_trace;___idf_esp_event;___idf_nvs_flash;___idf_esp_phy;___idf_esp_driver_usb_serial_jtag;___idf_esp_vfs_console;___idf_vfs;___idf_lwip;___idf_esp_netif_stack;___idf_esp_netif;___idf_wpa_supplicant;___idf_esp_coex;___idf_esp_wifi;___idf_esp_gdbstub;___idf_bt;___idf_unity;___idf_cmock;___idf_console;___idf_esp_driver_pcnt;___idf_esp_driver_mcpwm;___idf_esp_driver_ana_cmpr;___idf_esp_driver_i2s;___idf_sdmmc;___idf_esp_driver_sdmmc;___idf_esp_driver_sdspi;___idf_esp_driver_sdio;___idf_esp_driver_dac;___idf_esp_driver_bitscrambler;___idf_esp_driver_rmt;___idf_esp_driver_tsens;___idf_esp_driver_sdm;___idf_esp_driver_i2c;___idf_esp_driver_ledc;___idf_esp_driver_parlio;___idf_esp_driver_twai;___idf_driver;___idf_http_parser;___idf_esp-tls;___idf_esp_adc;___idf_esp_driver_isp;___idf_esp_driver_cam;___idf_esp_driver_jpeg;___idf_esp_driver_ppa;___idf_esp_driver_touch_sens;___idf_esp_eth;___idf_esp_hal_ieee802154;___idf_esp_hid;___idf_tcp_transport;___idf_esp_http_client;___idf_esp_http_server;___idf_esp_https_ota;___idf_esp_https_server;___idf_esp_lcd;___idf_protobuf-c;___idf_protocomm;___idf_esp_local_ctrl;___idf_espcoredump;___idf_wear_levelling;___idf_fatfs;___idf_idf_test;___idf_ieee802154;___idf_json;___idf_mqtt;___idf_nvs_sec_provider;___idf_openthread;___idf_perfmon;___idf_rt;___idf_spiffs;___idf_ulp;___idf_usb;___idf_wifi_provisioning;___idf_wolfssl;___idf_main;___idf_protocol_examples_common
-- __BUILD_DIR=/home/v4m3rr/Projects/wolf_client/build
-- __BUILD_PROPERTIES=PYTHON;__BUILD_PROPERTIES;IDF_PATH;__PREFIX;__CHECK_PYTHON;IDF_COMPONENT_MANAGER;COMPILE_DEFINITIONS;COMPILE_OPTIONS;C_COMPILE_OPTIONS;CXX_COMPILE_OPTIONS;__COMPONENT_TARGETS;BUILD_COMPONENT_DIRS;BUILD_COMPONENT_TARGETS;__COMPONENT_REQUIRES_COMMON;IDF_VER;__ROOT_KCONFIG;__ROOT_SDKCONFIG_RENAME;__OUTPUT_SDKCONFIG;EXTRA_CMAKE_ARGS;__COMPONENT_MANAGER_INTERFACE_VERSION;BOOTLOADER_BUILD;NON_OS_BUILD;ESP_TEE_BUILD;IDF_TOOLCHAIN;IDF_TARGET;IDF_TARGET_ARCH;PROJECT_DIR;PROJECT_NAME;PROJECT_VER;BUILD_DIR;SDKCONFIG;SDKCONFIG_DEFAULTS;__COMPONENT_NAMES_RESOLVED;__COMPONENT_TARGETS_RESOLVED;__BUILD_COMPONENT_TARGETS;__BUILD_COMPONENTS;BUILD_COMPONENT_ALIASES;BUILD_COMPONENTS;___COMPONENT_REQUIRES_COMMON;KCONFIGS;KCONFIG_PROJBUILDS;CONFIG_ENV_PATH;INCLUDE_DIRECTORIES;SDKCONFIG_HEADER;SDKCONFIG_JSON;SDKCONFIG_CMAKE;SDKCONFIG_JSON_MENUS;CONFIG_DIR;__CONFIG_VARIABLES
-- __CHECK_PYTHON=0
-- __COMPILER_CMAKE_COMMON_COMPILER_MACROS=1
-- __COMPILER_GNU=1
-- __COMPONENTS=app_trace;app_update;bootloader;bootloader_support;bt;cmock;console;cxx;driver;efuse;esp-tls;esp_adc;esp_app_format;esp_bootloader_format;esp_coex;esp_common;esp_driver_ana_cmpr;esp_driver_bitscrambler;esp_driver_cam;esp_driver_dac;esp_driver_gpio;esp_driver_gptimer;esp_driver_i2c;esp_driver_i2s;esp_driver_isp;esp_driver_jpeg;esp_driver_ledc;esp_driver_mcpwm;esp_driver_parlio;esp_driver_pcnt;esp_driver_ppa;esp_driver_rmt;esp_driver_sdio;esp_driver_sdm;esp_driver_sdmmc;esp_driver_sdspi;esp_driver_spi;esp_driver_touch_sens;esp_driver_tsens;esp_driver_twai;esp_driver_uart;esp_driver_usb_serial_jtag;esp_eth;esp_event;esp_gdbstub;esp_hal_ieee802154;esp_hid;esp_http_client;esp_http_server;esp_https_ota;esp_https_server;esp_hw_support;esp_lcd;esp_local_ctrl;esp_mm;esp_netif;esp_netif_stack;esp_partition;esp_phy;esp_pm;esp_psram;esp_ringbuf;esp_rom;esp_security;esp_system;esp_tee;esp_timer;esp_vfs_console;esp_wifi;espcoredump;esptool_py;fatfs;freertos;hal;heap;http_parser;idf_test;ieee802154;json;linux;log;lwip;mbedtls;mqtt;newlib;nvs_flash;nvs_sec_provider;openthread;partition_table;perfmon;protobuf-c;protocomm;pthread;riscv;rt;sdmmc;soc;spi_flash;spiffs;tcp_transport;touch_element;ulp;unity;usb;vfs;wear_levelling;wifi_provisioning;wolfssl;wpa_supplicant;xtensa;main;protocol_examples_common;
-- __COMPONENT_MANAGER_INTERFACE_VERSION=4
-- __COMPONENT_NAMES_RESOLVED=app_trace;app_update;bootloader;bootloader_support;bt;cmock;console;cxx;driver;efuse;esp-tls;esp_adc;esp_app_format;esp_bootloader_format;esp_coex;esp_common;esp_driver_ana_cmpr;esp_driver_bitscrambler;esp_driver_cam;esp_driver_dac;esp_driver_gpio;esp_driver_gptimer;esp_driver_i2c;esp_driver_i2s;esp_driver_isp;esp_driver_jpeg;esp_driver_ledc;esp_driver_mcpwm;esp_driver_parlio;esp_driver_pcnt;esp_driver_ppa;esp_driver_rmt;esp_driver_sdio;esp_driver_sdm;esp_driver_sdmmc;esp_driver_sdspi;esp_driver_spi;esp_driver_touch_sens;esp_driver_tsens;esp_driver_twai;esp_driver_uart;esp_driver_usb_serial_jtag;esp_eth;esp_event;esp_gdbstub;esp_hal_ieee802154;esp_hid;esp_http_client;esp_http_server;esp_https_ota;esp_https_server;esp_hw_support;esp_lcd;esp_local_ctrl;esp_mm;esp_netif;esp_netif_stack;esp_partition;esp_phy;esp_pm;esp_psram;esp_ringbuf;esp_rom;esp_security;esp_system;esp_tee;esp_timer;esp_vfs_console;esp_wifi;espcoredump;esptool_py;fatfs;freertos;hal;heap;http_parser;idf_test;ieee802154;json;linux;log;lwip;mbedtls;mqtt;newlib;nvs_flash;nvs_sec_provider;openthread;partition_table;perfmon;protobuf-c;protocomm;pthread;riscv;rt;sdmmc;soc;spi_flash;spiffs;tcp_transport;touch_element;ulp;unity;usb;vfs;wear_levelling;wifi_provisioning;wolfssl;wpa_supplicant;xtensa;main;protocol_examples_common
-- __COMPONENT_REQUIRES_COMMON=cxx;newlib;freertos;esp_hw_support;heap;log;soc;hal;esp_rom;esp_common;esp_system;xtensa
-- __COMPONENT_TARGETS = ___idf_app_trace;___idf_app_update;___idf_bootloader;___idf_bootloader ... (truncated)
-- __COMPONENT_TARGETS_RESOLVED=___idf_app_trace;___idf_app_update;___idf_bootloader;___idf_bootloader_support;___idf_bt;___idf_cmock;___idf_console;___idf_cxx;___idf_driver;___idf_efuse;___idf_esp-tls;___idf_esp_adc;___idf_esp_app_format;___idf_esp_bootloader_format;___idf_esp_coex;___idf_esp_common;___idf_esp_driver_ana_cmpr;___idf_esp_driver_bitscrambler;___idf_esp_driver_cam;___idf_esp_driver_dac;___idf_esp_driver_gpio;___idf_esp_driver_gptimer;___idf_esp_driver_i2c;___idf_esp_driver_i2s;___idf_esp_driver_isp;___idf_esp_driver_jpeg;___idf_esp_driver_ledc;___idf_esp_driver_mcpwm;___idf_esp_driver_parlio;___idf_esp_driver_pcnt;___idf_esp_driver_ppa;___idf_esp_driver_rmt;___idf_esp_driver_sdio;___idf_esp_driver_sdm;___idf_esp_driver_sdmmc;___idf_esp_driver_sdspi;___idf_esp_driver_spi;___idf_esp_driver_touch_sens;___idf_esp_driver_tsens;___idf_esp_driver_twai;___idf_esp_driver_uart;___idf_esp_driver_usb_serial_jtag;___idf_esp_eth;___idf_esp_event;___idf_esp_gdbstub;___idf_esp_hal_ieee802154;___idf_esp_hid;___idf_esp_http_client;___idf_esp_http_server;___idf_esp_https_ota;___idf_esp_https_server;___idf_esp_hw_support;___idf_esp_lcd;___idf_esp_local_ctrl;___idf_esp_mm;___idf_esp_netif;___idf_esp_netif_stack;___idf_esp_partition;___idf_esp_phy;___idf_esp_pm;___idf_esp_psram;___idf_esp_ringbuf;___idf_esp_rom;___idf_esp_security;___idf_esp_system;___idf_esp_tee;___idf_esp_timer;___idf_esp_vfs_console;___idf_esp_wifi;___idf_espcoredump;___idf_esptool_py;___idf_fatfs;___idf_freertos;___idf_hal;___idf_heap;___idf_http_parser;___idf_idf_test;___idf_ieee802154;___idf_json;___idf_linux;___idf_log;___idf_lwip;___idf_mbedtls;___idf_mqtt;___idf_newlib;___idf_nvs_flash;___idf_nvs_sec_provider;___idf_openthread;___idf_partition_table;___idf_perfmon;___idf_protobuf-c;___idf_protocomm;___idf_pthread;___idf_riscv;___idf_rt;___idf_sdmmc;___idf_soc;___idf_spi_flash;___idf_spiffs;___idf_tcp_transport;___idf_touch_element;___idf_ulp;___idf_unity;___idf_usb;___idf_vfs;___idf_wear_levelling;___idf_wifi_provisioning;___idf_wolfssl;___idf_wpa_supplicant;___idf_xtensa;___idf_main;___idf_protocol_examples_common
-- __CONFIG_VARIABLES = CONFIG_SOC_CAPS_ECO_VER_MAX;CONFIG_SOC_ADC_SUPPORTED;CONFIG_SOC_DAC_SU ... (truncated)
-- __OUTPUT_SDKCONFIG=1
-- __PREFIX=idf
-- __PROJECT_DIR=/home/v4m3rr/Projects/wolf_client
-- __PROJECT_NAME=wolfssl_template
-- __PROJECT_VER=1
-- __RERUN_EXITCODE=10
-- __ROOT_KCONFIG=/home/v4m3rr/.espressif/v5.5.5/esp-idf/Kconfig
-- __ROOT_SDKCONFIG_RENAME=/home/v4m3rr/.espressif/v5.5.5/esp-idf/sdkconfig.rename
-- __SDKCONFIG=/home/v4m3rr/Projects/wolf_client/sdkconfig
-- __SDKCONFIG_DEFAULTS=/home/v4m3rr/Projects/wolf_client/sdkconfig.defaults
-- ___COMPONENT_REQUIRES_COMMON=__idf_cxx;__idf_newlib;__idf_freertos;__idf_esp_hw_support;__idf_heap;__idf_log;__idf_soc;__idf_hal;__idf_esp_rom;__idf_esp_common;__idf_esp_system;__idf_xtensa
-- __build_component_target=
-- __component_dir=/home/v4m3rr/Projects/wolf_client/components/wolfssl
-- __component_name=wolfssl
-- __contents=components:
  - name: "app_trace"
    path: "/home/v4m3rr/.espressif/v5.5.5/esp-idf/components/app_trace"
  - name: "app_update"
    path: "/home/v4m3rr/.espressif/v5.5.5/esp-idf/components/app_update"
  - name: "bootloader"
    path: "/home/v4m3rr/.espressif/v5.5.5/esp-idf/components/bootloader"
  - name: "bootloader_support"
    path: "/home/v4m3rr/.espressif/v5.5.5/esp-idf/components/bootloader_support"
  - name: "bt"
    path: "/home/v4m3rr/.espressif/v5.5.5/esp-idf/components/bt"
  - name: "cmock"
    path: "/home/v4m3rr/.espressif/v5.5.5/esp-idf/components/cmock"
  - name: "console"
    path: "/home/v4m3rr/.espressif/v5.5.5/esp-idf/components/console"
  - name: "cxx"
    path: "/home/v4m3rr/.espressif/v5.5.5/esp-idf/components/cxx"
  - name: "driver"
    path: "/home/v4m3rr/.espressif/v5.5.5/esp-idf/components/driver"
  - name: "efuse"
    path: "/home/v4m3rr/.espressif/v5.5.5/esp-idf/components/efuse"
  - name: "esp-tls"
    path: "/home/v4m3rr/.espressif/v5.5.5/esp-idf/components/esp-tls"
  - name: "esp_adc"
    path: "/home/v4m3rr/.espressif/v5.5.5/esp-idf/components/esp_adc"
  - name: "esp_app_format"
    path: "/home/v4m3rr/.espressif/v5.5.5/esp-idf/components/esp_app_format"
  - name: "esp_bootloader_format"
    path: "/home/v4m3rr/.espressif/v5.5.5/esp-idf/components/esp_bootloader_format"
  - name: "esp_coex"
    path: "/home/v4m3rr/.espressif/v5.5.5/esp-idf/components/esp_coex"
  - name: "esp_common"
    path: "/home/v4m3rr/.espressif/v5.5.5/esp-idf/components/esp_common"
  - name: "esp_driver_ana_cmpr"
    path: "/home/v4m3rr/.espressif/v5.5.5/esp-idf/components/esp_driver_ana_cmpr"
  - name: "esp_driver_bitscrambler"
    path: "/home/v4m3rr/.espressif/v5.5.5/esp-idf/components/esp_driver_bitscrambler"
  - name: "esp_driver_cam"
    path: "/home/v4m3rr/.espressif/v5.5.5/esp-idf/components/esp_driver_cam"
  - name: "esp_driver_dac"
    path: "/home/v4m3rr/.espressif/v5.5.5/esp-idf/components/esp_driver_dac"
  - name: "esp_driver_gpio"
    path: "/home/v4m3rr/.espressif/v5.5.5/esp-idf/components/esp_driver_gpio"
  - name: "esp_driver_gptimer"
    path: "/home/v4m3rr/.espressif/v5.5.5/esp-idf/components/esp_driver_gptimer"
  - name: "esp_driver_i2c"
    path: "/home/v4m3rr/.espressif/v5.5.5/esp-idf/components/esp_driver_i2c"
  - name: "esp_driver_i2s"
    path: "/home/v4m3rr/.espressif/v5.5.5/esp-idf/components/esp_driver_i2s"
  - name: "esp_driver_isp"
    path: "/home/v4m3rr/.espressif/v5.5.5/esp-idf/components/esp_driver_isp"
  - name: "esp_driver_jpeg"
    path: "/home/v4m3rr/.espressif/v5.5.5/esp-idf/components/esp_driver_jpeg"
  - name: "esp_driver_ledc"
    path: "/home/v4m3rr/.espressif/v5.5.5/esp-idf/components/esp_driver_ledc"
  - name: "esp_driver_mcpwm"
    path: "/home/v4m3rr/.espressif/v5.5.5/esp-idf/components/esp_driver_mcpwm"
  - name: "esp_driver_parlio"
    path: "/home/v4m3rr/.espressif/v5.5.5/esp-idf/components/esp_driver_parlio"
  - name: "esp_driver_pcnt"
    path: "/home/v4m3rr/.espressif/v5.5.5/esp-idf/components/esp_driver_pcnt"
  - name: "esp_driver_ppa"
    path: "/home/v4m3rr/.espressif/v5.5.5/esp-idf/components/esp_driver_ppa"
  - name: "esp_driver_rmt"
    path: "/home/v4m3rr/.espressif/v5.5.5/esp-idf/components/esp_driver_rmt"
  - name: "esp_driver_sdio"
    path: "/home/v4m3rr/.espressif/v5.5.5/esp-idf/components/esp_driver_sdio"
  - name: "esp_driver_sdm"
    path: "/home/v4m3rr/.espressif/v5.5.5/esp-idf/components/esp_driver_sdm"
  - name: "esp_driver_sdmmc"
    path: "/home/v4m3rr/.espressif/v5.5.5/esp-idf/components/esp_driver_sdmmc"
  - name: "esp_driver_sdspi"
    path: "/home/v4m3rr/.espressif/v5.5.5/esp-idf/components/esp_driver_sdspi"
  - name: "esp_driver_spi"
    path: "/home/v4m3rr/.espressif/v5.5.5/esp-idf/components/esp_driver_spi"
  - name: "esp_driver_touch_sens"
    path: "/home/v4m3rr/.espressif/v5.5.5/esp-idf/components/esp_driver_touch_sens"
  - name: "esp_driver_tsens"
    path: "/home/v4m3rr/.espressif/v5.5.5/esp-idf/components/esp_driver_tsens"
  - name: "esp_driver_twai"
    path: "/home/v4m3rr/.espressif/v5.5.5/esp-idf/components/esp_driver_twai"
  - name: "esp_driver_uart"
    path: "/home/v4m3rr/.espressif/v5.5.5/esp-idf/components/esp_driver_uart"
  - name: "esp_driver_usb_serial_jtag"
    path: "/home/v4m3rr/.espressif/v5.5.5/esp-idf/components/esp_driver_usb_serial_jtag"
  - name: "esp_eth"
    path: "/home/v4m3rr/.espressif/v5.5.5/esp-idf/components/esp_eth"
  - name: "esp_event"
    path: "/home/v4m3rr/.espressif/v5.5.5/esp-idf/components/esp_event"
  - name: "esp_gdbstub"
    path: "/home/v4m3rr/.espressif/v5.5.5/esp-idf/components/esp_gdbstub"
  - name: "esp_hal_ieee802154"
    path: "/home/v4m3rr/.espressif/v5.5.5/esp-idf/components/esp_hal_ieee802154"
  - name: "esp_hid"
    path: "/home/v4m3rr/.espressif/v5.5.5/esp-idf/components/esp_hid"
  - name: "esp_http_client"
    path: "/home/v4m3rr/.espressif/v5.5.5/esp-idf/components/esp_http_client"
  - name: "esp_http_server"
    path: "/home/v4m3rr/.espressif/v5.5.5/esp-idf/components/esp_http_server"
  - name: "esp_https_ota"
    path: "/home/v4m3rr/.espressif/v5.5.5/esp-idf/components/esp_https_ota"
  - name: "esp_https_server"
    path: "/home/v4m3rr/.espressif/v5.5.5/esp-idf/components/esp_https_server"
  - name: "esp_hw_support"
    path: "/home/v4m3rr/.espressif/v5.5.5/esp-idf/components/esp_hw_support"
  - name: "esp_lcd"
    path: "/home/v4m3rr/.espressif/v5.5.5/esp-idf/components/esp_lcd"
  - name: "esp_local_ctrl"
    path: "/home/v4m3rr/.espressif/v5.5.5/esp-idf/components/esp_local_ctrl"
  - name: "esp_mm"
    path: "/home/v4m3rr/.espressif/v5.5.5/esp-idf/components/esp_mm"
  - name: "esp_netif"
    path: "/home/v4m3rr/.espressif/v5.5.5/esp-idf/components/esp_netif"
  - name: "esp_netif_stack"
    path: "/home/v4m3rr/.espressif/v5.5.5/esp-idf/components/esp_netif_stack"
  - name: "esp_partition"
    path: "/home/v4m3rr/.espressif/v5.5.5/esp-idf/components/esp_partition"
  - name: "esp_phy"
    path: "/home/v4m3rr/.espressif/v5.5.5/esp-idf/components/esp_phy"
  - name: "esp_pm"
    path: "/home/v4m3rr/.espressif/v5.5.5/esp-idf/components/esp_pm"
  - name: "esp_psram"
    path: "/home/v4m3rr/.espressif/v5.5.5/esp-idf/components/esp_psram"
  - name: "esp_ringbuf"
    path: "/home/v4m3rr/.espressif/v5.5.5/esp-idf/components/esp_ringbuf"
  - name: "esp_rom"
    path: "/home/v4m3rr/.espressif/v5.5.5/esp-idf/components/esp_rom"
  - name: "esp_security"
    path: "/home/v4m3rr/.espressif/v5.5.5/esp-idf/components/esp_security"
  - name: "esp_system"
    path: "/home/v4m3rr/.espressif/v5.5.5/esp-idf/components/esp_system"
  - name: "esp_tee"
    path: "/home/v4m3rr/.espressif/v5.5.5/esp-idf/components/esp_tee"
  - name: "esp_timer"
    path: "/home/v4m3rr/.espressif/v5.5.5/esp-idf/components/esp_timer"
  - name: "esp_vfs_console"
    path: "/home/v4m3rr/.espressif/v5.5.5/esp-idf/components/esp_vfs_console"
  - name: "esp_wifi"
    path: "/home/v4m3rr/.espressif/v5.5.5/esp-idf/components/esp_wifi"
  - name: "espcoredump"
    path: "/home/v4m3rr/.espressif/v5.5.5/esp-idf/components/espcoredump"
  - name: "esptool_py"
    path: "/home/v4m3rr/.espressif/v5.5.5/esp-idf/components/esptool_py"
  - name: "fatfs"
    path: "/home/v4m3rr/.espressif/v5.5.5/esp-idf/components/fatfs"
  - name: "freertos"
    path: "/home/v4m3rr/.espressif/v5.5.5/esp-idf/components/freertos"
  - name: "hal"
    path: "/home/v4m3rr/.espressif/v5.5.5/esp-idf/components/hal"
  - name: "heap"
    path: "/home/v4m3rr/.espressif/v5.5.5/esp-idf/components/heap"
  - name: "http_parser"
    path: "/home/v4m3rr/.espressif/v5.5.5/esp-idf/components/http_parser"
  - name: "idf_test"
    path: "/home/v4m3rr/.espressif/v5.5.5/esp-idf/components/idf_test"
  - name: "ieee802154"
    path: "/home/v4m3rr/.espressif/v5.5.5/esp-idf/components/ieee802154"
  - name: "json"
    path: "/home/v4m3rr/.espressif/v5.5.5/esp-idf/components/json"
  - name: "linux"
    path: "/home/v4m3rr/.espressif/v5.5.5/esp-idf/components/linux"
  - name: "log"
    path: "/home/v4m3rr/.espressif/v5.5.5/esp-idf/components/log"
  - name: "lwip"
    path: "/home/v4m3rr/.espressif/v5.5.5/esp-idf/components/lwip"
  - name: "mbedtls"
    path: "/home/v4m3rr/.espressif/v5.5.5/esp-idf/components/mbedtls"
  - name: "mqtt"
    path: "/home/v4m3rr/.espressif/v5.5.5/esp-idf/components/mqtt"
  - name: "newlib"
    path: "/home/v4m3rr/.espressif/v5.5.5/esp-idf/components/newlib"
  - name: "nvs_flash"
    path: "/home/v4m3rr/.espressif/v5.5.5/esp-idf/components/nvs_flash"
  - name: "nvs_sec_provider"
    path: "/home/v4m3rr/.espressif/v5.5.5/esp-idf/components/nvs_sec_provider"
  - name: "openthread"
    path: "/home/v4m3rr/.espressif/v5.5.5/esp-idf/components/openthread"
  - name: "partition_table"
    path: "/home/v4m3rr/.espressif/v5.5.5/esp-idf/components/partition_table"
  - name: "perfmon"
    path: "/home/v4m3rr/.espressif/v5.5.5/esp-idf/components/perfmon"
  - name: "protobuf-c"
    path: "/home/v4m3rr/.espressif/v5.5.5/esp-idf/components/protobuf-c"
  - name: "protocomm"
    path: "/home/v4m3rr/.espressif/v5.5.5/esp-idf/components/protocomm"
  - name: "pthread"
    path: "/home/v4m3rr/.espressif/v5.5.5/esp-idf/components/pthread"
  - name: "riscv"
    path: "/home/v4m3rr/.espressif/v5.5.5/esp-idf/components/riscv"
  - name: "rt"
    path: "/home/v4m3rr/.espressif/v5.5.5/esp-idf/components/rt"
  - name: "sdmmc"
    path: "/home/v4m3rr/.espressif/v5.5.5/esp-idf/components/sdmmc"
  - name: "soc"
    path: "/home/v4m3rr/.espressif/v5.5.5/esp-idf/components/soc"
  - name: "spi_flash"
    path: "/home/v4m3rr/.espressif/v5.5.5/esp-idf/components/spi_flash"
  - name: "spiffs"
    path: "/home/v4m3rr/.espressif/v5.5.5/esp-idf/components/spiffs"
  - name: "tcp_transport"
    path: "/home/v4m3rr/.espressif/v5.5.5/esp-idf/components/tcp_transport"
  - name: "touch_element"
    path: "/home/v4m3rr/.espressif/v5.5.5/esp-idf/components/touch_element"
  - name: "ulp"
    path: "/home/v4m3rr/.espressif/v5.5.5/esp-idf/components/ulp"
  - name: "unity"
    path: "/home/v4m3rr/.espressif/v5.5.5/esp-idf/components/unity"
  - name: "usb"
    path: "/home/v4m3rr/.espressif/v5.5.5/esp-idf/components/usb"
  - name: "vfs"
    path: "/home/v4m3rr/.espressif/v5.5.5/esp-idf/components/vfs"
  - name: "wear_levelling"
    path: "/home/v4m3rr/.espressif/v5.5.5/esp-idf/components/wear_levelling"
  - name: "wifi_provisioning"
    path: "/home/v4m3rr/.espressif/v5.5.5/esp-idf/components/wifi_provisioning"
  - name: "wolfssl"
    path: "/home/v4m3rr/Projects/wolf_client/components/wolfssl"
  - name: "wpa_supplicant"
    path: "/home/v4m3rr/.espressif/v5.5.5/esp-idf/components/wpa_supplicant"
  - name: "xtensa"
    path: "/home/v4m3rr/.espressif/v5.5.5/esp-idf/components/xtensa"
  - name: "main"
    path: "/home/v4m3rr/Projects/wolf_client/main"
  - name: "protocol_examples_common"
    path: "/home/v4m3rr/.espressif/v5.5.5/esp-idf/examples/common_components/protocol_examples_common"
  - name: "wolfssl"
    path: "/home/v4m3rr/Projects/wolf_client/components/wolfssl"

-- __gcc_hints=/home/v4m3rr/.espressif/tools/xtensa-esp-elf/esp-14.2.0_20260121/xtensa-esp-elf/bin
-- __get_git_revision_description=YES
-- __idf_component_context = 1 ... (truncated)
-- __lto_flags=-flto=auto;-fno-fat-lto-objects
-- __pch_header_C=c-header
-- __pch_header_CXX=c++-header
-- __pch_header_OBJC=objective-c-header
-- __pch_header_OBJCXX=objective-c++-header
-- __version_x=
-- __version_x_y=
-- _current_toolchain_dir=/home/v4m3rr/.espressif/v5.5.5/esp-idf/tools/cmake
-- _gitdescmoddir=/home/v4m3rr/.espressif/v5.5.5/esp-idf/tools/cmake/third_party
-- _idf_path=/home/v4m3rr/.espressif/v5.5.5/esp-idf
-- _idf_toolchain_dir=/home/v4m3rr/.espressif/v5.5.5/esp-idf/tools/cmake
-- _name=wolfssl
-- _sdkconfig_defaults=/home/v4m3rr/Projects/wolf_client/sdkconfig.defaults
-- _toolchain_filename=toolchain-esp32.cmake
-- alias=idf::wolfssl
-- arch=xtensa
-- bootloader_binary_files = /home/v4m3rr/Projects/wolf_client/build/bootloader/bootloader.elf;/hom ... (truncated)
-- bootloader_extra_component_dirs=/home/v4m3rr/.espressif/v5.5.5/esp-idf/components/bootloader
-- build_component_targets=___idf_xtensa;___idf_esp_driver_gpio;___idf_esp_pm;___idf_mbedtls;___idf_bootloader;___idf_esptool_py;___idf_partition_table;___idf_esp_app_format;___idf_esp_bootloader_format;___idf_app_update;___idf_esp_partition;___idf_efuse;___idf_bootloader_support;___idf_esp_mm;___idf_spi_flash;___idf_esp_system;___idf_esp_common;___idf_esp_rom;___idf_hal;___idf_log;___idf_heap;___idf_soc;___idf_esp_security;___idf_esp_hw_support;___idf_freertos;___idf_newlib;___idf_pthread;___idf_cxx;___idf_esp_timer;___idf_esp_driver_gptimer;___idf_esp_ringbuf;___idf_esp_driver_spi;___idf_esp_psram;___idf_esp_driver_uart;___idf_app_trace;___idf_esp_event;___idf_nvs_flash;___idf_esp_phy;___idf_esp_driver_usb_serial_jtag;___idf_esp_vfs_console;___idf_vfs;___idf_lwip;___idf_esp_netif_stack;___idf_esp_netif;___idf_wpa_supplicant;___idf_esp_coex;___idf_esp_wifi;___idf_esp_gdbstub;___idf_bt;___idf_unity;___idf_cmock;___idf_console;___idf_esp_driver_pcnt;___idf_esp_driver_mcpwm;___idf_esp_driver_ana_cmpr;___idf_esp_driver_i2s;___idf_sdmmc;___idf_esp_driver_sdmmc;___idf_esp_driver_sdspi;___idf_esp_driver_sdio;___idf_esp_driver_dac;___idf_esp_driver_bitscrambler;___idf_esp_driver_rmt;___idf_esp_driver_tsens;___idf_esp_driver_sdm;___idf_esp_driver_i2c;___idf_esp_driver_ledc;___idf_esp_driver_parlio;___idf_esp_driver_twai;___idf_driver;___idf_http_parser;___idf_esp-tls;___idf_esp_adc;___idf_esp_driver_isp;___idf_esp_driver_cam;___idf_esp_driver_jpeg;___idf_esp_driver_ppa;___idf_esp_driver_touch_sens;___idf_esp_eth;___idf_esp_hal_ieee802154;___idf_esp_hid;___idf_tcp_transport;___idf_esp_http_client;___idf_esp_http_server;___idf_esp_https_ota;___idf_esp_https_server;___idf_esp_lcd;___idf_protobuf-c;___idf_protocomm;___idf_esp_local_ctrl;___idf_espcoredump;___idf_wear_levelling;___idf_fatfs;___idf_idf_test;___idf_ieee802154;___idf_json;___idf_mqtt;___idf_nvs_sec_provider;___idf_openthread;___idf_perfmon;___idf_rt;___idf_spiffs;___idf_ulp;___idf_usb;___idf_wifi_provisioning;___idf_wolfssl;___idf_main;___idf_protocol_examples_common
-- build_dir=/home/v4m3rr/Projects/wolf_client/build
-- build_prefix=idf
-- build_properties=PYTHON;__BUILD_PROPERTIES;IDF_PATH;__PREFIX;__CHECK_PYTHON;IDF_COMPONENT_MANAGER;COMPILE_DEFINITIONS;COMPILE_OPTIONS;C_COMPILE_OPTIONS;CXX_COMPILE_OPTIONS;__COMPONENT_TARGETS;BUILD_COMPONENT_DIRS;BUILD_COMPONENT_TARGETS;__COMPONENT_REQUIRES_COMMON;IDF_VER;__ROOT_KCONFIG;__ROOT_SDKCONFIG_RENAME;__OUTPUT_SDKCONFIG;EXTRA_CMAKE_ARGS;__COMPONENT_MANAGER_INTERFACE_VERSION;BOOTLOADER_BUILD;NON_OS_BUILD;ESP_TEE_BUILD;IDF_TOOLCHAIN;IDF_TARGET;IDF_TARGET_ARCH;PROJECT_DIR;PROJECT_NAME;PROJECT_VER;BUILD_DIR;SDKCONFIG;SDKCONFIG_DEFAULTS;__COMPONENT_NAMES_RESOLVED;__COMPONENT_TARGETS_RESOLVED;__BUILD_COMPONENT_TARGETS;__BUILD_COMPONENTS;BUILD_COMPONENT_ALIASES;BUILD_COMPONENTS;___COMPONENT_REQUIRES_COMMON;KCONFIGS;KCONFIG_PROJBUILDS;CONFIG_ENV_PATH;INCLUDE_DIRECTORIES;SDKCONFIG_HEADER;SDKCONFIG_JSON;SDKCONFIG_CMAKE;SDKCONFIG_JSON_MENUS;CONFIG_DIR;__CONFIG_VARIABLES
-- build_property=
-- c_compile_options=-Wno-old-style-declaration
-- chip_model=esp32
-- common_req=
-- common_reqs=cxx;newlib;freertos;esp_hw_support;heap;log;soc;hal;esp_rom;esp_common;esp_system;xtensa
-- compile_options=-Og;-fno-shrink-wrap;-fstack-protector;-fmacro-prefix-map=/home/v4m3rr/Projects/wolf_client=.;-fmacro-prefix-map=/home/v4m3rr/.espressif/v5.5.5/esp-idf=/IDF;-fstrict-volatile-bitfields;-fno-jump-tables;-fno-tree-switch-conversion
-- component=
-- component_manager_interface_version=4
-- component_target=___idf_wolfssl
-- component_targets = ___idf_app_trace;___idf_app_update;___idf_bootloader;___idf_bootloader ... (truncated)
-- components=app_trace;app_update;bootloader;bootloader_support;bt;cmock;console;cxx;driver;efuse;esp-tls;esp_adc;esp_app_format;esp_bootloader_format;esp_coex;esp_common;esp_driver_ana_cmpr;esp_driver_bitscrambler;esp_driver_cam;esp_driver_dac;esp_driver_gpio;esp_driver_gptimer;esp_driver_i2c;esp_driver_i2s;esp_driver_isp;esp_driver_jpeg;esp_driver_ledc;esp_driver_mcpwm;esp_driver_parlio;esp_driver_pcnt;esp_driver_ppa;esp_driver_rmt;esp_driver_sdio;esp_driver_sdm;esp_driver_sdmmc;esp_driver_sdspi;esp_driver_spi;esp_driver_touch_sens;esp_driver_tsens;esp_driver_twai;esp_driver_uart;esp_driver_usb_serial_jtag;esp_eth;esp_event;esp_gdbstub;esp_hal_ieee802154;esp_hid;esp_http_client;esp_http_server;esp_https_ota;esp_https_server;esp_hw_support;esp_lcd;esp_local_ctrl;esp_mm;esp_netif;esp_netif_stack;esp_partition;esp_phy;esp_pm;esp_psram;esp_ringbuf;esp_rom;esp_security;esp_system;esp_tee;esp_timer;esp_vfs_console;esp_wifi;espcoredump;esptool_py;fatfs;freertos;hal;heap;http_parser;idf_test;ieee802154;json;linux;log;lwip;mbedtls;mqtt;newlib;nvs_flash;nvs_sec_provider;openthread;partition_table;perfmon;protobuf-c;protocomm;pthread;riscv;rt;sdmmc;soc;spi_flash;spiffs;tcp_transport;touch_element;ulp;unity;usb;vfs;wear_levelling;wifi_provisioning;wolfssl;wpa_supplicant;xtensa;main;protocol_examples_common
-- cxx_compile_options=-fno-exceptions;-fuse-cxa-atexit
-- dir=/home/v4m3rr/Projects/wolf_client/components/wolfssl
-- dump_machine=xtensa-esp-elf
-- elf=$<TARGET_PROPERTY:__idf_build_target,EXECUTABLE>
-- elf_name=$<TARGET_PROPERTY:__idf_build_target,EXECUTABLE_NAME>
-- env_idf_target=esp32
-- env_idf_toolchain=gcc
-- error=
-- esp-idf_BINARY_DIR=/home/v4m3rr/Projects/wolf_client/build/esp-idf
-- esp-idf_BINARY_DIR=/home/v4m3rr/Projects/wolf_client/build/esp-idf
-- esp-idf_DESCRIPTION=
-- esp-idf_HOMEPAGE_URL=
-- esp-idf_IS_TOP_LEVEL=OFF
-- esp-idf_SOURCE_DIR=/home/v4m3rr/.espressif/v5.5.5/esp-idf
-- esp-idf_SOURCE_DIR=/home/v4m3rr/.espressif/v5.5.5/esp-idf
-- esp-idf_VERSION=
-- esp-idf_VERSION_MAJOR=
-- esp-idf_VERSION_MINOR=
-- esp-idf_VERSION_PATCH=
-- esp-idf_VERSION_TWEAK=
-- esp_bitscrambler_driver_component_path=/home/v4m3rr/.espressif/v5.5.5/esp-idf/components/esp_driver_bitscrambler
-- esptool_elf2image_args=--flash_mode;dio;--flash_freq;40m;--flash_size;2MB;--elf-sha256-offset;0xb0;--min-rev-full;0;--max-rev-full;399
-- esptool_flash_main_args=--before=default_reset;--after=hard_reset
-- esptool_py_dir=/home/v4m3rr/.espressif/v5.5.5/esp-idf/components/esptool_py
-- everest_LIB_DEPENDS=general;__idf_cxx;general;__idf_newlib;general;__idf_freertos;general;__idf_esp_hw_support;general;__idf_heap;general;__idf_log;general;__idf_soc;general;__idf_hal;general;__idf_esp_rom;general;__idf_esp_common;general;__idf_esp_system;general;__idf_xtensa;
-- ext=cpp
-- extension=
-- flash_deps=partition_table_bin;app;bootloader
-- found_clang=-1
-- idf_component_manager=1
-- idf_path=/home/v4m3rr/.espressif/v5.5.5/esp-idf
-- idf_target=esp32
-- keyword=LINK_OPTIONS
-- lang=CXX
-- lang_ext=
-- lang_ext_pairs=C|c;CXX|cpp
-- lang_ext_parts=CXX;cpp
-- lib=__idf_xtensa
-- link_options=-fno-lto;-Wl,--gc-sections;-Wl,--warn-common
-- local_components_list_file=/home/v4m3rr/Projects/wolf_client/build/local_components_list.temp.yml
-- managed_components=
-- managed_components_list_file=/home/v4m3rr/Projects/wolf_client/build/managed_components_list.temp.cmake
-- mapping=
-- mbedcrypto_LIB_DEPENDS=general;__idf_cxx;general;__idf_newlib;general;__idf_freertos;general;__idf_esp_hw_support;general;__idf_heap;general;__idf_log;general;__idf_soc;general;__idf_hal;general;__idf_esp_rom;general;__idf_esp_common;general;__idf_esp_system;general;__idf_xtensa;general;everest;general;p256m;general;idf::esp_security;
-- mbedtls_LIB_DEPENDS=general;__idf_cxx;general;__idf_newlib;general;__idf_freertos;general;__idf_esp_hw_support;general;__idf_heap;general;__idf_log;general;__idf_soc;general;__idf_hal;general;__idf_esp_rom;general;__idf_esp_common;general;__idf_esp_system;general;__idf_xtensa;general;mbedx509;
-- mbedx509_LIB_DEPENDS=general;__idf_cxx;general;__idf_newlib;general;__idf_freertos;general;__idf_esp_hw_support;general;__idf_heap;general;__idf_log;general;__idf_soc;general;__idf_hal;general;__idf_esp_rom;general;__idf_esp_common;general;__idf_esp_system;general;__idf_xtensa;general;mbedcrypto;
-- min_rev=0
-- multi_value=COMPONENTS;SDKCONFIG_DEFAULTS
-- p256m_LIB_DEPENDS=general;__idf_cxx;general;__idf_newlib;general;__idf_freertos;general;__idf_esp_hw_support;general;__idf_heap;general;__idf_log;general;__idf_soc;general;__idf_hal;general;__idf_esp_rom;general;__idf_esp_common;general;__idf_esp_system;general;__idf_xtensa;
-- prefix=idf
-- prefix_map_compile_options=-fmacro-prefix-map=/home/v4m3rr/Projects/wolf_client=.;-fmacro-prefix-map=/home/v4m3rr/.espressif/v5.5.5/esp-idf=/IDF
-- project_dir=/home/v4m3rr/Projects/wolf_client
-- project_ver=1
-- python=/home/v4m3rr/.espressif/tools/python/v5.5.5/venv/bin/python
-- result=0
-- retried=0
-- sdkconfig=/home/v4m3rr/Projects/wolf_client/sdkconfig
-- sdkconfig_cmake=/home/v4m3rr/Projects/wolf_client/build/config/sdkconfig.cmake
-- sdkconfig_default=
-- sdkconfig_defaults=/home/v4m3rr/Projects/wolf_client/sdkconfig.defaults
-- sdkconfig_target=esp32
-- single_value=PROJECT_DIR;PROJECT_VER;PROJECT_NAME;BUILD_DIR;SDKCONFIG
-- target=esp32
-- test_components=
-- toolchain_filename=toolchain-esp32.cmake
-- toolchain_name=xtensa-esp-elf
-- type=
-- unsigned_project_binary=$<TARGET_PROPERTY:__idf_build_target,EXECUTABLE_NAME>.bin
-- val = CONFIG_SOC_CAPS_ECO_VER_MAX;CONFIG_SOC_ADC_SUPPORTED;CONFIG_SOC_DAC_SU ... (truncated)
-- version_keyword_present=FALSE
-- where=/home/v4m3rr/Projects/wolf_client/sdkconfig
-- wolfssl_template_BINARY_DIR=/home/v4m3rr/Projects/wolf_client/build
-- wolfssl_template_DESCRIPTION=
-- wolfssl_template_HOMEPAGE_URL=
-- wolfssl_template_IS_TOP_LEVEL=ON
-- wolfssl_template_SOURCE_DIR=/home/v4m3rr/Projects/wolf_client
-- 
-- ALL VARIABLES END
-- 
-- DETECTED_PROJECT_NAME=wolfssl_template
-- COMPONENT_TARGET=__idf_wolfssl
-- 
-- 
-- ********************************************************************
-- WARNING: Found components/wolfssl in both local project and IDF_PATH
-- ********************************************************************
-- 
-- Using wolfSSL in /home/v4m3rr/.builds/wolfssl
-- PIO_WOLFSSL_ROOT =  /home/v4m3rr/.builds/wolfssl
-- PLATFORMIO_BUILD_DIR = 
-- WARNING: wolfSSL NOT selected for ESP-TLS. Features and performance will be limited.
-- LIBWOLFSSL_CMAKE_OUTPUT: 
-- No HAS_LIBWOLFSSL_OUTPUT_HEADER
-- Found LIBWOLFSSL_CMAKE_OUTPUT=
-- ************************************************************************************************
-- wolfSSL component config complete!
-- ************************************************************************************************
-- Begin wolfSSL main CMakeLists.txt
-- Detected UNIX
-- Detected Linux
-- 
-- WARNING: Found components/wolfssl in both local project and IDF_PATH
-- 
-- Using release wolfssl component.
-- LIBWOLFSSL_SAVE_INFO encountered a non-zero VAR_RESULT.
-- Setting LIBWOLFSSL_VERSION_GIT_HASH to "Unknown"
-- LIBWOLFSSL_SAVE_INFO encountered a non-zero VAR_RESULT.
-- Setting LIBWOLFSSL_VERSION_GIT_SHORT_HASH to "Unknown"
fatal: your current branch 'main' does not have any commits yet
-- LIBWOLFSSL_SAVE_INFO encountered a non-zero VAR_RESULT.
-- Setting LIBWOLFSSL_VERSION_GIT_HASH_DATE to "Unknown"
-- 
-- End wolfSSL main CMakeLists.txt
-- Components: app_trace app_update bootloader bootloader_support bt cmock console cxx driver efuse esp-tls esp_adc esp_app_format esp_bootloader_format esp_coex esp_common esp_driver_ana_cmpr esp_driver_bitscrambler esp_driver_cam esp_driver_dac esp_driver_gpio esp_driver_gptimer esp_driver_i2c esp_driver_i2s esp_driver_isp esp_driver_jpeg esp_driver_ledc esp_driver_mcpwm esp_driver_parlio esp_driver_pcnt esp_driver_ppa esp_driver_rmt esp_driver_sdio esp_driver_sdm esp_driver_sdmmc esp_driver_sdspi esp_driver_spi esp_driver_touch_sens esp_driver_tsens esp_driver_twai esp_driver_uart esp_driver_usb_serial_jtag esp_eth esp_event esp_gdbstub esp_hal_ieee802154 esp_hid esp_http_client esp_http_server esp_https_ota esp_https_server esp_hw_support esp_lcd esp_local_ctrl esp_mm esp_netif esp_netif_stack esp_partition esp_phy esp_pm esp_psram esp_ringbuf esp_rom esp_security esp_system esp_timer esp_vfs_console esp_wifi espcoredump esptool_py fatfs freertos hal heap http_parser idf_test ieee802154 json log lwip main mbedtls mqtt newlib nvs_flash nvs_sec_provider openthread partition_table perfmon protobuf-c protocol_examples_common protocomm pthread rt sdmmc soc spi_flash spiffs tcp_transport ulp unity usb vfs wear_levelling wifi_provisioning wolfssl wpa_supplicant xtensa
-- Component paths: /home/v4m3rr/.espressif/v5.5.5/esp-idf/components/app_trace /home/v4m3rr/.espressif/v5.5.5/esp-idf/components/app_update /home/v4m3rr/.espressif/v5.5.5/esp-idf/components/bootloader /home/v4m3rr/.espressif/v5.5.5/esp-idf/components/bootloader_support /home/v4m3rr/.espressif/v5.5.5/esp-idf/components/bt /home/v4m3rr/.espressif/v5.5.5/esp-idf/components/cmock /home/v4m3rr/.espressif/v5.5.5/esp-idf/components/console /home/v4m3rr/.espressif/v5.5.5/esp-idf/components/cxx /home/v4m3rr/.espressif/v5.5.5/esp-idf/components/driver /home/v4m3rr/.espressif/v5.5.5/esp-idf/components/efuse /home/v4m3rr/.espressif/v5.5.5/esp-idf/components/esp-tls /home/v4m3rr/.espressif/v5.5.5/esp-idf/components/esp_adc /home/v4m3rr/.espressif/v5.5.5/esp-idf/components/esp_app_format /home/v4m3rr/.espressif/v5.5.5/esp-idf/components/esp_bootloader_format /home/v4m3rr/.espressif/v5.5.5/esp-idf/components/esp_coex /home/v4m3rr/.espressif/v5.5.5/esp-idf/components/esp_common /home/v4m3rr/.espressif/v5.5.5/esp-idf/components/esp_driver_ana_cmpr /home/v4m3rr/.espressif/v5.5.5/esp-idf/components/esp_driver_bitscrambler /home/v4m3rr/.espressif/v5.5.5/esp-idf/components/esp_driver_cam /home/v4m3rr/.espressif/v5.5.5/esp-idf/components/esp_driver_dac /home/v4m3rr/.espressif/v5.5.5/esp-idf/components/esp_driver_gpio /home/v4m3rr/.espressif/v5.5.5/esp-idf/components/esp_driver_gptimer /home/v4m3rr/.espressif/v5.5.5/esp-idf/components/esp_driver_i2c /home/v4m3rr/.espressif/v5.5.5/esp-idf/components/esp_driver_i2s /home/v4m3rr/.espressif/v5.5.5/esp-idf/components/esp_driver_isp /home/v4m3rr/.espressif/v5.5.5/esp-idf/components/esp_driver_jpeg /home/v4m3rr/.espressif/v5.5.5/esp-idf/components/esp_driver_ledc /home/v4m3rr/.espressif/v5.5.5/esp-idf/components/esp_driver_mcpwm /home/v4m3rr/.espressif/v5.5.5/esp-idf/components/esp_driver_parlio /home/v4m3rr/.espressif/v5.5.5/esp-idf/components/esp_driver_pcnt /home/v4m3rr/.espressif/v5.5.5/esp-idf/components/esp_driver_ppa /home/v4m3rr/.espressif/v5.5.5/esp-idf/components/esp_driver_rmt /home/v4m3rr/.espressif/v5.5.5/esp-idf/components/esp_driver_sdio /home/v4m3rr/.espressif/v5.5.5/esp-idf/components/esp_driver_sdm /home/v4m3rr/.espressif/v5.5.5/esp-idf/components/esp_driver_sdmmc /home/v4m3rr/.espressif/v5.5.5/esp-idf/components/esp_driver_sdspi /home/v4m3rr/.espressif/v5.5.5/esp-idf/components/esp_driver_spi /home/v4m3rr/.espressif/v5.5.5/esp-idf/components/esp_driver_touch_sens /home/v4m3rr/.espressif/v5.5.5/esp-idf/components/esp_driver_tsens /home/v4m3rr/.espressif/v5.5.5/esp-idf/components/esp_driver_twai /home/v4m3rr/.espressif/v5.5.5/esp-idf/components/esp_driver_uart /home/v4m3rr/.espressif/v5.5.5/esp-idf/components/esp_driver_usb_serial_jtag /home/v4m3rr/.espressif/v5.5.5/esp-idf/components/esp_eth /home/v4m3rr/.espressif/v5.5.5/esp-idf/components/esp_event /home/v4m3rr/.espressif/v5.5.5/esp-idf/components/esp_gdbstub /home/v4m3rr/.espressif/v5.5.5/esp-idf/components/esp_hal_ieee802154 /home/v4m3rr/.espressif/v5.5.5/esp-idf/components/esp_hid /home/v4m3rr/.espressif/v5.5.5/esp-idf/components/esp_http_client /home/v4m3rr/.espressif/v5.5.5/esp-idf/components/esp_http_server /home/v4m3rr/.espressif/v5.5.5/esp-idf/components/esp_https_ota /home/v4m3rr/.espressif/v5.5.5/esp-idf/components/esp_https_server /home/v4m3rr/.espressif/v5.5.5/esp-idf/components/esp_hw_support /home/v4m3rr/.espressif/v5.5.5/esp-idf/components/esp_lcd /home/v4m3rr/.espressif/v5.5.5/esp-idf/components/esp_local_ctrl /home/v4m3rr/.espressif/v5.5.5/esp-idf/components/esp_mm /home/v4m3rr/.espressif/v5.5.5/esp-idf/components/esp_netif /home/v4m3rr/.espressif/v5.5.5/esp-idf/components/esp_netif_stack /home/v4m3rr/.espressif/v5.5.5/esp-idf/components/esp_partition /home/v4m3rr/.espressif/v5.5.5/esp-idf/components/esp_phy /home/v4m3rr/.espressif/v5.5.5/esp-idf/components/esp_pm /home/v4m3rr/.espressif/v5.5.5/esp-idf/components/esp_psram /home/v4m3rr/.espressif/v5.5.5/esp-idf/components/esp_ringbuf /home/v4m3rr/.espressif/v5.5.5/esp-idf/components/esp_rom /home/v4m3rr/.espressif/v5.5.5/esp-idf/components/esp_security /home/v4m3rr/.espressif/v5.5.5/esp-idf/components/esp_system /home/v4m3rr/.espressif/v5.5.5/esp-idf/components/esp_timer /home/v4m3rr/.espressif/v5.5.5/esp-idf/components/esp_vfs_console /home/v4m3rr/.espressif/v5.5.5/esp-idf/components/esp_wifi /home/v4m3rr/.espressif/v5.5.5/esp-idf/components/espcoredump /home/v4m3rr/.espressif/v5.5.5/esp-idf/components/esptool_py /home/v4m3rr/.espressif/v5.5.5/esp-idf/components/fatfs /home/v4m3rr/.espressif/v5.5.5/esp-idf/components/freertos /home/v4m3rr/.espressif/v5.5.5/esp-idf/components/hal /home/v4m3rr/.espressif/v5.5.5/esp-idf/components/heap /home/v4m3rr/.espressif/v5.5.5/esp-idf/components/http_parser /home/v4m3rr/.espressif/v5.5.5/esp-idf/components/idf_test /home/v4m3rr/.espressif/v5.5.5/esp-idf/components/ieee802154 /home/v4m3rr/.espressif/v5.5.5/esp-idf/components/json /home/v4m3rr/.espressif/v5.5.5/esp-idf/components/log /home/v4m3rr/.espressif/v5.5.5/esp-idf/components/lwip /home/v4m3rr/Projects/wolf_client/main /home/v4m3rr/.espressif/v5.5.5/esp-idf/components/mbedtls /home/v4m3rr/.espressif/v5.5.5/esp-idf/components/mqtt /home/v4m3rr/.espressif/v5.5.5/esp-idf/components/newlib /home/v4m3rr/.espressif/v5.5.5/esp-idf/components/nvs_flash /home/v4m3rr/.espressif/v5.5.5/esp-idf/components/nvs_sec_provider /home/v4m3rr/.espressif/v5.5.5/esp-idf/components/openthread /home/v4m3rr/.espressif/v5.5.5/esp-idf/components/partition_table /home/v4m3rr/.espressif/v5.5.5/esp-idf/components/perfmon /home/v4m3rr/.espressif/v5.5.5/esp-idf/components/protobuf-c /home/v4m3rr/.espressif/v5.5.5/esp-idf/examples/common_components/protocol_examples_common /home/v4m3rr/.espressif/v5.5.5/esp-idf/components/protocomm /home/v4m3rr/.espressif/v5.5.5/esp-idf/components/pthread /home/v4m3rr/.espressif/v5.5.5/esp-idf/components/rt /home/v4m3rr/.espressif/v5.5.5/esp-idf/components/sdmmc /home/v4m3rr/.espressif/v5.5.5/esp-idf/components/soc /home/v4m3rr/.espressif/v5.5.5/esp-idf/components/spi_flash /home/v4m3rr/.espressif/v5.5.5/esp-idf/components/spiffs /home/v4m3rr/.espressif/v5.5.5/esp-idf/components/tcp_transport /home/v4m3rr/.espressif/v5.5.5/esp-idf/components/ulp /home/v4m3rr/.espressif/v5.5.5/esp-idf/components/unity /home/v4m3rr/.espressif/v5.5.5/esp-idf/components/usb /home/v4m3rr/.espressif/v5.5.5/esp-idf/components/vfs /home/v4m3rr/.espressif/v5.5.5/esp-idf/components/wear_levelling /home/v4m3rr/.espressif/v5.5.5/esp-idf/components/wifi_provisioning /home/v4m3rr/Projects/wolf_client/components/wolfssl /home/v4m3rr/.espressif/v5.5.5/esp-idf/components/wpa_supplicant /home/v4m3rr/.espressif/v5.5.5/esp-idf/components/xtensa
-- end project
-- Configuring done (4.4s)
-- Generating done (0.6s)
-- Build files have been written to: /home/v4m3rr/Projects/wolf_client/build
Running ninja in directory /home/v4m3rr/Projects/wolf_client/build
Executing "ninja all"...
[1/1154] Generating project_elf_src_esp32.c
[2/1154] Generating /home/v4m3rr/Projects/wolf_client/build/esp-idf/esp_system/ld/memory.ld linker script...
[3/1154] Generating /home/v4m3rr/Projects/wolf_client/build/esp-idf/esp_system/ld/sections.ld.in linker script...
[4/1154] Building C object esp-idf/esp_http_server/CMakeFiles/__idf_esp_http_server.dir/src/httpd_ws.c.obj
[5/1154] Building C object esp-idf/esp_http_server/CMakeFiles/__idf_esp_http_server.dir/src/httpd_sess.c.obj
[6/1154] Generating ../../partition_table/partition-table.bin
Partition table binary generated. Contents:
*******************************************************************************
# ESP-IDF Partition Table
# Name, Type, SubType, Offset, Size, Flags
nvs,data,nvs,0x9000,24K,
phy_init,data,phy,0xf000,4K,
factory,app,factory,0x10000,1500K,
*******************************************************************************
[7/1154] Building C object esp-idf/esp_http_server/CMakeFiles/__idf_esp_http_server.dir/src/httpd_main.c.obj
[8/1154] Building C object esp-idf/esp_http_server/CMakeFiles/__idf_esp_http_server.dir/src/httpd_parse.c.obj
[9/1154] Building C object esp-idf/esp_http_server/CMakeFiles/__idf_esp_http_server.dir/src/httpd_uri.c.obj
[10/1154] Building C object esp-idf/esp_http_server/CMakeFiles/__idf_esp_http_server.dir/src/util/ctrl_sock.c.obj
[11/1154] Building C object esp-idf/esp_http_server/CMakeFiles/__idf_esp_http_server.dir/src/httpd_txrx.c.obj
[12/1154] Building C object esp-idf/esp_http_client/CMakeFiles/__idf_esp_http_client.dir/lib/http_utils.c.obj
[13/1154] Building C object esp-idf/esp_http_client/CMakeFiles/__idf_esp_http_client.dir/lib/http_header.c.obj
[14/1154] Building C object esp-idf/esp_https_ota/CMakeFiles/__idf_esp_https_ota.dir/src/esp_https_ota.c.obj
[15/1154] Building C object esp-idf/esp_http_client/CMakeFiles/__idf_esp_http_client.dir/lib/http_auth.c.obj
[16/1154] Linking C static library esp-idf/esp_https_ota/libesp_https_ota.a
[17/1154] Linking C static library esp-idf/esp_http_server/libesp_http_server.a
[18/1154] Building C object esp-idf/tcp_transport/CMakeFiles/__idf_tcp_transport.dir/transport.c.obj
[19/1154] Building C object esp-idf/tcp_transport/CMakeFiles/__idf_tcp_transport.dir/transport_socks_proxy.c.obj
[20/1154] Building C object esp-idf/esp_adc/CMakeFiles/__idf_esp_adc.dir/adc_cali.c.obj
[21/1154] Building C object esp-idf/esp_adc/CMakeFiles/__idf_esp_adc.dir/adc_common.c.obj
[22/1154] Building C object esp-idf/esp_adc/CMakeFiles/__idf_esp_adc.dir/adc_oneshot.c.obj
[23/1154] Building C object esp-idf/tcp_transport/CMakeFiles/__idf_tcp_transport.dir/transport_ssl.c.obj
[24/1154] Building C object esp-idf/tcp_transport/CMakeFiles/__idf_tcp_transport.dir/transport_internal.c.obj
[25/1154] Building C object esp-idf/esp_adc/CMakeFiles/__idf_esp_adc.dir/adc_cali_curve_fitting.c.obj
[26/1154] Building C object esp-idf/esp_adc/CMakeFiles/__idf_esp_adc.dir/deprecated/esp_adc_cal_common_legacy.c.obj
[27/1154] Building C object esp-idf/esp-tls/CMakeFiles/__idf_esp-tls.dir/esp-tls-crypto/esp_tls_crypto.c.obj
[28/1154] Building C object esp-idf/esp_adc/CMakeFiles/__idf_esp_adc.dir/esp32/adc_cali_line_fitting.c.obj
[29/1154] Building C object esp-idf/esp_adc/CMakeFiles/__idf_esp_adc.dir/deprecated/esp32/esp_adc_cal_legacy.c.obj
[30/1154] Building C object esp-idf/esp-tls/CMakeFiles/__idf_esp-tls.dir/esp_tls_platform_port.c.obj
[31/1154] Building C object esp-idf/esp_adc/CMakeFiles/__idf_esp_adc.dir/esp32/adc_dma.c.obj
[32/1154] Building C object esp-idf/esp_http_client/CMakeFiles/__idf_esp_http_client.dir/esp_http_client.c.obj
[33/1154] Building C object esp-idf/esp-tls/CMakeFiles/__idf_esp-tls.dir/esp_tls_error_capture.c.obj
[34/1154] Building C object esp-idf/esp_adc/CMakeFiles/__idf_esp_adc.dir/adc_continuous.c.obj
[35/1154] Linking C static library esp-idf/esp_http_client/libesp_http_client.a
[36/1154] Building C object esp-idf/tcp_transport/CMakeFiles/__idf_tcp_transport.dir/transport_ws.c.obj
[37/1154] Linking C static library esp-idf/tcp_transport/libtcp_transport.a
[38/1154] Building C object esp-idf/driver/CMakeFiles/__idf_driver.dir/deprecated/esp32/dac_legacy.c.obj
[39/1154] Building C object esp-idf/esp-tls/CMakeFiles/__idf_esp-tls.dir/esp_tls.c.obj
[40/1154] Linking C static library esp-idf/esp_adc/libesp_adc.a
[41/1154] Building C object esp-idf/driver/CMakeFiles/__idf_driver.dir/deprecated/adc_legacy.c.obj
[42/1154] Building C object esp-idf/driver/CMakeFiles/__idf_driver.dir/deprecated/dac_common_legacy.c.obj
[43/1154] Building C object esp-idf/driver/CMakeFiles/__idf_driver.dir/deprecated/adc_dma_legacy.c.obj
[44/1154] Building C object esp-idf/esp-tls/CMakeFiles/__idf_esp-tls.dir/esp_tls_mbedtls.c.obj
[45/1154] Linking C static library esp-idf/esp-tls/libesp-tls.a
[46/1154] Building C object esp-idf/http_parser/CMakeFiles/__idf_http_parser.dir/http_parser.c.obj
[47/1154] Building C object esp-idf/driver/CMakeFiles/__idf_driver.dir/deprecated/sigma_delta_legacy.c.obj
[48/1154] Building C object esp-idf/driver/CMakeFiles/__idf_driver.dir/deprecated/pcnt_legacy.c.obj
[49/1154] Building C object esp-idf/driver/CMakeFiles/__idf_driver.dir/deprecated/timer_legacy.c.obj
[50/1154] Building C object esp-idf/driver/CMakeFiles/__idf_driver.dir/i2c/i2c.c.obj
[51/1154] Linking C static library esp-idf/http_parser/libhttp_parser.a
[52/1154] Building C object esp-idf/driver/CMakeFiles/__idf_driver.dir/deprecated/mcpwm_legacy.c.obj
[53/1154] Building C object esp-idf/driver/CMakeFiles/__idf_driver.dir/touch_sensor/touch_sensor_common.c.obj
[54/1154] Building C object esp-idf/driver/CMakeFiles/__idf_driver.dir/twai/twai.c.obj
[55/1154] Building C object esp-idf/driver/CMakeFiles/__idf_driver.dir/touch_sensor/esp32/touch_sensor.c.obj
[56/1154] Building C object esp-idf/esp_driver_twai/CMakeFiles/__idf_esp_driver_twai.dir/esp_twai.c.obj
[57/1154] Building C object esp-idf/driver/CMakeFiles/__idf_driver.dir/deprecated/adc_i2s_deprecated.c.obj
[58/1154] Building C object esp-idf/driver/CMakeFiles/__idf_driver.dir/deprecated/i2s_legacy.c.obj
[59/1154] Building C object esp-idf/esp_driver_rmt/CMakeFiles/__idf_esp_driver_rmt.dir/src/rmt_common.c.obj
[60/1154] Building C object esp-idf/esp_driver_twai/CMakeFiles/__idf_esp_driver_twai.dir/esp_twai_onchip.c.obj
[61/1154] Building C object esp-idf/driver/CMakeFiles/__idf_driver.dir/deprecated/rmt_legacy.c.obj
[62/1154] Building C object esp-idf/esp_driver_i2c/CMakeFiles/__idf_esp_driver_i2c.dir/i2c_slave.c.obj
[63/1154] Building C object esp-idf/esp_driver_i2c/CMakeFiles/__idf_esp_driver_i2c.dir/i2c_common.c.obj
[64/1154] Building C object esp-idf/esp_driver_sdm/CMakeFiles/__idf_esp_driver_sdm.dir/src/sdm.c.obj
[65/1154] Linking C static library esp-idf/driver/libdriver.a
[66/1154] Linking C static library esp-idf/esp_driver_twai/libesp_driver_twai.a
[67/1154] Building C object esp-idf/esp_driver_rmt/CMakeFiles/__idf_esp_driver_rmt.dir/src/rmt_encoder.c.obj
[68/1154] Building C object esp-idf/esp_driver_rmt/CMakeFiles/__idf_esp_driver_rmt.dir/src/rmt_encoder_bytes.c.obj
[69/1154] Building C object esp-idf/esp_driver_rmt/CMakeFiles/__idf_esp_driver_rmt.dir/src/rmt_encoder_copy.c.obj
[70/1154] Building C object esp-idf/esp_driver_dac/CMakeFiles/__idf_esp_driver_dac.dir/dac_oneshot.c.obj
[71/1154] Building C object esp-idf/esp_driver_rmt/CMakeFiles/__idf_esp_driver_rmt.dir/src/rmt_encoder_simple.c.obj
[72/1154] Building C object esp-idf/esp_driver_ledc/CMakeFiles/__idf_esp_driver_ledc.dir/src/ledc.c.obj
[73/1154] Linking C static library esp-idf/esp_driver_ledc/libesp_driver_ledc.a
[74/1154] Building C object esp-idf/esp_driver_dac/CMakeFiles/__idf_esp_driver_dac.dir/dac_cosine.c.obj
[75/1154] Building C object esp-idf/esp_driver_i2c/CMakeFiles/__idf_esp_driver_i2c.dir/i2c_master.c.obj
[76/1154] Building C object esp-idf/esp_driver_rmt/CMakeFiles/__idf_esp_driver_rmt.dir/src/rmt_rx.c.obj
[77/1154] Building C object esp-idf/esp_driver_dac/CMakeFiles/__idf_esp_driver_dac.dir/dac_common.c.obj
[78/1154] Building C object esp-idf/esp_driver_dac/CMakeFiles/__idf_esp_driver_dac.dir/esp32/dac_dma.c.obj
[79/1154] Building C object esp-idf/esp_driver_sdspi/CMakeFiles/__idf_esp_driver_sdspi.dir/src/sdspi_crc.c.obj
[80/1154] Linking C static library esp-idf/esp_driver_i2c/libesp_driver_i2c.a
[81/1154] Linking C static library esp-idf/esp_driver_sdm/libesp_driver_sdm.a
[82/1154] Building C object esp-idf/esp_driver_dac/CMakeFiles/__idf_esp_driver_dac.dir/dac_continuous.c.obj
[83/1154] Building C object esp-idf/esp_driver_rmt/CMakeFiles/__idf_esp_driver_rmt.dir/src/rmt_tx.c.obj
[84/1154] Building C object esp-idf/esp_driver_sdspi/CMakeFiles/__idf_esp_driver_sdspi.dir/src/sdspi_transaction.c.obj
[85/1154] Linking C static library esp-idf/esp_driver_rmt/libesp_driver_rmt.a
[86/1154] Building C object esp-idf/esp_driver_sdio/CMakeFiles/__idf_esp_driver_sdio.dir/src/sdio_slave.c.obj
[87/1154] Linking C static library esp-idf/esp_driver_dac/libesp_driver_dac.a
[88/1154] Linking C static library esp-idf/esp_driver_sdio/libesp_driver_sdio.a
[89/1154] Building C object esp-idf/esp_driver_sdmmc/CMakeFiles/__idf_esp_driver_sdmmc.dir/src/sdmmc_transaction.c.obj
[90/1154] Building C object esp-idf/sdmmc/CMakeFiles/__idf_sdmmc.dir/sdmmc_common.c.obj
[91/1154] Building C object esp-idf/sdmmc/CMakeFiles/__idf_sdmmc.dir/sdmmc_init.c.obj
[92/1154] Building C object esp-idf/esp_driver_sdspi/CMakeFiles/__idf_esp_driver_sdspi.dir/src/sdspi_host.c.obj
[93/1154] Building C object esp-idf/sdmmc/CMakeFiles/__idf_sdmmc.dir/sdmmc_cmd.c.obj
[94/1154] Linking C static library esp-idf/esp_driver_sdspi/libesp_driver_sdspi.a
[95/1154] Building C object esp-idf/sdmmc/CMakeFiles/__idf_sdmmc.dir/sdmmc_mmc.c.obj
[96/1154] Building C object esp-idf/sdmmc/CMakeFiles/__idf_sdmmc.dir/sd_pwr_ctrl/sd_pwr_ctrl.c.obj
[97/1154] Building C object esp-idf/esp_driver_sdmmc/CMakeFiles/__idf_esp_driver_sdmmc.dir/src/sdmmc_host.c.obj
[98/1154] Linking C static library esp-idf/esp_driver_sdmmc/libesp_driver_sdmmc.a
[99/1154] Building C object esp-idf/esp_driver_i2s/CMakeFiles/__idf_esp_driver_i2s.dir/i2s_platform.c.obj
[100/1154] Building C object esp-idf/sdmmc/CMakeFiles/__idf_sdmmc.dir/sdmmc_io.c.obj
[101/1154] Building C object esp-idf/esp_driver_i2s/CMakeFiles/__idf_esp_driver_i2s.dir/i2s_std.c.obj
[102/1154] Building C object esp-idf/sdmmc/CMakeFiles/__idf_sdmmc.dir/sdmmc_sd.c.obj
[103/1154] Linking C static library esp-idf/sdmmc/libsdmmc.a
[104/1154] Building C object esp-idf/esp_driver_mcpwm/CMakeFiles/__idf_esp_driver_mcpwm.dir/src/mcpwm_com.c.obj
[105/1154] Building C object esp-idf/esp_driver_mcpwm/CMakeFiles/__idf_esp_driver_mcpwm.dir/src/mcpwm_cmpr.c.obj
[106/1154] Building C object esp-idf/esp_driver_i2s/CMakeFiles/__idf_esp_driver_i2s.dir/i2s_pdm.c.obj
[107/1154] Building C object esp-idf/esp_driver_i2s/CMakeFiles/__idf_esp_driver_i2s.dir/i2s_common.c.obj
[108/1154] Building C object esp-idf/esp_driver_mcpwm/CMakeFiles/__idf_esp_driver_mcpwm.dir/src/mcpwm_cap.c.obj
[109/1154] Building C object esp-idf/esp_driver_mcpwm/CMakeFiles/__idf_esp_driver_mcpwm.dir/src/mcpwm_fault.c.obj
[110/1154] Linking C static library esp-idf/esp_driver_i2s/libesp_driver_i2s.a
[111/1154] Building C object esp-idf/esp_driver_mcpwm/CMakeFiles/__idf_esp_driver_mcpwm.dir/src/mcpwm_oper.c.obj
[112/1154] Building C object esp-idf/esp_driver_mcpwm/CMakeFiles/__idf_esp_driver_mcpwm.dir/src/mcpwm_gen.c.obj
[113/1154] Building C object esp-idf/esp_driver_mcpwm/CMakeFiles/__idf_esp_driver_mcpwm.dir/src/mcpwm_sync.c.obj
[114/1154] Building C object esp-idf/esp_gdbstub/CMakeFiles/__idf_esp_gdbstub.dir/src/gdbstub_transport.c.obj
[115/1154] Building ASM object esp-idf/esp_gdbstub/CMakeFiles/__idf_esp_gdbstub.dir/src/port/xtensa/gdbstub-entry.S.obj
[116/1154] Building ASM object esp-idf/esp_gdbstub/CMakeFiles/__idf_esp_gdbstub.dir/src/port/xtensa/xt_debugexception.S.obj
[117/1154] Building C object esp-idf/esp_gdbstub/CMakeFiles/__idf_esp_gdbstub.dir/src/packet.c.obj
[118/1154] Building C object esp-idf/esp_wifi/CMakeFiles/__idf_esp_wifi.dir/src/lib_printf.c.obj
[119/1154] Building C object esp-idf/esp_gdbstub/CMakeFiles/__idf_esp_gdbstub.dir/src/gdbstub.c.obj
[120/1154] Building C object esp-idf/esp_wifi/CMakeFiles/__idf_esp_wifi.dir/src/mesh_event.c.obj
[121/1154] Building C object esp-idf/esp_driver_pcnt/CMakeFiles/__idf_esp_driver_pcnt.dir/src/pulse_cnt.c.obj
[122/1154] Building C object esp-idf/esp_gdbstub/CMakeFiles/__idf_esp_gdbstub.dir/src/port/xtensa/gdbstub_xtensa.c.obj
[123/1154] Building C object esp-idf/esp_driver_mcpwm/CMakeFiles/__idf_esp_driver_mcpwm.dir/src/mcpwm_timer.c.obj
[124/1154] Building C object esp-idf/esp_wifi/CMakeFiles/__idf_esp_wifi.dir/src/wifi_default_ap.c.obj
[125/1154] Building C object esp-idf/esp_wifi/CMakeFiles/__idf_esp_wifi.dir/src/smartconfig.c.obj
[126/1154] Building C object esp-idf/esp_wifi/CMakeFiles/__idf_esp_wifi.dir/src/wifi_init.c.obj
[127/1154] Linking C static library esp-idf/esp_driver_mcpwm/libesp_driver_mcpwm.a
[128/1154] Building C object esp-idf/esp_wifi/CMakeFiles/__idf_esp_wifi.dir/regulatory/esp_wifi_regulatory.c.obj
[129/1154] Building C object esp-idf/esp_coex/CMakeFiles/__idf_esp_coex.dir/src/coexist_debug_diagram.c.obj
[130/1154] Linking C static library esp-idf/esp_driver_pcnt/libesp_driver_pcnt.a
[131/1154] Building C object esp-idf/esp_wifi/CMakeFiles/__idf_esp_wifi.dir/src/wifi_netif.c.obj
[132/1154] Linking C static library esp-idf/esp_gdbstub/libesp_gdbstub.a
[133/1154] Building C object esp-idf/esp_coex/CMakeFiles/__idf_esp_coex.dir/src/coexist_debug.c.obj
[134/1154] Building C object esp-idf/esp_wifi/CMakeFiles/__idf_esp_wifi.dir/esp32/esp_adapter.c.obj
[135/1154] Building C object esp-idf/esp_wifi/CMakeFiles/__idf_esp_wifi.dir/src/wifi_default.c.obj
[136/1154] Building C object esp-idf/esp_coex/CMakeFiles/__idf_esp_coex.dir/esp32/esp_coex_adapter.c.obj
[137/1154] Building C object esp-idf/wpa_supplicant/CMakeFiles/__idf_wpa_supplicant.dir/port/os_xtensa.c.obj
[138/1154] Building C object esp-idf/esp_wifi/CMakeFiles/__idf_esp_wifi.dir/src/smartconfig_ack.c.obj
[139/1154] Linking C static library esp-idf/esp_wifi/libesp_wifi.a
[140/1154] Building C object esp-idf/wpa_supplicant/CMakeFiles/__idf_wpa_supplicant.dir/src/ap/ieee802_1x.c.obj
[141/1154] Building C object esp-idf/wpa_supplicant/CMakeFiles/__idf_wpa_supplicant.dir/src/ap/sta_info.c.obj
[142/1154] Building C object esp-idf/wpa_supplicant/CMakeFiles/__idf_wpa_supplicant.dir/port/eloop.c.obj
[143/1154] Building C object esp-idf/wpa_supplicant/CMakeFiles/__idf_wpa_supplicant.dir/src/ap/ap_config.c.obj
[144/1154] Building C object esp-idf/wpa_supplicant/CMakeFiles/__idf_wpa_supplicant.dir/src/ap/wpa_auth_ie.c.obj
[145/1154] Building C object esp-idf/wpa_supplicant/CMakeFiles/__idf_wpa_supplicant.dir/src/ap/pmksa_cache_auth.c.obj
[146/1154] Building C object esp-idf/wpa_supplicant/CMakeFiles/__idf_wpa_supplicant.dir/src/ap/comeback_token.c.obj
[147/1154] Building C object esp-idf/wpa_supplicant/CMakeFiles/__idf_wpa_supplicant.dir/src/ap/ieee802_11.c.obj
[148/1154] Building C object esp-idf/wpa_supplicant/CMakeFiles/__idf_wpa_supplicant.dir/src/utils/bitfield.c.obj
[149/1154] Building C object esp-idf/wpa_supplicant/CMakeFiles/__idf_wpa_supplicant.dir/src/crypto/sha256-kdf.c.obj
[150/1154] Building C object esp-idf/wpa_supplicant/CMakeFiles/__idf_wpa_supplicant.dir/src/common/dragonfly.c.obj
[151/1154] Building C object esp-idf/wpa_supplicant/CMakeFiles/__idf_wpa_supplicant.dir/src/crypto/ccmp.c.obj
[152/1154] Building C object esp-idf/wpa_supplicant/CMakeFiles/__idf_wpa_supplicant.dir/src/crypto/aes-siv.c.obj
[153/1154] Building C object esp-idf/wpa_supplicant/CMakeFiles/__idf_wpa_supplicant.dir/src/ap/wpa_auth.c.obj
[154/1154] Building C object esp-idf/wpa_supplicant/CMakeFiles/__idf_wpa_supplicant.dir/src/crypto/dh_group5.c.obj
[155/1154] Building C object esp-idf/wpa_supplicant/CMakeFiles/__idf_wpa_supplicant.dir/src/common/wpa_common.c.obj
[156/1154] Building C object esp-idf/wpa_supplicant/CMakeFiles/__idf_wpa_supplicant.dir/src/crypto/crypto_ops.c.obj
[157/1154] Building C object esp-idf/wpa_supplicant/CMakeFiles/__idf_wpa_supplicant.dir/src/crypto/aes-gcm.c.obj
[158/1154] Building C object esp-idf/wpa_supplicant/CMakeFiles/__idf_wpa_supplicant.dir/src/crypto/dh_groups.c.obj
[159/1154] Building C object esp-idf/wpa_supplicant/CMakeFiles/__idf_wpa_supplicant.dir/src/crypto/sha256-tlsprf.c.obj
[160/1154] Building C object esp-idf/wpa_supplicant/CMakeFiles/__idf_wpa_supplicant.dir/src/crypto/sha256-prf.c.obj
[161/1154] Building C object esp-idf/wpa_supplicant/CMakeFiles/__idf_wpa_supplicant.dir/src/crypto/ms_funcs.c.obj
[162/1154] Building C object esp-idf/wpa_supplicant/CMakeFiles/__idf_wpa_supplicant.dir/src/crypto/sha1-tlsprf.c.obj
[163/1154] Building C object esp-idf/wpa_supplicant/CMakeFiles/__idf_wpa_supplicant.dir/src/crypto/sha384-tlsprf.c.obj
[164/1154] Building C object esp-idf/wpa_supplicant/CMakeFiles/__idf_wpa_supplicant.dir/src/crypto/sha1-prf.c.obj
[165/1154] Building C object esp-idf/wpa_supplicant/CMakeFiles/__idf_wpa_supplicant.dir/src/crypto/sha384-prf.c.obj
[166/1154] Building C object esp-idf/wpa_supplicant/CMakeFiles/__idf_wpa_supplicant.dir/src/crypto/sha1-tprf.c.obj
[167/1154] Building C object esp-idf/wpa_supplicant/CMakeFiles/__idf_wpa_supplicant.dir/src/common/ieee802_11_common.c.obj
[168/1154] Building C object esp-idf/wpa_supplicant/CMakeFiles/__idf_wpa_supplicant.dir/src/eap_common/eap_wsc_common.c.obj
[169/1154] Building C object esp-idf/wpa_supplicant/CMakeFiles/__idf_wpa_supplicant.dir/src/eap_peer/chap.c.obj
[170/1154] Building C object esp-idf/wpa_supplicant/CMakeFiles/__idf_wpa_supplicant.dir/src/eap_peer/eap_common.c.obj
[171/1154] Building C object esp-idf/wpa_supplicant/CMakeFiles/__idf_wpa_supplicant.dir/src/common/sae.c.obj
[172/1154] Building C object esp-idf/wpa_supplicant/CMakeFiles/__idf_wpa_supplicant.dir/src/crypto/md4-internal.c.obj
[173/1154] Building C object esp-idf/wpa_supplicant/CMakeFiles/__idf_wpa_supplicant.dir/src/eap_peer/eap.c.obj
[174/1154] Building C object esp-idf/wpa_supplicant/CMakeFiles/__idf_wpa_supplicant.dir/src/eap_peer/eap_mschapv2.c.obj
[175/1154] Building C object esp-idf/wpa_supplicant/CMakeFiles/__idf_wpa_supplicant.dir/src/eap_peer/eap_peap_common.c.obj
[176/1154] Building C object esp-idf/wpa_supplicant/CMakeFiles/__idf_wpa_supplicant.dir/src/eap_peer/mschapv2.c.obj
[177/1154] Building C object esp-idf/wpa_supplicant/CMakeFiles/__idf_wpa_supplicant.dir/src/eap_peer/eap_tls.c.obj
[178/1154] Building C object esp-idf/wpa_supplicant/CMakeFiles/__idf_wpa_supplicant.dir/src/eap_peer/eap_peap.c.obj
[179/1154] Building C object esp-idf/wpa_supplicant/CMakeFiles/__idf_wpa_supplicant.dir/src/eap_peer/eap_tls_common.c.obj
[180/1154] Building C object esp-idf/wpa_supplicant/CMakeFiles/__idf_wpa_supplicant.dir/src/eap_peer/eap_fast_common.c.obj
[181/1154] Building C object esp-idf/wpa_supplicant/CMakeFiles/__idf_wpa_supplicant.dir/src/eap_peer/eap_ttls.c.obj
[182/1154] Building C object esp-idf/wpa_supplicant/CMakeFiles/__idf_wpa_supplicant.dir/src/utils/base64.c.obj
[183/1154] Building C object esp-idf/wpa_supplicant/CMakeFiles/__idf_wpa_supplicant.dir/src/rsn_supp/pmksa_cache.c.obj
[184/1154] Building C object esp-idf/wpa_supplicant/CMakeFiles/__idf_wpa_supplicant.dir/src/utils/ext_password.c.obj
[185/1154] Building C object esp-idf/wpa_supplicant/CMakeFiles/__idf_wpa_supplicant.dir/src/utils/uuid.c.obj
[186/1154] Building C object esp-idf/wpa_supplicant/CMakeFiles/__idf_wpa_supplicant.dir/src/eap_peer/eap_fast_pac.c.obj
[187/1154] Building C object esp-idf/wpa_supplicant/CMakeFiles/__idf_wpa_supplicant.dir/src/utils/wpabuf.c.obj
[188/1154] Building C object esp-idf/wpa_supplicant/CMakeFiles/__idf_wpa_supplicant.dir/src/utils/wpa_debug.c.obj
[189/1154] Building C object esp-idf/wpa_supplicant/CMakeFiles/__idf_wpa_supplicant.dir/src/rsn_supp/wpa_ie.c.obj
[190/1154] Building C object esp-idf/wpa_supplicant/CMakeFiles/__idf_wpa_supplicant.dir/src/utils/common.c.obj
[191/1154] Building C object esp-idf/wpa_supplicant/CMakeFiles/__idf_wpa_supplicant.dir/src/eap_peer/eap_fast.c.obj
[192/1154] Building C object esp-idf/wpa_supplicant/CMakeFiles/__idf_wpa_supplicant.dir/src/wps/wps.c.obj
[193/1154] Building C object esp-idf/wpa_supplicant/CMakeFiles/__idf_wpa_supplicant.dir/src/wps/wps_attr_process.c.obj
[194/1154] Building C object esp-idf/wpa_supplicant/CMakeFiles/__idf_wpa_supplicant.dir/src/wps/wps_attr_parse.c.obj
[195/1154] Building C object esp-idf/wpa_supplicant/CMakeFiles/__idf_wpa_supplicant.dir/src/wps/wps_attr_build.c.obj
[196/1154] Building C object esp-idf/wpa_supplicant/CMakeFiles/__idf_wpa_supplicant.dir/src/utils/json.c.obj
[197/1154] Building C object esp-idf/wpa_supplicant/CMakeFiles/__idf_wpa_supplicant.dir/esp_supplicant/src/esp_wpa2_api_port.c.obj
[198/1154] Building C object esp-idf/wpa_supplicant/CMakeFiles/__idf_wpa_supplicant.dir/src/rsn_supp/wpa.c.obj
[199/1154] Building C object esp-idf/wpa_supplicant/CMakeFiles/__idf_wpa_supplicant.dir/src/wps/wps_dev_attr.c.obj
[200/1154] Building C object esp-idf/wpa_supplicant/CMakeFiles/__idf_wpa_supplicant.dir/src/wps/wps_common.c.obj
[201/1154] Building C object esp-idf/wpa_supplicant/CMakeFiles/__idf_wpa_supplicant.dir/esp_supplicant/src/esp_wpas_glue.c.obj
[202/1154] Building C object esp-idf/wpa_supplicant/CMakeFiles/__idf_wpa_supplicant.dir/src/wps/wps_enrollee.c.obj
[203/1154] Building C object esp-idf/wpa_supplicant/CMakeFiles/__idf_wpa_supplicant.dir/esp_supplicant/src/esp_common.c.obj
[204/1154] Building C object esp-idf/wpa_supplicant/CMakeFiles/__idf_wpa_supplicant.dir/src/common/sae_pk.c.obj
[205/1154] Building C object esp-idf/wpa_supplicant/CMakeFiles/__idf_wpa_supplicant.dir/esp_supplicant/src/esp_wpa_main.c.obj
[206/1154] Building C object esp-idf/wpa_supplicant/CMakeFiles/__idf_wpa_supplicant.dir/esp_supplicant/src/esp_eap_client.c.obj
[207/1154] Building C object esp-idf/wpa_supplicant/CMakeFiles/__idf_wpa_supplicant.dir/esp_supplicant/src/esp_owe.c.obj
[208/1154] Building C object esp-idf/wpa_supplicant/CMakeFiles/__idf_wpa_supplicant.dir/esp_supplicant/src/esp_hostap.c.obj
[209/1154] Building C object esp-idf/wpa_supplicant/CMakeFiles/__idf_wpa_supplicant.dir/esp_supplicant/src/esp_wpa3.c.obj
[210/1154] Building C object esp-idf/wpa_supplicant/CMakeFiles/__idf_wpa_supplicant.dir/esp_supplicant/src/crypto/crypto_mbedtls-bignum.c.obj
[211/1154] Building C object esp-idf/wpa_supplicant/CMakeFiles/__idf_wpa_supplicant.dir/esp_supplicant/src/crypto/crypto_mbedtls.c.obj
[212/1154] Building C object esp-idf/wpa_supplicant/CMakeFiles/__idf_wpa_supplicant.dir/src/crypto/rc4.c.obj
[213/1154] Building C object esp-idf/wpa_supplicant/CMakeFiles/__idf_wpa_supplicant.dir/esp_supplicant/src/crypto/tls_mbedtls.c.obj
[214/1154] Building C object esp-idf/wpa_supplicant/CMakeFiles/__idf_wpa_supplicant.dir/src/crypto/aes-wrap.c.obj
[215/1154] Building C object esp-idf/wpa_supplicant/CMakeFiles/__idf_wpa_supplicant.dir/esp_supplicant/src/crypto/crypto_mbedtls-rsa.c.obj
[216/1154] Linking C static library esp-idf/esp_coex/libesp_coex.a
[217/1154] Building C object esp-idf/wpa_supplicant/CMakeFiles/__idf_wpa_supplicant.dir/src/crypto/des-internal.c.obj
[218/1154] Building C object esp-idf/wpa_supplicant/CMakeFiles/__idf_wpa_supplicant.dir/esp_supplicant/src/crypto/fastpbkdf2.c.obj
[219/1154] Building C object esp-idf/esp_netif/CMakeFiles/__idf_esp_netif.dir/esp_netif_defaults.c.obj
[220/1154] Building C object esp-idf/wpa_supplicant/CMakeFiles/__idf_wpa_supplicant.dir/esp_supplicant/src/esp_wps.c.obj
[221/1154] Building C object esp-idf/esp_netif/CMakeFiles/__idf_esp_netif.dir/esp_netif_handlers.c.obj
[222/1154] Building C object esp-idf/wpa_supplicant/CMakeFiles/__idf_wpa_supplicant.dir/src/crypto/aes-unwrap.c.obj
[223/1154] Building C object esp-idf/wpa_supplicant/CMakeFiles/__idf_wpa_supplicant.dir/src/crypto/aes-ccm.c.obj
[224/1154] Building C object esp-idf/esp_netif/CMakeFiles/__idf_esp_netif.dir/esp_netif_objects.c.obj
[225/1154] Building C object esp-idf/esp_netif/CMakeFiles/__idf_esp_netif.dir/lwip/netif/wlanif.c.obj
[226/1154] Building C object esp-idf/esp_netif/CMakeFiles/__idf_esp_netif.dir/lwip/netif/esp_pbuf_ref.c.obj
[227/1154] Building C object esp-idf/esp_netif/CMakeFiles/__idf_esp_netif.dir/lwip/esp_netif_lwip_defaults.c.obj
[228/1154] Building C object esp-idf/esp_netif/CMakeFiles/__idf_esp_netif.dir/lwip/netif/ethernetif.c.obj
[229/1154] Building C object esp-idf/wpa_supplicant/CMakeFiles/__idf_wpa_supplicant.dir/esp_supplicant/src/crypto/crypto_mbedtls-ec.c.obj
[230/1154] Building C object esp-idf/lwip/CMakeFiles/__idf_lwip.dir/lwip/src/api/err.c.obj
[231/1154] Building C object esp-idf/esp_netif/CMakeFiles/__idf_esp_netif.dir/lwip/esp_netif_sntp.c.obj
[232/1154] Building C object esp-idf/lwip/CMakeFiles/__idf_lwip.dir/apps/sntp/sntp.c.obj
[233/1154] Building C object esp-idf/lwip/CMakeFiles/__idf_lwip.dir/lwip/src/api/if_api.c.obj
[234/1154] Building C object esp-idf/lwip/CMakeFiles/__idf_lwip.dir/lwip/src/api/netdb.c.obj
[235/1154] Building C object esp-idf/lwip/CMakeFiles/__idf_lwip.dir/lwip/src/api/netbuf.c.obj
[236/1154] Linking C static library esp-idf/wpa_supplicant/libwpa_supplicant.a
[237/1154] Building C object esp-idf/lwip/CMakeFiles/__idf_lwip.dir/lwip/src/api/api_lib.c.obj
[238/1154] Building C object esp-idf/lwip/CMakeFiles/__idf_lwip.dir/lwip/src/api/api_msg.c.obj
[239/1154] Building C object esp-idf/lwip/CMakeFiles/__idf_lwip.dir/lwip/src/api/netifapi.c.obj
[240/1154] Building C object esp-idf/lwip/CMakeFiles/__idf_lwip.dir/lwip/src/core/def.c.obj
[241/1154] Building C object esp-idf/lwip/CMakeFiles/__idf_lwip.dir/lwip/src/apps/netbiosns/netbiosns.c.obj
[242/1154] Building C object esp-idf/lwip/CMakeFiles/__idf_lwip.dir/lwip/src/apps/sntp/sntp.c.obj
[243/1154] Building C object esp-idf/esp_netif/CMakeFiles/__idf_esp_netif.dir/lwip/esp_netif_lwip.c.obj
[244/1154] Building C object esp-idf/lwip/CMakeFiles/__idf_lwip.dir/lwip/src/api/tcpip.c.obj
[245/1154] Building C object esp-idf/lwip/CMakeFiles/__idf_lwip.dir/lwip/src/core/inet_chksum.c.obj
[246/1154] Building C object esp-idf/lwip/CMakeFiles/__idf_lwip.dir/lwip/src/core/ip.c.obj
[247/1154] Building C object esp-idf/lwip/CMakeFiles/__idf_lwip.dir/lwip/src/core/init.c.obj
[248/1154] Building C object esp-idf/lwip/CMakeFiles/__idf_lwip.dir/lwip/src/core/mem.c.obj
[249/1154] Building C object esp-idf/lwip/CMakeFiles/__idf_lwip.dir/lwip/src/core/memp.c.obj
[250/1154] Building C object esp-idf/lwip/CMakeFiles/__idf_lwip.dir/lwip/src/core/dns.c.obj
[251/1154] Building C object esp-idf/lwip/CMakeFiles/__idf_lwip.dir/lwip/src/core/stats.c.obj
[252/1154] Building C object esp-idf/lwip/CMakeFiles/__idf_lwip.dir/lwip/src/core/sys.c.obj
[253/1154] Building C object esp-idf/lwip/CMakeFiles/__idf_lwip.dir/lwip/src/core/raw.c.obj
[254/1154] Building C object esp-idf/lwip/CMakeFiles/__idf_lwip.dir/lwip/src/core/netif.c.obj
[255/1154] Building C object esp-idf/lwip/CMakeFiles/__idf_lwip.dir/lwip/src/core/pbuf.c.obj
[256/1154] Building C object esp-idf/lwip/CMakeFiles/__idf_lwip.dir/lwip/src/api/sockets.c.obj
[257/1154] Building C object esp-idf/lwip/CMakeFiles/__idf_lwip.dir/lwip/src/core/timeouts.c.obj
[258/1154] Building C object esp-idf/lwip/CMakeFiles/__idf_lwip.dir/lwip/src/core/ipv4/autoip.c.obj
[259/1154] Building C object esp-idf/lwip/CMakeFiles/__idf_lwip.dir/lwip/src/core/ipv4/etharp.c.obj
[260/1154] Building C object esp-idf/lwip/CMakeFiles/__idf_lwip.dir/lwip/src/core/tcp.c.obj
[261/1154] Building C object esp-idf/lwip/CMakeFiles/__idf_lwip.dir/lwip/src/core/ipv4/icmp.c.obj
[262/1154] Building C object esp-idf/lwip/CMakeFiles/__idf_lwip.dir/lwip/src/core/ipv4/dhcp.c.obj
[263/1154] Building C object esp-idf/lwip/CMakeFiles/__idf_lwip.dir/lwip/src/core/ipv4/ip4_napt.c.obj
[264/1154] Building C object esp-idf/lwip/CMakeFiles/__idf_lwip.dir/lwip/src/core/tcp_in.c.obj
[265/1154] Building C object esp-idf/lwip/CMakeFiles/__idf_lwip.dir/lwip/src/core/ipv4/igmp.c.obj
[266/1154] Building C object esp-idf/lwip/CMakeFiles/__idf_lwip.dir/lwip/src/core/ipv4/ip4.c.obj
[267/1154] Building C object esp-idf/lwip/CMakeFiles/__idf_lwip.dir/lwip/src/core/udp.c.obj
[268/1154] Building C object esp-idf/lwip/CMakeFiles/__idf_lwip.dir/lwip/src/core/ipv4/ip4_frag.c.obj
[269/1154] Building C object esp-idf/lwip/CMakeFiles/__idf_lwip.dir/lwip/src/core/ipv6/ethip6.c.obj
[270/1154] Building C object esp-idf/lwip/CMakeFiles/__idf_lwip.dir/lwip/src/core/ipv6/inet6.c.obj
[271/1154] Building C object esp-idf/lwip/CMakeFiles/__idf_lwip.dir/lwip/src/core/ipv6/dhcp6.c.obj
[272/1154] Building C object esp-idf/lwip/CMakeFiles/__idf_lwip.dir/lwip/src/core/ipv4/ip4_addr.c.obj
[273/1154] Building C object esp-idf/lwip/CMakeFiles/__idf_lwip.dir/lwip/src/core/ipv6/icmp6.c.obj
[274/1154] Building C object esp-idf/lwip/CMakeFiles/__idf_lwip.dir/lwip/src/core/tcp_out.c.obj
[275/1154] Building C object esp-idf/lwip/CMakeFiles/__idf_lwip.dir/lwip/src/netif/ethernet.c.obj
[276/1154] Building C object esp-idf/lwip/CMakeFiles/__idf_lwip.dir/lwip/src/core/ipv6/ip6_frag.c.obj
[277/1154] Building C object esp-idf/lwip/CMakeFiles/__idf_lwip.dir/lwip/src/core/ipv6/mld6.c.obj
[278/1154] Building C object esp-idf/lwip/CMakeFiles/__idf_lwip.dir/lwip/src/netif/bridgeif.c.obj
[279/1154] Building C object esp-idf/lwip/CMakeFiles/__idf_lwip.dir/lwip/src/core/ipv6/ip6_addr.c.obj
[280/1154] Building C object esp-idf/lwip/CMakeFiles/__idf_lwip.dir/lwip/src/core/ipv6/ip6.c.obj
[281/1154] Building C object esp-idf/lwip/CMakeFiles/__idf_lwip.dir/lwip/src/netif/bridgeif_fdb.c.obj
[282/1154] Building C object esp-idf/lwip/CMakeFiles/__idf_lwip.dir/lwip/src/netif/ppp/ccp.c.obj
[283/1154] Building C object esp-idf/lwip/CMakeFiles/__idf_lwip.dir/lwip/src/netif/slipif.c.obj
[284/1154] Building C object esp-idf/lwip/CMakeFiles/__idf_lwip.dir/lwip/src/netif/ppp/auth.c.obj
[285/1154] Building C object esp-idf/lwip/CMakeFiles/__idf_lwip.dir/lwip/src/netif/ppp/chap-md5.c.obj
[286/1154] Building C object esp-idf/lwip/CMakeFiles/__idf_lwip.dir/lwip/src/netif/ppp/chap-new.c.obj
[287/1154] Building C object esp-idf/lwip/CMakeFiles/__idf_lwip.dir/lwip/src/netif/ppp/chap_ms.c.obj
[288/1154] Building C object esp-idf/lwip/CMakeFiles/__idf_lwip.dir/lwip/src/netif/ppp/demand.c.obj
[289/1154] Building C object esp-idf/lwip/CMakeFiles/__idf_lwip.dir/lwip/src/netif/ppp/eui64.c.obj
[290/1154] Building C object esp-idf/lwip/CMakeFiles/__idf_lwip.dir/lwip/src/netif/ppp/ecp.c.obj
[291/1154] Building C object esp-idf/lwip/CMakeFiles/__idf_lwip.dir/lwip/src/netif/ppp/eap.c.obj
[292/1154] Building C object esp-idf/lwip/CMakeFiles/__idf_lwip.dir/lwip/src/netif/ppp/ipcp.c.obj
[293/1154] Building C object esp-idf/lwip/CMakeFiles/__idf_lwip.dir/lwip/src/netif/ppp/fsm.c.obj
[294/1154] Building C object esp-idf/lwip/CMakeFiles/__idf_lwip.dir/lwip/src/netif/ppp/lcp.c.obj
[295/1154] Building C object esp-idf/lwip/CMakeFiles/__idf_lwip.dir/lwip/src/netif/ppp/magic.c.obj
[296/1154] Building C object esp-idf/lwip/CMakeFiles/__idf_lwip.dir/lwip/src/netif/ppp/mppe.c.obj
[297/1154] Building C object esp-idf/lwip/CMakeFiles/__idf_lwip.dir/lwip/src/core/ipv6/nd6.c.obj
[298/1154] Building C object esp-idf/lwip/CMakeFiles/__idf_lwip.dir/lwip/src/netif/ppp/multilink.c.obj
[299/1154] Building C object esp-idf/lwip/CMakeFiles/__idf_lwip.dir/lwip/src/netif/ppp/ipv6cp.c.obj
[300/1154] Building C object esp-idf/lwip/CMakeFiles/__idf_lwip.dir/lwip/src/netif/ppp/pppapi.c.obj
[301/1154] Building C object esp-idf/lwip/CMakeFiles/__idf_lwip.dir/lwip/src/netif/ppp/pppol2tp.c.obj
[302/1154] Building C object esp-idf/lwip/CMakeFiles/__idf_lwip.dir/lwip/src/netif/ppp/ppp.c.obj
[303/1154] Building C object esp-idf/lwip/CMakeFiles/__idf_lwip.dir/lwip/src/netif/ppp/pppos.c.obj
[304/1154] Building C object esp-idf/lwip/CMakeFiles/__idf_lwip.dir/lwip/src/netif/ppp/pppcrypt.c.obj
[305/1154] Building C object esp-idf/lwip/CMakeFiles/__idf_lwip.dir/lwip/src/netif/ppp/upap.c.obj
[306/1154] Building C object esp-idf/lwip/CMakeFiles/__idf_lwip.dir/lwip/src/netif/ppp/pppoe.c.obj
[307/1154] Building C object esp-idf/lwip/CMakeFiles/__idf_lwip.dir/lwip/src/netif/ppp/vj.c.obj
[308/1154] Building C object esp-idf/lwip/CMakeFiles/__idf_lwip.dir/lwip/src/netif/ppp/utils.c.obj
[309/1154] Building C object esp-idf/lwip/CMakeFiles/__idf_lwip.dir/port/hooks/tcp_isn_default.c.obj
[310/1154] Building C object esp-idf/lwip/CMakeFiles/__idf_lwip.dir/port/hooks/lwip_default_hooks.c.obj
[311/1154] Building C object esp-idf/lwip/CMakeFiles/__idf_lwip.dir/port/sockets_ext.c.obj
[312/1154] Building C object esp-idf/lwip/CMakeFiles/__idf_lwip.dir/port/acd_dhcp_check.c.obj
[313/1154] Building C object esp-idf/lwip/CMakeFiles/__idf_lwip.dir/port/debug/lwip_debug.c.obj
[314/1154] Building C object esp-idf/lwip/CMakeFiles/__idf_lwip.dir/apps/ping/esp_ping.c.obj
[315/1154] Building C object esp-idf/lwip/CMakeFiles/__idf_lwip.dir/port/if_index.c.obj
[316/1154] Building C object esp-idf/lwip/CMakeFiles/__idf_lwip.dir/apps/ping/ping.c.obj
[317/1154] Building C object esp-idf/lwip/CMakeFiles/__idf_lwip.dir/port/esp32xx/vfs_lwip.c.obj
[318/1154] Building C object esp-idf/lwip/CMakeFiles/__idf_lwip.dir/lwip/src/netif/ppp/polarssl/arc4.c.obj
[319/1154] Building C object esp-idf/lwip/CMakeFiles/__idf_lwip.dir/port/freertos/sys_arch.c.obj
[320/1154] Building C object esp-idf/lwip/CMakeFiles/__idf_lwip.dir/lwip/src/netif/ppp/polarssl/des.c.obj
[321/1154] Linking C static library esp-idf/esp_netif/libesp_netif.a
[322/1154] Building C object esp-idf/lwip/CMakeFiles/__idf_lwip.dir/lwip/src/netif/ppp/polarssl/md5.c.obj
[323/1154] Building C object esp-idf/lwip/CMakeFiles/__idf_lwip.dir/lwip/src/netif/ppp/polarssl/md4.c.obj
[324/1154] Building C object esp-idf/lwip/CMakeFiles/__idf_lwip.dir/lwip/src/netif/ppp/polarssl/sha1.c.obj
[325/1154] Building C object esp-idf/lwip/CMakeFiles/__idf_lwip.dir/apps/ping/ping_sock.c.obj
[326/1154] Building C object esp-idf/esp_phy/CMakeFiles/__idf_esp_phy.dir/src/phy_override.c.obj
[327/1154] Building C object esp-idf/vfs/CMakeFiles/__idf_vfs.dir/nullfs.c.obj
[328/1154] Building C object esp-idf/esp_phy/CMakeFiles/__idf_esp_phy.dir/src/lib_printf.c.obj
[329/1154] Building C object esp-idf/lwip/CMakeFiles/__idf_lwip.dir/apps/dhcpserver/dhcpserver.c.obj
[330/1154] Building C object esp-idf/vfs/CMakeFiles/__idf_vfs.dir/vfs_eventfd.c.obj
[331/1154] Building C object esp-idf/esp_vfs_console/CMakeFiles/__idf_esp_vfs_console.dir/vfs_console.c.obj
[332/1154] Building C object esp-idf/esp_phy/CMakeFiles/__idf_esp_phy.dir/esp32/phy_init_data.c.obj
[333/1154] Building C object esp-idf/esp_phy/CMakeFiles/__idf_esp_phy.dir/src/btbb_init.c.obj
[334/1154] Building C object esp-idf/esp_phy/CMakeFiles/__idf_esp_phy.dir/src/phy_common.c.obj
[335/1154] Linking C static library esp-idf/lwip/liblwip.a
[336/1154] Building C object esp-idf/esp_phy/CMakeFiles/__idf_esp_phy.dir/src/phy_init.c.obj
[337/1154] Building C object esp-idf/vfs/CMakeFiles/__idf_vfs.dir/vfs_semihost.c.obj
[338/1154] Building C object esp-idf/vfs/CMakeFiles/__idf_vfs.dir/vfs.c.obj
[339/1154] Linking C static library esp-idf/vfs/libvfs.a
[340/1154] Linking C static library esp-idf/esp_vfs_console/libesp_vfs_console.a
[341/1154] Building CXX object esp-idf/nvs_flash/CMakeFiles/__idf_nvs_flash.dir/src/nvs_handle_simple.cpp.obj
[342/1154] Building CXX object esp-idf/nvs_flash/CMakeFiles/__idf_nvs_flash.dir/src/nvs_item_hash_list.cpp.obj
[343/1154] Building CXX object esp-idf/nvs_flash/CMakeFiles/__idf_nvs_flash.dir/src/nvs_cxx_api.cpp.obj
[344/1154] Building CXX object esp-idf/nvs_flash/CMakeFiles/__idf_nvs_flash.dir/src/nvs_handle_locked.cpp.obj
[345/1154] Building CXX object esp-idf/nvs_flash/CMakeFiles/__idf_nvs_flash.dir/src/nvs_api.cpp.obj
[346/1154] Building CXX object esp-idf/nvs_flash/CMakeFiles/__idf_nvs_flash.dir/src/nvs_platform.cpp.obj
[347/1154] Building CXX object esp-idf/nvs_flash/CMakeFiles/__idf_nvs_flash.dir/src/nvs_page.cpp.obj
[348/1154] Building CXX object esp-idf/nvs_flash/CMakeFiles/__idf_nvs_flash.dir/src/nvs_partition.cpp.obj
[349/1154] Building C object esp-idf/nvs_flash/CMakeFiles/__idf_nvs_flash.dir/src/nvs_bootloader.c.obj
[350/1154] Building C object esp-idf/nvs_flash/CMakeFiles/__idf_nvs_flash.dir/src/nvs_bootloader_aes.c.obj
[351/1154] Linking C static library esp-idf/esp_phy/libesp_phy.a
[352/1154] Building C object esp-idf/nvs_flash/CMakeFiles/__idf_nvs_flash.dir/src/nvs_bootloader_xts_aes.c.obj
[353/1154] Building CXX object esp-idf/nvs_flash/CMakeFiles/__idf_nvs_flash.dir/src/nvs_partition_lookup.cpp.obj
[354/1154] Building C object esp-idf/esp_event/CMakeFiles/__idf_esp_event.dir/default_event_loop.c.obj
[355/1154] Building C object esp-idf/esp_event/CMakeFiles/__idf_esp_event.dir/esp_event_private.c.obj
[356/1154] Building C object esp-idf/esp_driver_uart/CMakeFiles/__idf_esp_driver_uart.dir/src/uart_wakeup.c.obj
[357/1154] Building CXX object esp-idf/nvs_flash/CMakeFiles/__idf_nvs_flash.dir/src/nvs_pagemanager.cpp.obj
[358/1154] Building C object esp-idf/esp_event/CMakeFiles/__idf_esp_event.dir/esp_event.c.obj
[359/1154] Building C object esp-idf/esp_psram/CMakeFiles/__idf_esp_psram.dir/system_layer/esp_psram_mspi.c.obj
[360/1154] Building CXX object esp-idf/nvs_flash/CMakeFiles/__idf_nvs_flash.dir/src/nvs_storage.cpp.obj
[361/1154] Building C object esp-idf/esp_driver_uart/CMakeFiles/__idf_esp_driver_uart.dir/src/uart_vfs.c.obj
[362/1154] Building C object esp-idf/esp_driver_spi/CMakeFiles/__idf_esp_driver_spi.dir/src/gpspi/spi_common.c.obj
[363/1154] Building C object esp-idf/esp_driver_spi/CMakeFiles/__idf_esp_driver_spi.dir/src/gpspi/spi_dma.c.obj
[364/1154] Building C object esp-idf/esp_driver_spi/CMakeFiles/__idf_esp_driver_spi.dir/src/gpspi/spi_master.c.obj
[365/1154] Building C object esp-idf/esp_driver_spi/CMakeFiles/__idf_esp_driver_spi.dir/src/gpspi/spi_slave.c.obj
[366/1154] Building C object esp-idf/esp_driver_uart/CMakeFiles/__idf_esp_driver_uart.dir/src/uart.c.obj
[367/1154] Building C object esp-idf/esp_driver_gptimer/CMakeFiles/__idf_esp_driver_gptimer.dir/src/gptimer.c.obj
[368/1154] Building C object esp-idf/esp_ringbuf/CMakeFiles/__idf_esp_ringbuf.dir/ringbuf.c.obj
[369/1154] Building C object esp-idf/esp_driver_gptimer/CMakeFiles/__idf_esp_driver_gptimer.dir/src/gptimer_common.c.obj
[370/1154] Building C object esp-idf/esp_timer/CMakeFiles/__idf_esp_timer.dir/src/esp_timer_init.c.obj
[371/1154] Building C object esp-idf/esp_timer/CMakeFiles/__idf_esp_timer.dir/src/system_time.c.obj
[372/1154] Building C object esp-idf/esp_timer/CMakeFiles/__idf_esp_timer.dir/src/esp_timer_impl_common.c.obj
[373/1154] Building C object esp-idf/esp_timer/CMakeFiles/__idf_esp_timer.dir/src/esp_timer.c.obj
[374/1154] Building C object esp-idf/esp_timer/CMakeFiles/__idf_esp_timer.dir/src/ets_timer_legacy.c.obj
[375/1154] Building C object esp-idf/esp_timer/CMakeFiles/__idf_esp_timer.dir/src/esp_timer_impl_lac.c.obj
[376/1154] Building CXX object esp-idf/cxx/CMakeFiles/__idf_cxx.dir/cxx_exception_stubs.cpp.obj
[377/1154] Building CXX object esp-idf/cxx/CMakeFiles/__idf_cxx.dir/cxx_init.cpp.obj
[378/1154] Building C object esp-idf/pthread/CMakeFiles/__idf_pthread.dir/pthread_local_storage.c.obj
[379/1154] Building C object esp-idf/pthread/CMakeFiles/__idf_pthread.dir/pthread_cond_var.c.obj
[380/1154] Building C object esp-idf/newlib/CMakeFiles/__idf_newlib.dir/src/init.c.obj
[381/1154] Building C object esp-idf/pthread/CMakeFiles/__idf_pthread.dir/pthread_rwlock.c.obj
[382/1154] Building C object esp-idf/pthread/CMakeFiles/__idf_pthread.dir/pthread.c.obj
[383/1154] Building C object esp-idf/pthread/CMakeFiles/__idf_pthread.dir/pthread_semaphore.c.obj
[384/1154] Building CXX object esp-idf/nvs_flash/CMakeFiles/__idf_nvs_flash.dir/src/nvs_types.cpp.obj
[385/1154] Building C object esp-idf/newlib/CMakeFiles/__idf_newlib.dir/src/abort.c.obj
[386/1154] Building CXX object esp-idf/nvs_flash/CMakeFiles/__idf_nvs_flash.dir/src/nvs_encrypted_partition.cpp.obj
[387/1154] Building C object esp-idf/newlib/CMakeFiles/__idf_newlib.dir/src/heap.c.obj
[388/1154] Building C object esp-idf/newlib/CMakeFiles/__idf_newlib.dir/src/assert.c.obj
[389/1154] Building CXX object esp-idf/nvs_flash/CMakeFiles/__idf_nvs_flash.dir/src/nvs_partition_manager.cpp.obj
[390/1154] Building C object esp-idf/newlib/CMakeFiles/__idf_newlib.dir/src/random.c.obj
[391/1154] Building C object esp-idf/newlib/CMakeFiles/__idf_newlib.dir/src/pthread.c.obj
[392/1154] Building C object esp-idf/newlib/CMakeFiles/__idf_newlib.dir/src/getentropy.c.obj
[393/1154] Building C object esp-idf/newlib/CMakeFiles/__idf_newlib.dir/src/poll.c.obj
[394/1154] Building C object esp-idf/newlib/CMakeFiles/__idf_newlib.dir/src/termios.c.obj
[395/1154] Linking C static library esp-idf/nvs_flash/libnvs_flash.a
[396/1154] Building C object esp-idf/newlib/CMakeFiles/__idf_newlib.dir/src/locks.c.obj
[397/1154] Linking C static library esp-idf/esp_event/libesp_event.a
[398/1154] Building C object esp-idf/newlib/CMakeFiles/__idf_newlib.dir/src/sysconf.c.obj
[399/1154] Building C object esp-idf/newlib/CMakeFiles/__idf_newlib.dir/src/scandir.c.obj
[400/1154] Building CXX object esp-idf/cxx/CMakeFiles/__idf_cxx.dir/cxx_guards.cpp.obj
[401/1154] Linking C static library esp-idf/esp_driver_uart/libesp_driver_uart.a
[402/1154] Building C object esp-idf/newlib/CMakeFiles/__idf_newlib.dir/src/realpath.c.obj
[403/1154] Linking C static library esp-idf/esp_psram/libesp_psram.a
[404/1154] Building C object esp-idf/newlib/CMakeFiles/__idf_newlib.dir/src/time.c.obj
[405/1154] Building C object esp-idf/newlib/CMakeFiles/__idf_newlib.dir/src/syscalls.c.obj
[406/1154] Building C object esp-idf/newlib/CMakeFiles/__idf_newlib.dir/src/flockfile.c.obj
[407/1154] Building C object esp-idf/newlib/CMakeFiles/__idf_newlib.dir/src/stdatomic.c.obj
[408/1154] Linking C static library esp-idf/esp_driver_spi/libesp_driver_spi.a
[409/1154] Building C object esp-idf/newlib/CMakeFiles/__idf_newlib.dir/src/port/esp_time_impl.c.obj
[410/1154] Building C object esp-idf/newlib/CMakeFiles/__idf_newlib.dir/src/reent_init.c.obj
[411/1154] Linking C static library esp-idf/esp_ringbuf/libesp_ringbuf.a
[412/1154] Building C object esp-idf/newlib/CMakeFiles/__idf_newlib.dir/src/reent_syscalls.c.obj
[413/1154] Linking C static library esp-idf/esp_driver_gptimer/libesp_driver_gptimer.a
[414/1154] Building C object esp-idf/freertos/CMakeFiles/__idf_freertos.dir/port_common.c.obj
[415/1154] Building C object esp-idf/freertos/CMakeFiles/__idf_freertos.dir/app_startup.c.obj
[416/1154] Building C object esp-idf/newlib/CMakeFiles/__idf_newlib.dir/src/newlib_init.c.obj
[417/1154] Linking C static library esp-idf/esp_timer/libesp_timer.a
[418/1154] Building C object esp-idf/freertos/CMakeFiles/__idf_freertos.dir/port_systick.c.obj
[419/1154] Building C object esp-idf/freertos/CMakeFiles/__idf_freertos.dir/heap_idf.c.obj
[420/1154] Linking C static library esp-idf/cxx/libcxx.a
[421/1154] Building C object esp-idf/freertos/CMakeFiles/__idf_freertos.dir/FreeRTOS-Kernel/list.c.obj
[422/1154] Linking C static library esp-idf/pthread/libpthread.a
[423/1154] Building ASM object esp-idf/freertos/CMakeFiles/__idf_freertos.dir/FreeRTOS-Kernel/portable/xtensa/portasm.S.obj
[424/1154] Building C object esp-idf/freertos/CMakeFiles/__idf_freertos.dir/FreeRTOS-Kernel/portable/xtensa/xtensa_init.c.obj
[425/1154] Building C object esp-idf/freertos/CMakeFiles/__idf_freertos.dir/FreeRTOS-Kernel/portable/xtensa/port.c.obj
[426/1154] Building C object esp-idf/freertos/CMakeFiles/__idf_freertos.dir/FreeRTOS-Kernel/portable/xtensa/xtensa_overlay_os_hook.c.obj
[427/1154] Building C object esp-idf/freertos/CMakeFiles/__idf_freertos.dir/FreeRTOS-Kernel/event_groups.c.obj
[428/1154] Building C object esp-idf/freertos/CMakeFiles/__idf_freertos.dir/FreeRTOS-Kernel/timers.c.obj
[429/1154] Linking C static library esp-idf/newlib/libnewlib.a
[430/1154] Building C object esp-idf/freertos/CMakeFiles/__idf_freertos.dir/FreeRTOS-Kernel/stream_buffer.c.obj
[431/1154] Building C object esp-idf/freertos/CMakeFiles/__idf_freertos.dir/esp_additions/freertos_compatibility.c.obj
[432/1154] Building C object esp-idf/freertos/CMakeFiles/__idf_freertos.dir/esp_additions/idf_additions_event_groups.c.obj
[433/1154] Building C object esp-idf/freertos/CMakeFiles/__idf_freertos.dir/FreeRTOS-Kernel/queue.c.obj
[434/1154] Building C object esp-idf/esp_hw_support/CMakeFiles/__idf_esp_hw_support.dir/esp_memory_utils.c.obj
[435/1154] Building C object esp-idf/esp_hw_support/CMakeFiles/__idf_esp_hw_support.dir/cpu.c.obj
[436/1154] Building C object esp-idf/esp_hw_support/CMakeFiles/__idf_esp_hw_support.dir/port/esp32/cpu_region_protect.c.obj
[437/1154] Building C object esp-idf/esp_hw_support/CMakeFiles/__idf_esp_hw_support.dir/port/esp32/esp_cpu_intr.c.obj
[438/1154] Building C object esp-idf/esp_hw_support/CMakeFiles/__idf_esp_hw_support.dir/hw_random.c.obj
[439/1154] Building C object esp-idf/freertos/CMakeFiles/__idf_freertos.dir/esp_additions/idf_additions.c.obj
[440/1154] Building C object esp-idf/esp_hw_support/CMakeFiles/__idf_esp_hw_support.dir/clk_ctrl_os.c.obj
[441/1154] Building C object esp-idf/esp_hw_support/CMakeFiles/__idf_esp_hw_support.dir/revision.c.obj
[442/1154] Building C object esp-idf/esp_hw_support/CMakeFiles/__idf_esp_hw_support.dir/esp_clk.c.obj
[443/1154] Building C object esp-idf/esp_hw_support/CMakeFiles/__idf_esp_hw_support.dir/esp_gpio_reserve.c.obj
[444/1154] Building C object esp-idf/esp_hw_support/CMakeFiles/__idf_esp_hw_support.dir/mac_addr.c.obj
[445/1154] Building C object esp-idf/esp_hw_support/CMakeFiles/__idf_esp_hw_support.dir/sar_periph_ctrl_common.c.obj
[446/1154] Building C object esp-idf/esp_hw_support/CMakeFiles/__idf_esp_hw_support.dir/port/esp32/io_mux.c.obj
[447/1154] Building C object esp-idf/esp_hw_support/CMakeFiles/__idf_esp_hw_support.dir/periph_ctrl.c.obj
[448/1154] Building C object esp-idf/esp_hw_support/CMakeFiles/__idf_esp_hw_support.dir/rtc_module.c.obj
[449/1154] Building C object esp-idf/freertos/CMakeFiles/__idf_freertos.dir/FreeRTOS-Kernel/tasks.c.obj
[450/1154] Building C object esp-idf/esp_hw_support/CMakeFiles/__idf_esp_hw_support.dir/intr_alloc.c.obj
[451/1154] Building C object esp-idf/esp_hw_support/CMakeFiles/__idf_esp_hw_support.dir/regi2c_ctrl.c.obj
[452/1154] Building C object esp-idf/esp_hw_support/CMakeFiles/__idf_esp_hw_support.dir/port/esp32/esp_clk_tree.c.obj
[453/1154] Building C object esp-idf/esp_hw_support/CMakeFiles/__idf_esp_hw_support.dir/clk_utils.c.obj
[454/1154] Building C object esp-idf/esp_hw_support/CMakeFiles/__idf_esp_hw_support.dir/dma/gdma_link.c.obj
[455/1154] Building C object esp-idf/esp_hw_support/CMakeFiles/__idf_esp_hw_support.dir/sleep_modem.c.obj
[456/1154] Building C object esp-idf/esp_hw_support/CMakeFiles/__idf_esp_hw_support.dir/port/esp_clk_tree_common.c.obj
[457/1154] Building C object esp-idf/esp_hw_support/CMakeFiles/__idf_esp_hw_support.dir/sleep_console.c.obj
[458/1154] Building C object esp-idf/esp_hw_support/CMakeFiles/__idf_esp_hw_support.dir/sleep_mspi.c.obj
[459/1154] Building C object esp-idf/esp_hw_support/CMakeFiles/__idf_esp_hw_support.dir/adc_share_hw_ctrl.c.obj
[460/1154] Building C object esp-idf/esp_hw_support/CMakeFiles/__idf_esp_hw_support.dir/sleep_usb.c.obj
[461/1154] Building C object esp-idf/esp_hw_support/CMakeFiles/__idf_esp_hw_support.dir/spi_share_hw_ctrl.c.obj
[462/1154] Building C object esp-idf/esp_hw_support/CMakeFiles/__idf_esp_hw_support.dir/dma/esp_dma_utils.c.obj
[463/1154] Building C object esp-idf/esp_hw_support/CMakeFiles/__idf_esp_hw_support.dir/spi_bus_lock.c.obj
[464/1154] Building C object esp-idf/esp_hw_support/CMakeFiles/__idf_esp_hw_support.dir/sleep_event.c.obj
[465/1154] Building C object esp-idf/esp_hw_support/CMakeFiles/__idf_esp_hw_support.dir/mspi_timing_tuning/mspi_timing_tuning.c.obj
[466/1154] Building C object esp-idf/esp_hw_support/CMakeFiles/__idf_esp_hw_support.dir/rtc_wdt.c.obj
[467/1154] Building C object esp-idf/esp_hw_support/CMakeFiles/__idf_esp_hw_support.dir/esp_clock_output.c.obj
[468/1154] Building C object esp-idf/esp_hw_support/CMakeFiles/__idf_esp_hw_support.dir/sleep_wake_stub.c.obj
[469/1154] Building C object esp-idf/esp_hw_support/CMakeFiles/__idf_esp_hw_support.dir/port/esp32/rtc_clk_init.c.obj
[470/1154] Building C object esp-idf/esp_hw_support/CMakeFiles/__idf_esp_hw_support.dir/sleep_gpio.c.obj
[471/1154] Building C object esp-idf/esp_hw_support/CMakeFiles/__idf_esp_hw_support.dir/power_supply/brownout.c.obj
[472/1154] Building C object esp-idf/esp_hw_support/CMakeFiles/__idf_esp_hw_support.dir/port/esp32/chip_info.c.obj
[473/1154] Building C object esp-idf/esp_hw_support/CMakeFiles/__idf_esp_hw_support.dir/port/esp32/rtc_init.c.obj
[474/1154] Building C object esp-idf/esp_hw_support/CMakeFiles/__idf_esp_hw_support.dir/port/esp32/rtc_clk.c.obj
[475/1154] Building C object esp-idf/esp_hw_support/CMakeFiles/__idf_esp_hw_support.dir/port/esp32/rtc_sleep.c.obj
[476/1154] Building C object esp-idf/esp_security/CMakeFiles/__idf_esp_security.dir/src/esp_crypto_lock.c.obj
[477/1154] Linking C static library esp-idf/freertos/libfreertos.a
[478/1154] Building C object esp-idf/esp_security/CMakeFiles/__idf_esp_security.dir/src/init.c.obj
[479/1154] Building C object esp-idf/esp_hw_support/CMakeFiles/__idf_esp_hw_support.dir/port/esp32/cache_sram_mmu.c.obj
[480/1154] Building C object esp-idf/esp_hw_support/CMakeFiles/__idf_esp_hw_support.dir/sleep_modes.c.obj
[481/1154] Building C object esp-idf/esp_hw_support/CMakeFiles/__idf_esp_hw_support.dir/port/esp32/rtc_time.c.obj
[482/1154] Building C object esp-idf/soc/CMakeFiles/__idf_soc.dir/esp32/interrupts.c.obj
[483/1154] Building C object esp-idf/soc/CMakeFiles/__idf_soc.dir/dport_access_common.c.obj
[484/1154] Building C object esp-idf/soc/CMakeFiles/__idf_soc.dir/esp32/gpio_periph.c.obj
[485/1154] Building C object esp-idf/soc/CMakeFiles/__idf_soc.dir/esp32/dport_access.c.obj
[486/1154] Building C object esp-idf/soc/CMakeFiles/__idf_soc.dir/esp32/uart_periph.c.obj
[487/1154] Building C object esp-idf/soc/CMakeFiles/__idf_soc.dir/lldesc.c.obj
[488/1154] Building C object esp-idf/soc/CMakeFiles/__idf_soc.dir/esp32/adc_periph.c.obj
[489/1154] Building C object esp-idf/esp_hw_support/CMakeFiles/__idf_esp_hw_support.dir/port/esp32/sar_periph_ctrl.c.obj
[490/1154] Building C object esp-idf/soc/CMakeFiles/__idf_soc.dir/esp32/ledc_periph.c.obj
[491/1154] Building C object esp-idf/esp_security/CMakeFiles/__idf_esp_security.dir/src/esp_crypto_periph_clk.c.obj
[492/1154] Building C object esp-idf/soc/CMakeFiles/__idf_soc.dir/esp32/pcnt_periph.c.obj
[493/1154] Building C object esp-idf/soc/CMakeFiles/__idf_soc.dir/esp32/sdm_periph.c.obj
[494/1154] Building C object esp-idf/soc/CMakeFiles/__idf_soc.dir/esp32/emac_periph.c.obj
[495/1154] Building C object esp-idf/soc/CMakeFiles/__idf_soc.dir/esp32/rmt_periph.c.obj
[496/1154] Building C object esp-idf/soc/CMakeFiles/__idf_soc.dir/esp32/i2c_periph.c.obj
[497/1154] Building C object esp-idf/soc/CMakeFiles/__idf_soc.dir/esp32/spi_periph.c.obj
[498/1154] Building C object esp-idf/soc/CMakeFiles/__idf_soc.dir/esp32/lcd_periph.c.obj
[499/1154] Building C object esp-idf/soc/CMakeFiles/__idf_soc.dir/esp32/timer_periph.c.obj
[500/1154] Building C object esp-idf/soc/CMakeFiles/__idf_soc.dir/esp32/i2s_periph.c.obj
[501/1154] Building C object esp-idf/soc/CMakeFiles/__idf_soc.dir/esp32/mcpwm_periph.c.obj
[502/1154] Linking C static library esp-idf/esp_hw_support/libesp_hw_support.a
[503/1154] Building C object esp-idf/soc/CMakeFiles/__idf_soc.dir/esp32/touch_sensor_periph.c.obj
[504/1154] Building C object esp-idf/soc/CMakeFiles/__idf_soc.dir/esp32/mpi_periph.c.obj
[505/1154] Building C object esp-idf/soc/CMakeFiles/__idf_soc.dir/esp32/dac_periph.c.obj
[506/1154] Building C object esp-idf/soc/CMakeFiles/__idf_soc.dir/esp32/sdmmc_periph.c.obj
[507/1154] Building C object esp-idf/soc/CMakeFiles/__idf_soc.dir/esp32/power_supply_periph.c.obj
[508/1154] Building C object esp-idf/soc/CMakeFiles/__idf_soc.dir/esp32/twai_periph.c.obj
[509/1154] Linking C static library esp-idf/esp_security/libesp_security.a
[510/1154] Building C object esp-idf/soc/CMakeFiles/__idf_soc.dir/esp32/rtc_io_periph.c.obj
[511/1154] Building C object esp-idf/soc/CMakeFiles/__idf_soc.dir/esp32/wdt_periph.c.obj
[512/1154] Building C object esp-idf/soc/CMakeFiles/__idf_soc.dir/esp32/sdio_slave_periph.c.obj
[513/1154] Building C object esp-idf/heap/CMakeFiles/__idf_heap.dir/port/esp32/memory_layout.c.obj
[514/1154] Linking C static library esp-idf/soc/libsoc.a
[515/1154] Building C object esp-idf/heap/CMakeFiles/__idf_heap.dir/heap_caps_base.c.obj
[516/1154] Building C object esp-idf/heap/CMakeFiles/__idf_heap.dir/port/memory_layout_utils.c.obj
[517/1154] Building C object esp-idf/log/CMakeFiles/__idf_log.dir/src/os/log_timestamp.c.obj
[518/1154] Building C object esp-idf/heap/CMakeFiles/__idf_heap.dir/heap_caps_init.c.obj
[519/1154] Building C object esp-idf/heap/CMakeFiles/__idf_heap.dir/multi_heap.c.obj
[520/1154] Building C object esp-idf/log/CMakeFiles/__idf_log.dir/src/util.c.obj
[521/1154] Building C object esp-idf/log/CMakeFiles/__idf_log.dir/src/log_timestamp_common.c.obj
[522/1154] Building C object esp-idf/log/CMakeFiles/__idf_log.dir/src/buffer/log_buffers.c.obj
[523/1154] Building C object esp-idf/heap/CMakeFiles/__idf_heap.dir/heap_caps.c.obj
[524/1154] Building C object esp-idf/log/CMakeFiles/__idf_log.dir/src/os/log_lock.c.obj
[525/1154] Building C object esp-idf/log/CMakeFiles/__idf_log.dir/src/log_format_text.c.obj
[526/1154] Building C object esp-idf/log/CMakeFiles/__idf_log.dir/src/os/util.c.obj
[527/1154] Building C object esp-idf/log/CMakeFiles/__idf_log.dir/src/log_print.c.obj
[528/1154] Building C object esp-idf/log/CMakeFiles/__idf_log.dir/src/log.c.obj
[529/1154] Building C object esp-idf/log/CMakeFiles/__idf_log.dir/src/os/log_write.c.obj
[530/1154] Building C object esp-idf/log/CMakeFiles/__idf_log.dir/src/log_level/log_level.c.obj
[531/1154] Building C object esp-idf/log/CMakeFiles/__idf_log.dir/src/log_level/tag_log_level/tag_log_level.c.obj
[532/1154] Building C object esp-idf/log/CMakeFiles/__idf_log.dir/src/log_level/tag_log_level/linked_list/log_linked_list.c.obj
[533/1154] Building C object esp-idf/hal/CMakeFiles/__idf_hal.dir/mpu_hal.c.obj
[534/1154] Building C object esp-idf/log/CMakeFiles/__idf_log.dir/src/log_level/tag_log_level/cache/log_binary_heap.c.obj
[535/1154] Building C object esp-idf/hal/CMakeFiles/__idf_hal.dir/hal_utils.c.obj
[536/1154] Building C object esp-idf/hal/CMakeFiles/__idf_hal.dir/efuse_hal.c.obj
[537/1154] Building C object esp-idf/hal/CMakeFiles/__idf_hal.dir/color_hal.c.obj
[538/1154] Building C object esp-idf/hal/CMakeFiles/__idf_hal.dir/esp32/cache_hal_esp32.c.obj
[539/1154] Building C object esp-idf/hal/CMakeFiles/__idf_hal.dir/mmu_hal.c.obj
[540/1154] Building C object esp-idf/hal/CMakeFiles/__idf_hal.dir/esp32/efuse_hal.c.obj
[541/1154] Building C object esp-idf/hal/CMakeFiles/__idf_hal.dir/spi_flash_encrypt_hal_iram.c.obj
[542/1154] Building C object esp-idf/hal/CMakeFiles/__idf_hal.dir/wdt_hal_iram.c.obj
[543/1154] Building C object esp-idf/hal/CMakeFiles/__idf_hal.dir/spi_flash_hal.c.obj
[544/1154] Building C object esp-idf/hal/CMakeFiles/__idf_hal.dir/spi_flash_hal_iram.c.obj
[545/1154] Building C object esp-idf/hal/CMakeFiles/__idf_hal.dir/esp32/clk_tree_hal.c.obj
[546/1154] Building C object esp-idf/heap/CMakeFiles/__idf_heap.dir/tlsf/tlsf.c.obj
[547/1154] Building C object esp-idf/hal/CMakeFiles/__idf_hal.dir/gpio_hal.c.obj
[548/1154] Building C object esp-idf/hal/CMakeFiles/__idf_hal.dir/ledc_hal.c.obj
[549/1154] Building C object esp-idf/hal/CMakeFiles/__idf_hal.dir/uart_hal_iram.c.obj
[550/1154] Building C object esp-idf/hal/CMakeFiles/__idf_hal.dir/timer_hal.c.obj
[551/1154] Building C object esp-idf/hal/CMakeFiles/__idf_hal.dir/rtc_io_hal.c.obj
[552/1154] Linking C static library esp-idf/heap/libheap.a
[553/1154] Building C object esp-idf/hal/CMakeFiles/__idf_hal.dir/uart_hal.c.obj
[554/1154] Building C object esp-idf/hal/CMakeFiles/__idf_hal.dir/pcnt_hal.c.obj
[555/1154] Building C object esp-idf/hal/CMakeFiles/__idf_hal.dir/rmt_hal.c.obj
[556/1154] Building C object esp-idf/hal/CMakeFiles/__idf_hal.dir/ledc_hal_iram.c.obj
[557/1154] Building C object esp-idf/hal/CMakeFiles/__idf_hal.dir/i2c_hal.c.obj
[558/1154] Building C object esp-idf/hal/CMakeFiles/__idf_hal.dir/sdm_hal.c.obj
[559/1154] Building C object esp-idf/hal/CMakeFiles/__idf_hal.dir/i2c_hal_iram.c.obj
[560/1154] Building C object esp-idf/hal/CMakeFiles/__idf_hal.dir/mcpwm_hal.c.obj
[561/1154] Building C object esp-idf/hal/CMakeFiles/__idf_hal.dir/sdmmc_hal.c.obj
[562/1154] Building C object esp-idf/hal/CMakeFiles/__idf_hal.dir/mpi_hal.c.obj
[563/1154] Building C object esp-idf/hal/CMakeFiles/__idf_hal.dir/i2s_hal.c.obj
[564/1154] Building C object esp-idf/hal/CMakeFiles/__idf_hal.dir/sha_hal.c.obj
[565/1154] Building C object esp-idf/hal/CMakeFiles/__idf_hal.dir/adc_hal_common.c.obj
[566/1154] Building C object esp-idf/hal/CMakeFiles/__idf_hal.dir/brownout_hal.c.obj
[567/1154] Building C object esp-idf/hal/CMakeFiles/__idf_hal.dir/aes_hal.c.obj
[568/1154] Building C object esp-idf/hal/CMakeFiles/__idf_hal.dir/emac_hal.c.obj
[569/1154] Building C object esp-idf/hal/CMakeFiles/__idf_hal.dir/adc_oneshot_hal.c.obj
[570/1154] Building C object esp-idf/hal/CMakeFiles/__idf_hal.dir/twai_hal_v1.c.obj
[571/1154] Building C object esp-idf/hal/CMakeFiles/__idf_hal.dir/adc_hal.c.obj
[572/1154] Building C object esp-idf/hal/CMakeFiles/__idf_hal.dir/spi_slave_hal.c.obj
[573/1154] Building C object esp-idf/hal/CMakeFiles/__idf_hal.dir/spi_hal.c.obj
[574/1154] Building C object esp-idf/hal/CMakeFiles/__idf_hal.dir/touch_sensor_hal.c.obj
[575/1154] Building C object esp-idf/hal/CMakeFiles/__idf_hal.dir/esp32/gpio_hal_workaround.c.obj
[576/1154] Building C object esp-idf/hal/CMakeFiles/__idf_hal.dir/touch_sens_hal.c.obj
[577/1154] Building C object esp-idf/hal/CMakeFiles/__idf_hal.dir/esp32/touch_sensor_hal.c.obj
[578/1154] Linking C static library esp-idf/log/liblog.a
[579/1154] Building C object esp-idf/hal/CMakeFiles/__idf_hal.dir/spi_slave_hal_iram.c.obj
[580/1154] Building C object esp-idf/esp_rom/CMakeFiles/__idf_esp_rom.dir/patches/esp_rom_crc.c.obj
[581/1154] Building C object esp-idf/esp_rom/CMakeFiles/__idf_esp_rom.dir/patches/esp_rom_sys.c.obj
[582/1154] Building ASM object esp-idf/esp_rom/CMakeFiles/__idf_esp_rom.dir/patches/esp_rom_longjmp.S.obj
[583/1154] Building C object esp-idf/esp_rom/CMakeFiles/__idf_esp_rom.dir/patches/esp_rom_efuse.c.obj
[584/1154] Building C object esp-idf/hal/CMakeFiles/__idf_hal.dir/spi_hal_iram.c.obj
[585/1154] Building C object esp-idf/esp_rom/CMakeFiles/__idf_esp_rom.dir/patches/esp_rom_uart.c.obj
[586/1154] Building C object esp-idf/esp_rom/CMakeFiles/__idf_esp_rom.dir/patches/esp_rom_gpio.c.obj
[587/1154] Building C object esp-idf/esp_rom/CMakeFiles/__idf_esp_rom.dir/patches/esp_rom_print.c.obj
[588/1154] Building C object esp-idf/hal/CMakeFiles/__idf_hal.dir/sdio_slave_hal.c.obj
[589/1154] Building C object esp-idf/esp_system/CMakeFiles/__idf_esp_system.dir/esp_err.c.obj
[590/1154] Building C object esp-idf/esp_rom/CMakeFiles/__idf_esp_rom.dir/patches/esp_rom_spiflash.c.obj
[591/1154] Building C object esp-idf/esp_system/CMakeFiles/__idf_esp_system.dir/crosscore_int.c.obj
[592/1154] Building C object esp-idf/esp_system/CMakeFiles/__idf_esp_system.dir/esp_ipc.c.obj
[593/1154] Building C object esp-idf/esp_system/CMakeFiles/__idf_esp_system.dir/esp_system_console.c.obj
[594/1154] Linking C static library esp-idf/hal/libhal.a
[595/1154] Building C object esp-idf/esp_system/CMakeFiles/__idf_esp_system.dir/freertos_hooks.c.obj
[596/1154] Building C object esp-idf/esp_system/CMakeFiles/__idf_esp_system.dir/startup.c.obj
[597/1154] Linking C static library esp-idf/esp_rom/libesp_rom.a
[598/1154] Building C object esp-idf/esp_system/CMakeFiles/__idf_esp_system.dir/esp_system.c.obj
[599/1154] Building C object esp-idf/esp_system/CMakeFiles/__idf_esp_system.dir/int_wdt.c.obj
[600/1154] Building C object esp-idf/esp_system/CMakeFiles/__idf_esp_system.dir/stack_check.c.obj
[601/1154] Building C object esp-idf/esp_common/CMakeFiles/__idf_esp_common.dir/src/esp_err_to_name.c.obj
[602/1154] Building C object esp-idf/esp_system/CMakeFiles/__idf_esp_system.dir/panic.c.obj
[603/1154] Building C object esp-idf/esp_system/CMakeFiles/__idf_esp_system.dir/ubsan.c.obj
[604/1154] Building C object esp-idf/esp_system/CMakeFiles/__idf_esp_system.dir/xt_wdt.c.obj
[605/1154] Building C object esp-idf/esp_system/CMakeFiles/__idf_esp_system.dir/startup_funcs.c.obj
[606/1154] Building C object esp-idf/esp_system/CMakeFiles/__idf_esp_system.dir/system_time.c.obj
[607/1154] Building ASM object esp-idf/esp_system/CMakeFiles/__idf_esp_system.dir/port/arch/xtensa/expression_with_stack_asm.S.obj
[608/1154] Building ASM object esp-idf/esp_system/CMakeFiles/__idf_esp_system.dir/port/arch/xtensa/panic_handler_asm.S.obj
[609/1154] Building C object esp-idf/esp_system/CMakeFiles/__idf_esp_system.dir/port/image_process.c.obj
[610/1154] Building ASM object esp-idf/esp_system/CMakeFiles/__idf_esp_system.dir/port/arch/xtensa/debug_helpers_asm.S.obj
[611/1154] Building C object esp-idf/esp_system/CMakeFiles/__idf_esp_system.dir/port/panic_handler.c.obj
[612/1154] Building C object esp-idf/esp_system/CMakeFiles/__idf_esp_system.dir/port/esp_system_chip.c.obj
[613/1154] Building C object esp-idf/esp_system/CMakeFiles/__idf_esp_system.dir/port/arch/xtensa/panic_arch.c.obj
[614/1154] Building C object esp-idf/esp_system/CMakeFiles/__idf_esp_system.dir/port/arch/xtensa/debug_stubs.c.obj
[615/1154] Building ASM object esp-idf/esp_system/CMakeFiles/__idf_esp_system.dir/port/soc/esp32/highint_hdl.S.obj
[616/1154] Building C object esp-idf/esp_system/CMakeFiles/__idf_esp_system.dir/port/arch/xtensa/expression_with_stack.c.obj
[617/1154] Building C object esp-idf/esp_system/CMakeFiles/__idf_esp_system.dir/port/arch/xtensa/trax.c.obj
[618/1154] Building C object esp-idf/esp_system/CMakeFiles/__idf_esp_system.dir/port/cpu_start.c.obj
[619/1154] Linking C static library esp-idf/esp_common/libesp_common.a
[620/1154] Building C object esp-idf/spi_flash/CMakeFiles/__idf_spi_flash.dir/flash_brownout_hook.c.obj
[621/1154] Building C object esp-idf/esp_system/CMakeFiles/__idf_esp_system.dir/port/soc/esp32/reset_reason.c.obj
[622/1154] Building C object esp-idf/esp_system/CMakeFiles/__idf_esp_system.dir/port/arch/xtensa/debug_helpers.c.obj
[623/1154] Building C object esp-idf/spi_flash/CMakeFiles/__idf_spi_flash.dir/spi_flash_chip_drivers.c.obj
[624/1154] Building C object esp-idf/esp_system/CMakeFiles/__idf_esp_system.dir/port/soc/esp32/cache_err_int.c.obj
[625/1154] Building C object esp-idf/spi_flash/CMakeFiles/__idf_spi_flash.dir/spi_flash_chip_issi.c.obj
[626/1154] Building C object esp-idf/esp_system/CMakeFiles/__idf_esp_system.dir/port/soc/esp32/system_internal.c.obj
[627/1154] Building C object esp-idf/spi_flash/CMakeFiles/__idf_spi_flash.dir/spi_flash_chip_boya.c.obj
[628/1154] Building C object esp-idf/esp_system/CMakeFiles/__idf_esp_system.dir/port/soc/esp32/clk.c.obj
[629/1154] Building C object esp-idf/spi_flash/CMakeFiles/__idf_spi_flash.dir/spi_flash_chip_mxic.c.obj
[630/1154] Building C object esp-idf/spi_flash/CMakeFiles/__idf_spi_flash.dir/spi_flash_chip_gd.c.obj
[631/1154] Building C object esp-idf/spi_flash/CMakeFiles/__idf_spi_flash.dir/spi_flash_chip_th.c.obj
[632/1154] Building C object esp-idf/spi_flash/CMakeFiles/__idf_spi_flash.dir/spi_flash_chip_winbond.c.obj
[633/1154] Building C object esp-idf/spi_flash/CMakeFiles/__idf_spi_flash.dir/spi_flash_chip_mxic_opi.c.obj
[634/1154] Building C object esp-idf/spi_flash/CMakeFiles/__idf_spi_flash.dir/spi_flash_wrap.c.obj
[635/1154] Building C object esp-idf/spi_flash/CMakeFiles/__idf_spi_flash.dir/spi_flash_chip_generic.c.obj
[636/1154] Building C object esp-idf/spi_flash/CMakeFiles/__idf_spi_flash.dir/memspi_host_driver.c.obj
[637/1154] Building C object esp-idf/spi_flash/CMakeFiles/__idf_spi_flash.dir/flash_mmap.c.obj
[638/1154] Building C object esp-idf/spi_flash/CMakeFiles/__idf_spi_flash.dir/cache_utils.c.obj
[639/1154] Building C object esp-idf/spi_flash/CMakeFiles/__idf_spi_flash.dir/spi_flash_os_func_noos.c.obj
[640/1154] Building C object esp-idf/spi_flash/CMakeFiles/__idf_spi_flash.dir/flash_ops.c.obj
[641/1154] Linking C static library esp-idf/esp_system/libesp_system.a
[642/1154] Building C object esp-idf/esp_mm/CMakeFiles/__idf_esp_mm.dir/port/esp32/ext_mem_layout.c.obj
[643/1154] Building C object esp-idf/esp_mm/CMakeFiles/__idf_esp_mm.dir/cache_esp32.c.obj
[644/1154] Building C object esp-idf/spi_flash/CMakeFiles/__idf_spi_flash.dir/esp_flash_spi_init.c.obj
[645/1154] Building C object esp-idf/spi_flash/CMakeFiles/__idf_spi_flash.dir/spi_flash_os_func_app.c.obj
[646/1154] Building C object esp-idf/esp_mm/CMakeFiles/__idf_esp_mm.dir/heap_align_hw.c.obj
[647/1154] Building C object esp-idf/esp_mm/CMakeFiles/__idf_esp_mm.dir/esp_cache_utils.c.obj
[648/1154] Building C object esp-idf/esp_mm/CMakeFiles/__idf_esp_mm.dir/esp_cache_msync.c.obj
[649/1154] Building C object esp-idf/bootloader_support/CMakeFiles/__idf_bootloader_support.dir/src/bootloader_random.c.obj
[650/1154] Building C object esp-idf/bootloader_support/CMakeFiles/__idf_bootloader_support.dir/src/bootloader_common_loader.c.obj
[651/1154] Building C object esp-idf/spi_flash/CMakeFiles/__idf_spi_flash.dir/esp_flash_api.c.obj
[652/1154] Building C object esp-idf/bootloader_support/CMakeFiles/__idf_bootloader_support.dir/src/bootloader_clock_init.c.obj
[653/1154] Building C object esp-idf/bootloader_support/CMakeFiles/__idf_bootloader_support.dir/src/bootloader_mem.c.obj
[654/1154] Building C object esp-idf/esp_mm/CMakeFiles/__idf_esp_mm.dir/esp_mmu_map.c.obj
[655/1154] Building C object esp-idf/bootloader_support/CMakeFiles/__idf_bootloader_support.dir/src/bootloader_efuse.c.obj
[656/1154] Building C object esp-idf/bootloader_support/CMakeFiles/__idf_bootloader_support.dir/src/bootloader_common.c.obj
[657/1154] Linking C static library esp-idf/spi_flash/libspi_flash.a
[658/1154] Building C object esp-idf/bootloader_support/CMakeFiles/__idf_bootloader_support.dir/src/bootloader_random_esp32.c.obj
[659/1154] Building C object esp-idf/bootloader_support/CMakeFiles/__idf_bootloader_support.dir/bootloader_flash/src/flash_qio_mode.c.obj
[660/1154] Building C object esp-idf/bootloader_support/CMakeFiles/__idf_bootloader_support.dir/src/flash_encrypt.c.obj
[661/1154] Building C object esp-idf/bootloader_support/CMakeFiles/__idf_bootloader_support.dir/src/secure_boot.c.obj
[662/1154] Linking C static library esp-idf/esp_mm/libesp_mm.a
[663/1154] Building C object esp-idf/bootloader_support/CMakeFiles/__idf_bootloader_support.dir/src/flash_partitions.c.obj
[664/1154] Building C object esp-idf/bootloader_support/CMakeFiles/__idf_bootloader_support.dir/bootloader_flash/src/bootloader_flash.c.obj
[665/1154] Building C object esp-idf/bootloader_support/CMakeFiles/__idf_bootloader_support.dir/src/esp32/secure_boot_secure_features.c.obj
[666/1154] Building C object esp-idf/bootloader_support/CMakeFiles/__idf_bootloader_support.dir/src/bootloader_sha.c.obj
[667/1154] Building C object esp-idf/bootloader_support/CMakeFiles/__idf_bootloader_support.dir/bootloader_flash/src/bootloader_flash_config_esp32.c.obj
[668/1154] Building C object esp-idf/efuse/CMakeFiles/__idf_efuse.dir/esp32/esp_efuse_table.c.obj
[669/1154] Building C object esp-idf/efuse/CMakeFiles/__idf_efuse.dir/esp32/esp_efuse_fields.c.obj
[670/1154] Building C object esp-idf/bootloader_support/CMakeFiles/__idf_bootloader_support.dir/src/esp_image_format.c.obj
[671/1154] Building C object esp-idf/efuse/CMakeFiles/__idf_efuse.dir/src/esp_efuse_fields.c.obj
[672/1154] Building C object esp-idf/efuse/CMakeFiles/__idf_efuse.dir/src/esp_efuse_api.c.obj
[673/1154] Building C object esp-idf/bootloader_support/CMakeFiles/__idf_bootloader_support.dir/src/bootloader_utility.c.obj
[674/1154] Building C object esp-idf/efuse/CMakeFiles/__idf_efuse.dir/esp32/esp_efuse_utility.c.obj
[675/1154] Building C object esp-idf/efuse/CMakeFiles/__idf_efuse.dir/src/efuse_controller/keys/without_key_purposes/three_key_blocks/esp_efuse_api_key.c.obj
[676/1154] Building C object esp-idf/efuse/CMakeFiles/__idf_efuse.dir/src/esp_efuse_startup.c.obj
[677/1154] Building C object esp-idf/efuse/CMakeFiles/__idf_efuse.dir/src/esp_efuse_utility.c.obj
[678/1154] Linking C static library esp-idf/bootloader_support/libbootloader_support.a
[679/1154] Building C object esp-idf/esp_bootloader_format/CMakeFiles/__idf_esp_bootloader_format.dir/esp_bootloader_desc.c.obj
[680/1154] Building C object esp-idf/app_update/CMakeFiles/__idf_app_update.dir/esp_ota_app_desc.c.obj
[681/1154] Linking C static library esp-idf/efuse/libefuse.a
[682/1154] Building C object esp-idf/mbedtls/mbedtls/library/CMakeFiles/mbedtls.dir/debug.c.obj
[683/1154] Building C object esp-idf/esp_partition/CMakeFiles/__idf_esp_partition.dir/partition_target.c.obj
[684/1154] Building C object esp-idf/mbedtls/mbedtls/library/CMakeFiles/mbedtls.dir/mps_trace.c.obj
[685/1154] Building C object esp-idf/esp_partition/CMakeFiles/__idf_esp_partition.dir/partition.c.obj
[686/1154] Building C object esp-idf/esp_app_format/CMakeFiles/__idf_esp_app_format.dir/esp_app_desc.c.obj
[687/1154] Building C object esp-idf/mbedtls/mbedtls/library/CMakeFiles/mbedtls.dir/mps_reader.c.obj
[688/1154] Linking C static library esp-idf/esp_partition/libesp_partition.a
[689/1154] Building C object esp-idf/mbedtls/mbedtls/library/CMakeFiles/mbedtls.dir/ssl_cookie.c.obj
[690/1154] Building C object esp-idf/mbedtls/mbedtls/library/CMakeFiles/mbedtls.dir/ssl_debug_helpers_generated.c.obj
[691/1154] Building C object esp-idf/app_update/CMakeFiles/__idf_app_update.dir/esp_ota_ops.c.obj
[692/1154] Building C object esp-idf/mbedtls/mbedtls/library/CMakeFiles/mbedtls.dir/ssl_client.c.obj
[693/1154] Linking C static library esp-idf/app_update/libapp_update.a
[694/1154] Building C object esp-idf/mbedtls/mbedtls/library/CMakeFiles/mbedtls.dir/ssl_ciphersuites.c.obj
[695/1154] Building C object esp-idf/mbedtls/mbedtls/library/CMakeFiles/mbedtls.dir/ssl_cache.c.obj
[696/1154] Building C object esp-idf/mbedtls/mbedtls/library/CMakeFiles/mbedtls.dir/ssl_ticket.c.obj
[697/1154] Linking C static library esp-idf/esp_bootloader_format/libesp_bootloader_format.a
[698/1154] Building C object esp-idf/mbedtls/mbedtls/library/CMakeFiles/mbedtls.dir/ssl_tls13_server.c.obj
[699/1154] Building C object esp-idf/mbedtls/mbedtls/library/CMakeFiles/mbedtls.dir/ssl_tls13_keys.c.obj
[700/1154] Building C object esp-idf/mbedtls/mbedtls/library/CMakeFiles/mbedtls.dir/ssl_tls13_generic.c.obj
[701/1154] Building C object esp-idf/mbedtls/mbedtls/library/CMakeFiles/mbedtls.dir/ssl_tls13_client.c.obj
[702/1154] Linking C static library esp-idf/esp_app_format/libesp_app_format.a
[703/1154] Building C object esp-idf/mbedtls/mbedtls/library/CMakeFiles/mbedtls.dir/home/v4m3rr/.espressif/v5.5.5/esp-idf/components/mbedtls/port/mbedtls_debug.c.obj
[704/1154] Building C object esp-idf/mbedtls/mbedtls/library/CMakeFiles/mbedtls.dir/home/v4m3rr/.espressif/v5.5.5/esp-idf/components/mbedtls/port/esp_platform_time.c.obj
[705/1154] Building C object esp-idf/mbedtls/mbedtls/library/CMakeFiles/mbedtls.dir/ssl_msg.c.obj
[706/1154] Building C object esp-idf/mbedtls/mbedtls/library/CMakeFiles/mbedtls.dir/home/v4m3rr/.espressif/v5.5.5/esp-idf/components/mbedtls/port/net_sockets.c.obj
[707/1154] Building C object esp-idf/mbedtls/mbedtls/library/CMakeFiles/mbedx509.dir/x509_create.c.obj
[708/1154] Building C object esp-idf/mbedtls/mbedtls/library/CMakeFiles/mbedtls.dir/ssl_tls12_client.c.obj
[709/1154] Building C object esp-idf/mbedtls/mbedtls/library/CMakeFiles/mbedx509.dir/pkcs7.c.obj
[710/1154] Building C object esp-idf/mbedtls/mbedtls/library/CMakeFiles/mbedtls.dir/ssl_tls12_server.c.obj
[711/1154] Building C object esp-idf/mbedtls/mbedtls/library/CMakeFiles/mbedx509.dir/x509_csr.c.obj
[712/1154] Building C object esp-idf/mbedtls/mbedtls/library/CMakeFiles/mbedx509.dir/x509_crl.c.obj
[713/1154] Building C object esp-idf/mbedtls/mbedtls/library/CMakeFiles/mbedx509.dir/x509write.c.obj
[714/1154] Building C object esp-idf/mbedtls/mbedtls/library/CMakeFiles/mbedcrypto.dir/aesni.c.obj
[715/1154] Building C object esp-idf/mbedtls/mbedtls/library/CMakeFiles/mbedcrypto.dir/aesce.c.obj
[716/1154] Building C object esp-idf/mbedtls/mbedtls/library/CMakeFiles/mbedx509.dir/x509write_crt.c.obj
[717/1154] Building C object esp-idf/mbedtls/mbedtls/library/CMakeFiles/mbedx509.dir/x509write_csr.c.obj
[718/1154] Building C object esp-idf/mbedtls/mbedtls/library/CMakeFiles/mbedcrypto.dir/aes.c.obj
[719/1154] Building C object esp-idf/mbedtls/mbedtls/library/CMakeFiles/mbedtls.dir/ssl_tls.c.obj
[720/1154] Building C object esp-idf/mbedtls/mbedtls/library/CMakeFiles/mbedx509.dir/x509.c.obj
[721/1154] Building C object esp-idf/mbedtls/mbedtls/library/CMakeFiles/mbedcrypto.dir/asn1parse.c.obj
[722/1154] Linking CXX static library esp-idf/mbedtls/mbedtls/library/libmbedtls.a
[723/1154] Building C object esp-idf/mbedtls/mbedtls/library/CMakeFiles/mbedx509.dir/x509_crt.c.obj
[724/1154] Building C object esp-idf/mbedtls/mbedtls/library/CMakeFiles/mbedcrypto.dir/base64.c.obj
[725/1154] Building C object esp-idf/mbedtls/mbedtls/library/CMakeFiles/mbedcrypto.dir/asn1write.c.obj
[726/1154] Building C object esp-idf/mbedtls/mbedtls/library/CMakeFiles/mbedcrypto.dir/camellia.c.obj
[727/1154] Building C object esp-idf/mbedtls/mbedtls/library/CMakeFiles/mbedcrypto.dir/block_cipher.c.obj
[728/1154] Building C object esp-idf/mbedtls/mbedtls/library/CMakeFiles/mbedcrypto.dir/bignum_mod.c.obj
[729/1154] Building C object esp-idf/mbedtls/mbedtls/library/CMakeFiles/mbedcrypto.dir/bignum_mod_raw.c.obj
[730/1154] Building C object esp-idf/mbedtls/mbedtls/library/CMakeFiles/mbedcrypto.dir/aria.c.obj
[731/1154] Building C object esp-idf/mbedtls/mbedtls/library/CMakeFiles/mbedcrypto.dir/chacha20.c.obj
[732/1154] Building C object esp-idf/mbedtls/mbedtls/library/CMakeFiles/mbedcrypto.dir/chachapoly.c.obj
[733/1154] Building C object esp-idf/mbedtls/mbedtls/library/CMakeFiles/mbedcrypto.dir/ccm.c.obj
[734/1154] Building C object esp-idf/mbedtls/mbedtls/library/CMakeFiles/mbedcrypto.dir/constant_time.c.obj
[735/1154] Building C object esp-idf/mbedtls/mbedtls/library/CMakeFiles/mbedcrypto.dir/des.c.obj
[736/1154] Building C object esp-idf/mbedtls/mbedtls/library/CMakeFiles/mbedcrypto.dir/cipher_wrap.c.obj
[737/1154] Building C object esp-idf/mbedtls/mbedtls/library/CMakeFiles/mbedcrypto.dir/ctr_drbg.c.obj
[738/1154] Building C object esp-idf/mbedtls/mbedtls/library/CMakeFiles/mbedcrypto.dir/bignum_core.c.obj
[739/1154] Building C object esp-idf/mbedtls/mbedtls/library/CMakeFiles/mbedcrypto.dir/dhm.c.obj
[740/1154] Building C object esp-idf/mbedtls/mbedtls/library/CMakeFiles/mbedcrypto.dir/cipher.c.obj
[741/1154] Building C object esp-idf/mbedtls/mbedtls/library/CMakeFiles/mbedcrypto.dir/cmac.c.obj
[742/1154] Building C object esp-idf/mbedtls/mbedtls/library/CMakeFiles/mbedcrypto.dir/ecjpake.c.obj
[743/1154] Building C object esp-idf/mbedtls/mbedtls/library/CMakeFiles/mbedcrypto.dir/ecp_curves_new.c.obj
[744/1154] Building C object esp-idf/mbedtls/mbedtls/library/CMakeFiles/mbedcrypto.dir/ecdsa.c.obj
[745/1154] Building C object esp-idf/mbedtls/mbedtls/library/CMakeFiles/mbedcrypto.dir/bignum.c.obj
[746/1154] Building C object esp-idf/mbedtls/mbedtls/library/CMakeFiles/mbedcrypto.dir/ecdh.c.obj
[747/1154] Building C object esp-idf/mbedtls/mbedtls/library/CMakeFiles/mbedcrypto.dir/entropy_poll.c.obj
[748/1154] Building C object esp-idf/mbedtls/mbedtls/library/CMakeFiles/mbedcrypto.dir/entropy.c.obj
[749/1154] Building C object esp-idf/mbedtls/mbedtls/library/CMakeFiles/mbedcrypto.dir/hkdf.c.obj
[750/1154] Building C object esp-idf/mbedtls/mbedtls/library/CMakeFiles/mbedcrypto.dir/hmac_drbg.c.obj
[751/1154] Building C object esp-idf/mbedtls/mbedtls/library/CMakeFiles/mbedcrypto.dir/lms.c.obj
[752/1154] Building C object esp-idf/mbedtls/mbedtls/library/CMakeFiles/mbedcrypto.dir/md5.c.obj
[753/1154] Building C object esp-idf/mbedtls/mbedtls/library/CMakeFiles/mbedcrypto.dir/error.c.obj
[754/1154] Building C object esp-idf/mbedtls/mbedtls/library/CMakeFiles/mbedcrypto.dir/memory_buffer_alloc.c.obj
[755/1154] Building C object esp-idf/mbedtls/mbedtls/library/CMakeFiles/mbedcrypto.dir/nist_kw.c.obj
[756/1154] Building C object esp-idf/mbedtls/mbedtls/library/CMakeFiles/mbedcrypto.dir/lmots.c.obj
[757/1154] Building C object esp-idf/mbedtls/mbedtls/library/CMakeFiles/mbedcrypto.dir/gcm.c.obj
[758/1154] Building C object esp-idf/mbedtls/mbedtls/library/CMakeFiles/mbedcrypto.dir/ecp_curves.c.obj
[759/1154] Building C object esp-idf/mbedtls/mbedtls/library/CMakeFiles/mbedcrypto.dir/padlock.c.obj
[760/1154] Building C object esp-idf/mbedtls/mbedtls/library/CMakeFiles/mbedcrypto.dir/ecp.c.obj
[761/1154] Building C object esp-idf/mbedtls/mbedtls/library/CMakeFiles/mbedcrypto.dir/md.c.obj
[762/1154] Building C object esp-idf/mbedtls/mbedtls/library/CMakeFiles/mbedcrypto.dir/pem.c.obj
[763/1154] Building C object esp-idf/mbedtls/mbedtls/library/CMakeFiles/mbedcrypto.dir/pk_ecc.c.obj
[764/1154] Building C object esp-idf/mbedtls/mbedtls/library/CMakeFiles/mbedcrypto.dir/pkcs12.c.obj
[765/1154] Building C object esp-idf/mbedtls/mbedtls/library/CMakeFiles/mbedcrypto.dir/pk_wrap.c.obj
[766/1154] Building C object esp-idf/mbedtls/mbedtls/library/CMakeFiles/mbedcrypto.dir/pk.c.obj
[767/1154] Building C object esp-idf/mbedtls/mbedtls/library/CMakeFiles/mbedcrypto.dir/platform.c.obj
[768/1154] Building C object esp-idf/mbedtls/mbedtls/library/CMakeFiles/mbedcrypto.dir/oid.c.obj
[769/1154] Building C object esp-idf/mbedtls/mbedtls/library/CMakeFiles/mbedcrypto.dir/platform_util.c.obj
[770/1154] Building C object esp-idf/mbedtls/mbedtls/library/CMakeFiles/mbedcrypto.dir/pkcs5.c.obj
[771/1154] Building C object esp-idf/mbedtls/mbedtls/library/CMakeFiles/mbedcrypto.dir/poly1305.c.obj
[772/1154] Building C object esp-idf/mbedtls/mbedtls/library/CMakeFiles/mbedcrypto.dir/pkwrite.c.obj
[773/1154] Building C object esp-idf/mbedtls/mbedtls/library/CMakeFiles/mbedcrypto.dir/psa_crypto_client.c.obj
[774/1154] Building C object esp-idf/mbedtls/mbedtls/library/CMakeFiles/mbedcrypto.dir/psa_crypto_driver_wrappers_no_static.c.obj
[775/1154] Building C object esp-idf/mbedtls/mbedtls/library/CMakeFiles/mbedcrypto.dir/psa_crypto_aead.c.obj
[776/1154] Building C object esp-idf/mbedtls/mbedtls/library/CMakeFiles/mbedcrypto.dir/pkparse.c.obj
[777/1154] Building C object esp-idf/mbedtls/mbedtls/library/CMakeFiles/mbedcrypto.dir/psa_crypto_cipher.c.obj
[778/1154] Building C object esp-idf/mbedtls/mbedtls/library/CMakeFiles/mbedcrypto.dir/psa_crypto_ecp.c.obj
[779/1154] Building C object esp-idf/mbedtls/mbedtls/library/CMakeFiles/mbedcrypto.dir/psa_crypto_ffdh.c.obj
[780/1154] Building C object esp-idf/mbedtls/mbedtls/library/CMakeFiles/mbedcrypto.dir/psa_crypto_se.c.obj
[781/1154] Building C object esp-idf/mbedtls/mbedtls/library/CMakeFiles/mbedcrypto.dir/psa_crypto_mac.c.obj
[782/1154] Building C object esp-idf/mbedtls/mbedtls/library/CMakeFiles/mbedcrypto.dir/psa_crypto_pake.c.obj
[783/1154] Building C object esp-idf/mbedtls/mbedtls/library/CMakeFiles/mbedcrypto.dir/psa_crypto_random.c.obj
[784/1154] Building C object esp-idf/mbedtls/mbedtls/library/CMakeFiles/mbedcrypto.dir/psa_crypto_rsa.c.obj
[785/1154] Building C object esp-idf/mbedtls/mbedtls/library/CMakeFiles/mbedcrypto.dir/psa_crypto_hash.c.obj
[786/1154] Building C object esp-idf/mbedtls/mbedtls/library/CMakeFiles/mbedcrypto.dir/psa_crypto_storage.c.obj
[787/1154] Building C object esp-idf/mbedtls/mbedtls/library/CMakeFiles/mbedcrypto.dir/ripemd160.c.obj
[788/1154] Building C object esp-idf/mbedtls/mbedtls/library/CMakeFiles/mbedcrypto.dir/psa_its_file.c.obj
[789/1154] Building C object esp-idf/mbedtls/mbedtls/library/CMakeFiles/mbedcrypto.dir/psa_crypto_slot_management.c.obj
[790/1154] Building C object esp-idf/mbedtls/mbedtls/library/CMakeFiles/mbedcrypto.dir/psa_util.c.obj
[791/1154] Building C object esp-idf/mbedtls/mbedtls/library/CMakeFiles/mbedcrypto.dir/sha1.c.obj
[792/1154] Building C object esp-idf/mbedtls/mbedtls/library/CMakeFiles/mbedcrypto.dir/rsa_alt_helpers.c.obj
[793/1154] Building C object esp-idf/mbedtls/mbedtls/library/CMakeFiles/mbedcrypto.dir/sha256.c.obj
[794/1154] Building C object esp-idf/mbedtls/mbedtls/library/CMakeFiles/mbedcrypto.dir/sha3.c.obj
[795/1154] Building C object esp-idf/mbedtls/mbedtls/library/CMakeFiles/mbedcrypto.dir/version.c.obj
[796/1154] Building C object esp-idf/mbedtls/mbedtls/library/CMakeFiles/mbedcrypto.dir/threading.c.obj
[797/1154] Building C object esp-idf/mbedtls/mbedtls/library/CMakeFiles/mbedcrypto.dir/timing.c.obj
[798/1154] Building C object esp-idf/mbedtls/mbedtls/library/CMakeFiles/mbedcrypto.dir/version_features.c.obj
[799/1154] Building C object esp-idf/mbedtls/mbedtls/library/CMakeFiles/mbedcrypto.dir/home/v4m3rr/.espressif/v5.5.5/esp-idf/components/mbedtls/port/esp_hardware.c.obj
[800/1154] Building C object esp-idf/mbedtls/mbedtls/library/CMakeFiles/mbedcrypto.dir/sha512.c.obj
[801/1154] Building C object esp-idf/mbedtls/mbedtls/library/CMakeFiles/mbedcrypto.dir/home/v4m3rr/.espressif/v5.5.5/esp-idf/components/mbedtls/port/esp_mem.c.obj
[802/1154] Building C object esp-idf/mbedtls/mbedtls/library/CMakeFiles/mbedcrypto.dir/home/v4m3rr/.espressif/v5.5.5/esp-idf/components/mbedtls/port/aes/esp_aes_common.c.obj
[803/1154] Building C object esp-idf/mbedtls/mbedtls/library/CMakeFiles/mbedcrypto.dir/home/v4m3rr/.espressif/v5.5.5/esp-idf/components/mbedtls/port/aes/esp_aes_xts.c.obj
[804/1154] Building C object esp-idf/mbedtls/mbedtls/library/CMakeFiles/mbedcrypto.dir/home/v4m3rr/.espressif/v5.5.5/esp-idf/components/mbedtls/port/esp_timing.c.obj
[805/1154] Building C object esp-idf/mbedtls/mbedtls/library/CMakeFiles/mbedcrypto.dir/home/v4m3rr/.espressif/v5.5.5/esp-idf/components/mbedtls/port/sha/esp_sha.c.obj
[806/1154] Building C object esp-idf/mbedtls/mbedtls/library/CMakeFiles/mbedcrypto.dir/home/v4m3rr/.espressif/v5.5.5/esp-idf/components/mbedtls/port/bignum/bignum_alt.c.obj
[807/1154] Building C object esp-idf/mbedtls/mbedtls/library/CMakeFiles/mbedcrypto.dir/home/v4m3rr/.espressif/v5.5.5/esp-idf/components/mbedtls/port/aes/block/esp_aes.c.obj
[808/1154] Building C object esp-idf/mbedtls/mbedtls/library/CMakeFiles/mbedcrypto.dir/home/v4m3rr/.espressif/v5.5.5/esp-idf/components/mbedtls/port/sha/parallel_engine/sha.c.obj
[809/1154] Building C object esp-idf/mbedtls/mbedtls/library/CMakeFiles/mbedcrypto.dir/home/v4m3rr/.espressif/v5.5.5/esp-idf/components/mbedtls/port/bignum/esp_bignum.c.obj
[810/1154] Building C object esp-idf/mbedtls/mbedtls/library/CMakeFiles/mbedcrypto.dir/home/v4m3rr/.espressif/v5.5.5/esp-idf/components/mbedtls/port/md/esp_md.c.obj
[811/1154] Linking CXX static library esp-idf/mbedtls/mbedtls/library/libmbedx509.a
[812/1154] Building C object esp-idf/mbedtls/mbedtls/library/CMakeFiles/mbedcrypto.dir/home/v4m3rr/.espressif/v5.5.5/esp-idf/components/mbedtls/port/sha/parallel_engine/esp_sha256.c.obj
[813/1154] Building C object esp-idf/mbedtls/mbedtls/library/CMakeFiles/mbedcrypto.dir/rsa.c.obj
[814/1154] Building C object esp-idf/mbedtls/mbedtls/library/CMakeFiles/mbedcrypto.dir/home/v4m3rr/.espressif/v5.5.5/esp-idf/components/mbedtls/port/aes/esp_aes_gcm.c.obj
[815/1154] Building C object esp-idf/mbedtls/mbedtls/3rdparty/p256-m/CMakeFiles/p256m.dir/p256-m_driver_entrypoints.c.obj
[816/1154] Building C object esp-idf/mbedtls/mbedtls/3rdparty/p256-m/CMakeFiles/p256m.dir/p256-m/p256-m.c.obj
[817/1154] Building C object esp-idf/mbedtls/mbedtls/3rdparty/everest/CMakeFiles/everest.dir/library/x25519.c.obj
[818/1154] Building C object esp-idf/mbedtls/mbedtls/3rdparty/everest/CMakeFiles/everest.dir/library/everest.c.obj
[819/1154] Building C object esp-idf/mbedtls/mbedtls/library/CMakeFiles/mbedcrypto.dir/home/v4m3rr/.espressif/v5.5.5/esp-idf/components/mbedtls/port/sha/parallel_engine/esp_sha512.c.obj
[820/1154] Building C object esp-idf/mbedtls/mbedtls/library/CMakeFiles/mbedcrypto.dir/home/v4m3rr/.espressif/v5.5.5/esp-idf/components/mbedtls/port/sha/parallel_engine/esp_sha1.c.obj
[821/1154] Building C object esp-idf/mbedtls/mbedtls/3rdparty/everest/CMakeFiles/everest.dir/library/Hacl_Curve25519_joined.c.obj
[822/1154] Building C object esp-idf/esp_pm/CMakeFiles/__idf_esp_pm.dir/pm_trace.c.obj
[823/1154] Building C object esp-idf/esp_pm/CMakeFiles/__idf_esp_pm.dir/pm_locks.c.obj
[824/1154] Building C object esp-idf/xtensa/CMakeFiles/__idf_xtensa.dir/eri.c.obj
[825/1154] Building C object esp-idf/esp_driver_gpio/CMakeFiles/__idf_esp_driver_gpio.dir/src/gpio_glitch_filter_ops.c.obj
[826/1154] Building ASM object esp-idf/xtensa/CMakeFiles/__idf_xtensa.dir/xtensa_context.S.obj
[827/1154] Building ASM object esp-idf/xtensa/CMakeFiles/__idf_xtensa.dir/xtensa_intr_asm.S.obj
[828/1154] Building C object esp-idf/xtensa/CMakeFiles/__idf_xtensa.dir/xt_trax.c.obj
[829/1154] Building ASM object esp-idf/xtensa/CMakeFiles/__idf_xtensa.dir/xtensa_vectors.S.obj
[830/1154] Building C object esp-idf/xtensa/CMakeFiles/__idf_xtensa.dir/xtensa_intr.c.obj
[831/1154] Building C object esp-idf/esp_pm/CMakeFiles/__idf_esp_pm.dir/pm_impl.c.obj
[832/1154] Building C object esp-idf/mbedtls/mbedtls/library/CMakeFiles/mbedcrypto.dir/psa_crypto.c.obj
[833/1154] Building C object esp-idf/esp_driver_gpio/CMakeFiles/__idf_esp_driver_gpio.dir/src/rtc_io.c.obj
[834/1154] Building C object esp-idf/console/CMakeFiles/__idf_console.dir/split_argv.c.obj
[835/1154] Building C object esp-idf/console/CMakeFiles/__idf_console.dir/commands.c.obj
[836/1154] Building C object esp-idf/console/CMakeFiles/__idf_console.dir/esp_console_common.c.obj
[837/1154] Building C object esp-idf/console/CMakeFiles/__idf_console.dir/esp_console_repl_internal.c.obj
[838/1154] Building C object esp-idf/console/CMakeFiles/__idf_console.dir/esp_console_repl_chip.c.obj
[839/1154] Building C object esp-idf/console/CMakeFiles/__idf_console.dir/argtable3/arg_cmd.c.obj
[840/1154] Building C object esp-idf/console/CMakeFiles/__idf_console.dir/argtable3/arg_dbl.c.obj
[841/1154] Linking CXX static library esp-idf/mbedtls/mbedtls/library/libmbedcrypto.a
[842/1154] Linking CXX static library esp-idf/mbedtls/mbedtls/3rdparty/p256-m/libp256m.a
[843/1154] Building C object esp-idf/console/CMakeFiles/__idf_console.dir/argtable3/arg_dstr.c.obj
[844/1154] Building C object esp-idf/console/CMakeFiles/__idf_console.dir/argtable3/arg_end.c.obj
[845/1154] Building C object esp-idf/console/CMakeFiles/__idf_console.dir/argtable3/arg_date.c.obj
[846/1154] Linking CXX static library esp-idf/mbedtls/mbedtls/3rdparty/everest/libeverest.a
[847/1154] Building C object esp-idf/console/CMakeFiles/__idf_console.dir/argtable3/arg_file.c.obj
[848/1154] Linking C static library esp-idf/esp_pm/libesp_pm.a
[849/1154] Building C object esp-idf/console/CMakeFiles/__idf_console.dir/argtable3/arg_rem.c.obj
[850/1154] Building C object esp-idf/console/CMakeFiles/__idf_console.dir/argtable3/arg_hashtable.c.obj
[851/1154] Building C object esp-idf/console/CMakeFiles/__idf_console.dir/linenoise/linenoise.c.obj
[852/1154] Building C object esp-idf/console/CMakeFiles/__idf_console.dir/argtable3/arg_int.c.obj
[853/1154] Building C object esp-idf/esp_driver_gpio/CMakeFiles/__idf_esp_driver_gpio.dir/src/gpio.c.obj
[854/1154] Building C object esp-idf/console/CMakeFiles/__idf_console.dir/argtable3/arg_lit.c.obj
[855/1154] Creating directories for 'bootloader'
[856/1154] Building C object esp-idf/console/CMakeFiles/__idf_console.dir/argtable3/arg_str.c.obj
[857/1154] Linking C static library esp-idf/esp_driver_gpio/libesp_driver_gpio.a
[858/1154] Building C object esp-idf/unity/CMakeFiles/__idf_unity.dir/unity_compat.c.obj
[859/1154] Linking C static library esp-idf/xtensa/libxtensa.a
[860/1154] Building C object esp-idf/console/CMakeFiles/__idf_console.dir/argtable3/arg_utils.c.obj
[861/1154] Building C object esp-idf/unity/CMakeFiles/__idf_unity.dir/unity_utils_cache.c.obj
[862/1154] Building C object esp-idf/unity/CMakeFiles/__idf_unity.dir/unity_utils_freertos.c.obj
[863/1154] Building C object esp-idf/console/CMakeFiles/__idf_console.dir/argtable3/arg_rex.c.obj
[864/1154] Building C object esp-idf/unity/CMakeFiles/__idf_unity.dir/unity_runner.c.obj
[865/1154] Building C object esp-idf/unity/CMakeFiles/__idf_unity.dir/unity_utils_memory.c.obj
[866/1154] Building C object esp-idf/unity/CMakeFiles/__idf_unity.dir/port/esp/unity_utils_memory_esp.c.obj
[867/1154] Building C object esp-idf/unity/CMakeFiles/__idf_unity.dir/unity_port_esp32.c.obj
[868/1154] Building C object esp-idf/console/CMakeFiles/__idf_console.dir/argtable3/argtable3.c.obj
[869/1154] Building C object esp-idf/esp_eth/CMakeFiles/__idf_esp_eth.dir/src/esp_eth_netif_glue.c.obj
[870/1154] Building C object esp-idf/unity/CMakeFiles/__idf_unity.dir/unity/src/unity.c.obj
[871/1154] Linking C static library esp-idf/console/libconsole.a
[872/1154] Building C object esp-idf/esp_eth/CMakeFiles/__idf_esp_eth.dir/src/esp_eth.c.obj
[873/1154] Building C object esp-idf/esp_eth/CMakeFiles/__idf_esp_eth.dir/src/phy/esp_eth_phy_802_3.c.obj
[874/1154] Building C object esp-idf/esp_eth/CMakeFiles/__idf_esp_eth.dir/src/phy/esp_eth_phy_generic.c.obj
[875/1154] Building C object esp-idf/esp_eth/CMakeFiles/__idf_esp_eth.dir/src/mac/esp_eth_mac_esp_dma.c.obj
[876/1154] Building C object esp-idf/esp_eth/CMakeFiles/__idf_esp_eth.dir/src/phy/esp_eth_phy_ip101.c.obj
[877/1154] Building C object esp-idf/esp_eth/CMakeFiles/__idf_esp_eth.dir/src/phy/esp_eth_phy_dp83848.c.obj
[878/1154] Building C object esp-idf/protobuf-c/CMakeFiles/__idf_protobuf-c.dir/protobuf-c/protobuf-c/protobuf-c.c.obj
[879/1154] Linking C static library esp-idf/protobuf-c/libprotobuf-c.a
[880/1154] Building C object esp-idf/esp_eth/CMakeFiles/__idf_esp_eth.dir/src/mac/esp_eth_mac_esp_gpio.c.obj
[881/1154] Building C object esp-idf/esp_eth/CMakeFiles/__idf_esp_eth.dir/src/mac/esp_eth_mac_esp.c.obj
[882/1154] Building C object esp-idf/esp_eth/CMakeFiles/__idf_esp_eth.dir/src/phy/esp_eth_phy_ksz80xx.c.obj
[883/1154] Building C object esp-idf/protocomm/CMakeFiles/__idf_protocomm.dir/proto-c/constants.pb-c.c.obj
[884/1154] Building C object esp-idf/esp_eth/CMakeFiles/__idf_esp_eth.dir/src/phy/esp_eth_phy_lan87xx.c.obj
[885/1154] Building C object esp-idf/esp_eth/CMakeFiles/__idf_esp_eth.dir/src/phy/esp_eth_phy_rtl8201.c.obj
[886/1154] Building C object esp-idf/protocomm/CMakeFiles/__idf_protocomm.dir/proto-c/sec0.pb-c.c.obj
[887/1154] Building C object esp-idf/protocomm/CMakeFiles/__idf_protocomm.dir/proto-c/sec1.pb-c.c.obj
[888/1154] Building C object esp-idf/protocomm/CMakeFiles/__idf_protocomm.dir/src/common/protocomm.c.obj
[889/1154] Building C object esp-idf/protocomm/CMakeFiles/__idf_protocomm.dir/proto-c/session.pb-c.c.obj
[890/1154] Building C object esp-idf/esp_https_server/CMakeFiles/__idf_esp_https_server.dir/src/https_server.c.obj
[891/1154] Building C object esp-idf/protocomm/CMakeFiles/__idf_protocomm.dir/proto-c/sec2.pb-c.c.obj
[892/1154] Building C object esp-idf/protocomm/CMakeFiles/__idf_protocomm.dir/src/security/security0.c.obj
[893/1154] Building C object esp-idf/protocomm/CMakeFiles/__idf_protocomm.dir/src/transports/protocomm_console.c.obj
[894/1154] Building C object esp-idf/protocomm/CMakeFiles/__idf_protocomm.dir/src/transports/protocomm_httpd.c.obj
[895/1154] Building C object esp-idf/protocomm/CMakeFiles/__idf_protocomm.dir/src/crypto/srp6a/esp_srp_mpi.c.obj
[896/1154] Building CXX object esp-idf/wear_levelling/CMakeFiles/__idf_wear_levelling.dir/Partition.cpp.obj
[897/1154] Building CXX object esp-idf/wear_levelling/CMakeFiles/__idf_wear_levelling.dir/crc32.cpp.obj
[898/1154] Building C object esp-idf/protocomm/CMakeFiles/__idf_protocomm.dir/src/crypto/srp6a/esp_srp.c.obj
[899/1154] Building CXX object esp-idf/wear_levelling/CMakeFiles/__idf_wear_levelling.dir/SPI_Flash.cpp.obj
[900/1154] Building CXX object esp-idf/wear_levelling/CMakeFiles/__idf_wear_levelling.dir/WL_Ext_Perf.cpp.obj
[901/1154] Building C object esp-idf/protocomm/CMakeFiles/__idf_protocomm.dir/src/security/security2.c.obj
[902/1154] Building CXX object esp-idf/wear_levelling/CMakeFiles/__idf_wear_levelling.dir/WL_Ext_Safe.cpp.obj
[903/1154] Building C object esp-idf/protocomm/CMakeFiles/__idf_protocomm.dir/src/security/security1.c.obj
[904/1154] Building CXX object esp-idf/wear_levelling/CMakeFiles/__idf_wear_levelling.dir/wear_levelling.cpp.obj
[905/1154] Building C object esp-idf/wolfssl/CMakeFiles/__idf_wolfssl.dir/home/v4m3rr/.builds/wolfssl/src/crl.c.obj
In file included from /home/v4m3rr/.builds/wolfssl/wolfssl/wolfcrypt/types.h:34,
                 from /home/v4m3rr/.builds/wolfssl/wolfssl/wolfcrypt/libwolfssl_sources.h:46,
                 from /home/v4m3rr/.builds/wolfssl/src/crl.c:22:
/home/v4m3rr/.builds/wolfssl/wolfssl/wolfcrypt/settings.h:3236:6: warning: #warning "Contact wolfSSL support for a fast implementation that is " "constant time" [-Wcpp]
 3236 |     #warning "Contact wolfSSL support for a fast implementation that is " \
      |      ^~~~~~~
[906/1154] Building C object esp-idf/wolfssl/CMakeFiles/__idf_wolfssl.dir/home/v4m3rr/.builds/wolfssl/src/dtls13.c.obj
In file included from /home/v4m3rr/.builds/wolfssl/wolfssl/wolfcrypt/types.h:34,
                 from /home/v4m3rr/.builds/wolfssl/wolfssl/wolfcrypt/libwolfssl_sources.h:46,
                 from /home/v4m3rr/.builds/wolfssl/src/dtls13.c:22:
/home/v4m3rr/.builds/wolfssl/wolfssl/wolfcrypt/settings.h:3236:6: warning: #warning "Contact wolfSSL support for a fast implementation that is " "constant time" [-Wcpp]
 3236 |     #warning "Contact wolfSSL support for a fast implementation that is " \
      |      ^~~~~~~
[907/1154] Building C object esp-idf/json/CMakeFiles/__idf_json.dir/cJSON/cJSON_Utils.c.obj
[908/1154] Building C object esp-idf/wolfssl/CMakeFiles/__idf_wolfssl.dir/home/v4m3rr/.builds/wolfssl/src/ocsp.c.obj
In file included from /home/v4m3rr/.builds/wolfssl/wolfssl/wolfcrypt/types.h:34,
                 from /home/v4m3rr/.builds/wolfssl/wolfssl/wolfcrypt/libwolfssl_sources.h:46,
                 from /home/v4m3rr/.builds/wolfssl/src/ocsp.c:22:
/home/v4m3rr/.builds/wolfssl/wolfssl/wolfcrypt/settings.h:3236:6: warning: #warning "Contact wolfSSL support for a fast implementation that is " "constant time" [-Wcpp]
 3236 |     #warning "Contact wolfSSL support for a fast implementation that is " \
      |      ^~~~~~~
[909/1154] Building CXX object esp-idf/wear_levelling/CMakeFiles/__idf_wear_levelling.dir/WL_Flash.cpp.obj
[910/1154] Building C object esp-idf/wolfssl/CMakeFiles/__idf_wolfssl.dir/home/v4m3rr/.builds/wolfssl/src/dtls.c.obj
In file included from /home/v4m3rr/.builds/wolfssl/wolfssl/wolfcrypt/types.h:34,
                 from /home/v4m3rr/.builds/wolfssl/wolfssl/wolfcrypt/libwolfssl_sources.h:46,
                 from /home/v4m3rr/.builds/wolfssl/src/dtls.c:22:
/home/v4m3rr/.builds/wolfssl/wolfssl/wolfcrypt/settings.h:3236:6: warning: #warning "Contact wolfSSL support for a fast implementation that is " "constant time" [-Wcpp]
 3236 |     #warning "Contact wolfSSL support for a fast implementation that is " \
      |      ^~~~~~~
[911/1154] Building C object esp-idf/wolfssl/CMakeFiles/__idf_wolfssl.dir/home/v4m3rr/.builds/wolfssl/src/keys.c.obj
In file included from /home/v4m3rr/.builds/wolfssl/wolfssl/wolfcrypt/types.h:34,
                 from /home/v4m3rr/.builds/wolfssl/wolfssl/wolfcrypt/libwolfssl_sources.h:46,
                 from /home/v4m3rr/.builds/wolfssl/src/keys.c:25:
/home/v4m3rr/.builds/wolfssl/wolfssl/wolfcrypt/settings.h:3236:6: warning: #warning "Contact wolfSSL support for a fast implementation that is " "constant time" [-Wcpp]
 3236 |     #warning "Contact wolfSSL support for a fast implementation that is " \
      |      ^~~~~~~
[912/1154] Building C object esp-idf/wolfssl/CMakeFiles/__idf_wolfssl.dir/home/v4m3rr/.builds/wolfssl/src/quic.c.obj
In file included from /home/v4m3rr/.builds/wolfssl/wolfssl/wolfcrypt/types.h:34,
                 from /home/v4m3rr/.builds/wolfssl/wolfssl/wolfcrypt/libwolfssl_sources.h:46,
                 from /home/v4m3rr/.builds/wolfssl/src/quic.c:22:
/home/v4m3rr/.builds/wolfssl/wolfssl/wolfcrypt/settings.h:3236:6: warning: #warning "Contact wolfSSL support for a fast implementation that is " "constant time" [-Wcpp]
 3236 |     #warning "Contact wolfSSL support for a fast implementation that is " \
      |      ^~~~~~~
[913/1154] Building C object esp-idf/wolfssl/CMakeFiles/__idf_wolfssl.dir/home/v4m3rr/.builds/wolfssl/src/pk_rsa.c.obj
In file included from /home/v4m3rr/.builds/wolfssl/wolfssl/wolfcrypt/types.h:34,
                 from /home/v4m3rr/.builds/wolfssl/wolfssl/wolfcrypt/libwolfssl_sources.h:46,
                 from /home/v4m3rr/.builds/wolfssl/src/pk_rsa.c:22:
/home/v4m3rr/.builds/wolfssl/wolfssl/wolfcrypt/settings.h:3236:6: warning: #warning "Contact wolfSSL support for a fast implementation that is " "constant time" [-Wcpp]
 3236 |     #warning "Contact wolfSSL support for a fast implementation that is " \
      |      ^~~~~~~
/home/v4m3rr/.builds/wolfssl/src/pk_rsa.c:31:10: warning: #warning pk_rsa.c does not need to be compiled separately from ssl.c [-Wcpp]
   31 |         #warning pk_rsa.c does not need to be compiled separately from ssl.c
      |          ^~~~~~~
[914/1154] Building C object esp-idf/wolfssl/CMakeFiles/__idf_wolfssl.dir/home/v4m3rr/.builds/wolfssl/src/pk_ec.c.obj
In file included from /home/v4m3rr/.builds/wolfssl/wolfssl/wolfcrypt/types.h:34,
                 from /home/v4m3rr/.builds/wolfssl/wolfssl/wolfcrypt/libwolfssl_sources.h:46,
                 from /home/v4m3rr/.builds/wolfssl/src/pk_ec.c:22:
/home/v4m3rr/.builds/wolfssl/wolfssl/wolfcrypt/settings.h:3236:6: warning: #warning "Contact wolfSSL support for a fast implementation that is " "constant time" [-Wcpp]
 3236 |     #warning "Contact wolfSSL support for a fast implementation that is " \
      |      ^~~~~~~
/home/v4m3rr/.builds/wolfssl/src/pk_ec.c:46:10: warning: #warning pk_ec.c does not need to be compiled separately from ssl.c [-Wcpp]
   46 |         #warning pk_ec.c does not need to be compiled separately from ssl.c
      |          ^~~~~~~
[915/1154] Building C object esp-idf/json/CMakeFiles/__idf_json.dir/cJSON/cJSON.c.obj
[916/1154] Building C object esp-idf/wolfssl/CMakeFiles/__idf_wolfssl.dir/home/v4m3rr/.builds/wolfssl/src/sniffer.c.obj
In file included from /home/v4m3rr/.builds/wolfssl/wolfssl/wolfcrypt/types.h:34,
                 from /home/v4m3rr/.builds/wolfssl/wolfssl/wolfcrypt/libwolfssl_sources.h:46,
                 from /home/v4m3rr/.builds/wolfssl/src/sniffer.c:22:
/home/v4m3rr/.builds/wolfssl/wolfssl/wolfcrypt/settings.h:3236:6: warning: #warning "Contact wolfSSL support for a fast implementation that is " "constant time" [-Wcpp]
 3236 |     #warning "Contact wolfSSL support for a fast implementation that is " \
      |      ^~~~~~~
[917/1154] Building C object esp-idf/wolfssl/CMakeFiles/__idf_wolfssl.dir/home/v4m3rr/.builds/wolfssl/src/ssl_api_cert.c.obj
In file included from /home/v4m3rr/.builds/wolfssl/wolfssl/wolfcrypt/types.h:34,
                 from /home/v4m3rr/.builds/wolfssl/wolfssl/wolfcrypt/libwolfssl_sources.h:46,
                 from /home/v4m3rr/.builds/wolfssl/src/ssl_api_cert.c:22:
/home/v4m3rr/.builds/wolfssl/wolfssl/wolfcrypt/settings.h:3236:6: warning: #warning "Contact wolfSSL support for a fast implementation that is " "constant time" [-Wcpp]
 3236 |     #warning "Contact wolfSSL support for a fast implementation that is " \
      |      ^~~~~~~
/home/v4m3rr/.builds/wolfssl/src/ssl_api_cert.c:26:10: warning: #warning ssl_api_cert.c is not compiled separately from ssl.c [-Wcpp]
   26 |         #warning ssl_api_cert.c is not compiled separately from ssl.c
      |          ^~~~~~~
[918/1154] Building C object esp-idf/wolfssl/CMakeFiles/__idf_wolfssl.dir/home/v4m3rr/.builds/wolfssl/src/ssl_api_crl_ocsp.c.obj
In file included from /home/v4m3rr/.builds/wolfssl/wolfssl/wolfcrypt/types.h:34,
                 from /home/v4m3rr/.builds/wolfssl/wolfssl/wolfcrypt/libwolfssl_sources.h:46,
                 from /home/v4m3rr/.builds/wolfssl/src/ssl_api_crl_ocsp.c:22:
/home/v4m3rr/.builds/wolfssl/wolfssl/wolfcrypt/settings.h:3236:6: warning: #warning "Contact wolfSSL support for a fast implementation that is " "constant time" [-Wcpp]
 3236 |     #warning "Contact wolfSSL support for a fast implementation that is " \
      |      ^~~~~~~
/home/v4m3rr/.builds/wolfssl/src/ssl_api_crl_ocsp.c:26:10: warning: #warning ssl_api_crl_ocsp.c is not compiled separately from ssl.c [-Wcpp]
   26 |         #warning ssl_api_crl_ocsp.c is not compiled separately from ssl.c
      |          ^~~~~~~
[919/1154] Building C object esp-idf/wolfssl/CMakeFiles/__idf_wolfssl.dir/home/v4m3rr/.builds/wolfssl/src/ssl_api_ext.c.obj
In file included from /home/v4m3rr/.builds/wolfssl/wolfssl/wolfcrypt/types.h:34,
                 from /home/v4m3rr/.builds/wolfssl/wolfssl/wolfcrypt/libwolfssl_sources.h:46,
                 from /home/v4m3rr/.builds/wolfssl/src/ssl_api_ext.c:22:
/home/v4m3rr/.builds/wolfssl/wolfssl/wolfcrypt/settings.h:3236:6: warning: #warning "Contact wolfSSL support for a fast implementation that is " "constant time" [-Wcpp]
 3236 |     #warning "Contact wolfSSL support for a fast implementation that is " \
      |      ^~~~~~~
/home/v4m3rr/.builds/wolfssl/src/ssl_api_ext.c:26:10: warning: #warning ssl_api_ext.c does not need to be compiled separately from ssl.c [-Wcpp]
   26 |         #warning ssl_api_ext.c does not need to be compiled separately from ssl.c
      |          ^~~~~~~
[920/1154] Building C object esp-idf/wolfssl/CMakeFiles/__idf_wolfssl.dir/home/v4m3rr/.builds/wolfssl/src/ssl_api_dtls.c.obj
In file included from /home/v4m3rr/.builds/wolfssl/wolfssl/wolfcrypt/types.h:34,
                 from /home/v4m3rr/.builds/wolfssl/wolfssl/wolfcrypt/libwolfssl_sources.h:46,
                 from /home/v4m3rr/.builds/wolfssl/src/ssl_api_dtls.c:22:
/home/v4m3rr/.builds/wolfssl/wolfssl/wolfcrypt/settings.h:3236:6: warning: #warning "Contact wolfSSL support for a fast implementation that is " "constant time" [-Wcpp]
 3236 |     #warning "Contact wolfSSL support for a fast implementation that is " \
      |      ^~~~~~~
/home/v4m3rr/.builds/wolfssl/src/ssl_api_dtls.c:26:10: warning: #warning ssl_api_dtls.c does not need to be compiled separately from ssl.c [-Wcpp]
   26 |         #warning ssl_api_dtls.c does not need to be compiled separately from ssl.c
      |          ^~~~~~~
[921/1154] Building C object esp-idf/wolfssl/CMakeFiles/__idf_wolfssl.dir/home/v4m3rr/.builds/wolfssl/src/ssl_ech.c.obj
In file included from /home/v4m3rr/.builds/wolfssl/wolfssl/wolfcrypt/types.h:34,
                 from /home/v4m3rr/.builds/wolfssl/wolfssl/wolfcrypt/libwolfssl_sources.h:46,
                 from /home/v4m3rr/.builds/wolfssl/src/ssl_ech.c:22:
/home/v4m3rr/.builds/wolfssl/wolfssl/wolfcrypt/settings.h:3236:6: warning: #warning "Contact wolfSSL support for a fast implementation that is " "constant time" [-Wcpp]
 3236 |     #warning "Contact wolfSSL support for a fast implementation that is " \
      |      ^~~~~~~
/home/v4m3rr/.builds/wolfssl/src/ssl_ech.c:26:10: warning: #warning ssl_ech.c does not need to be compiled separately from ssl.c [-Wcpp]
   26 |         #warning ssl_ech.c does not need to be compiled separately from ssl.c
      |          ^~~~~~~
[922/1154] Building C object esp-idf/wolfssl/CMakeFiles/__idf_wolfssl.dir/home/v4m3rr/.builds/wolfssl/src/ssl_api_pk.c.obj
In file included from /home/v4m3rr/.builds/wolfssl/wolfssl/wolfcrypt/types.h:34,
                 from /home/v4m3rr/.builds/wolfssl/wolfssl/wolfcrypt/libwolfssl_sources.h:46,
                 from /home/v4m3rr/.builds/wolfssl/src/ssl_api_pk.c:22:
/home/v4m3rr/.builds/wolfssl/wolfssl/wolfcrypt/settings.h:3236:6: warning: #warning "Contact wolfSSL support for a fast implementation that is " "constant time" [-Wcpp]
 3236 |     #warning "Contact wolfSSL support for a fast implementation that is " \
      |      ^~~~~~~
/home/v4m3rr/.builds/wolfssl/src/ssl_api_pk.c:26:10: warning: #warning ssl_api_pk.c is not compiled separately from ssl.c [-Wcpp]
   26 |         #warning ssl_api_pk.c is not compiled separately from ssl.c
      |          ^~~~~~~
[923/1154] Building C object esp-idf/wolfssl/CMakeFiles/__idf_wolfssl.dir/home/v4m3rr/.builds/wolfssl/src/ssl_api_hs.c.obj
In file included from /home/v4m3rr/.builds/wolfssl/wolfssl/wolfcrypt/types.h:34,
                 from /home/v4m3rr/.builds/wolfssl/wolfssl/wolfcrypt/libwolfssl_sources.h:46,
                 from /home/v4m3rr/.builds/wolfssl/src/ssl_api_hs.c:22:
/home/v4m3rr/.builds/wolfssl/wolfssl/wolfcrypt/settings.h:3236:6: warning: #warning "Contact wolfSSL support for a fast implementation that is " "constant time" [-Wcpp]
 3236 |     #warning "Contact wolfSSL support for a fast implementation that is " \
      |      ^~~~~~~
/home/v4m3rr/.builds/wolfssl/src/ssl_api_hs.c:26:10: warning: #warning ssl_api_hs.c does not need to be compiled separately from ssl.c [-Wcpp]
   26 |         #warning ssl_api_hs.c does not need to be compiled separately from ssl.c
      |          ^~~~~~~
[924/1154] Building C object esp-idf/wolfssl/CMakeFiles/__idf_wolfssl.dir/home/v4m3rr/.builds/wolfssl/src/ssl_err.c.obj
In file included from /home/v4m3rr/.builds/wolfssl/wolfssl/wolfcrypt/types.h:34,
                 from /home/v4m3rr/.builds/wolfssl/wolfssl/wolfcrypt/libwolfssl_sources.h:46,
                 from /home/v4m3rr/.builds/wolfssl/src/ssl_err.c:22:
/home/v4m3rr/.builds/wolfssl/wolfssl/wolfcrypt/settings.h:3236:6: warning: #warning "Contact wolfSSL support for a fast implementation that is " "constant time" [-Wcpp]
 3236 |     #warning "Contact wolfSSL support for a fast implementation that is " \
      |      ^~~~~~~
/home/v4m3rr/.builds/wolfssl/src/ssl_err.c:26:10: warning: #warning ssl_err.c does not need to be compiled separately from ssl.c [-Wcpp]
   26 |         #warning ssl_err.c does not need to be compiled separately from ssl.c
      |          ^~~~~~~
[925/1154] Building C object esp-idf/wolfssl/CMakeFiles/__idf_wolfssl.dir/home/v4m3rr/.builds/wolfssl/src/ssl_api_rw.c.obj
In file included from /home/v4m3rr/.builds/wolfssl/wolfssl/wolfcrypt/types.h:34,
                 from /home/v4m3rr/.builds/wolfssl/wolfssl/wolfcrypt/libwolfssl_sources.h:46,
                 from /home/v4m3rr/.builds/wolfssl/src/ssl_api_rw.c:22:
/home/v4m3rr/.builds/wolfssl/wolfssl/wolfcrypt/settings.h:3236:6: warning: #warning "Contact wolfSSL support for a fast implementation that is " "constant time" [-Wcpp]
 3236 |     #warning "Contact wolfSSL support for a fast implementation that is " \
      |      ^~~~~~~
/home/v4m3rr/.builds/wolfssl/src/ssl_api_rw.c:26:10: warning: #warning ssl_api_rw.c does not need to be compiled separately from ssl.c [-Wcpp]
   26 |         #warning ssl_api_rw.c does not need to be compiled separately from ssl.c
      |          ^~~~~~~
[926/1154] Building C object esp-idf/wolfssl/CMakeFiles/__idf_wolfssl.dir/home/v4m3rr/.builds/wolfssl/src/wolfio.c.obj
In file included from /home/v4m3rr/.builds/wolfssl/wolfssl/wolfcrypt/types.h:34,
                 from /home/v4m3rr/.builds/wolfssl/wolfssl/wolfcrypt/libwolfssl_sources.h:46,
                 from /home/v4m3rr/.builds/wolfssl/src/wolfio.c:27:
/home/v4m3rr/.builds/wolfssl/wolfssl/wolfcrypt/settings.h:3236:6: warning: #warning "Contact wolfSSL support for a fast implementation that is " "constant time" [-Wcpp]
 3236 |     #warning "Contact wolfSSL support for a fast implementation that is " \
      |      ^~~~~~~
[927/1154] Building C object esp-idf/wolfssl/CMakeFiles/__idf_wolfssl.dir/home/v4m3rr/.builds/wolfssl/wolfcrypt/src/arc4.c.obj
In file included from /home/v4m3rr/.builds/wolfssl/wolfssl/wolfcrypt/types.h:34,
                 from /home/v4m3rr/.builds/wolfssl/wolfssl/wolfcrypt/libwolfssl_sources.h:46,
                 from /home/v4m3rr/.builds/wolfssl/wolfcrypt/src/arc4.c:22:
/home/v4m3rr/.builds/wolfssl/wolfssl/wolfcrypt/settings.h:3236:6: warning: #warning "Contact wolfSSL support for a fast implementation that is " "constant time" [-Wcpp]
 3236 |     #warning "Contact wolfSSL support for a fast implementation that is " \
      |      ^~~~~~~
[928/1154] Building C object esp-idf/wolfssl/CMakeFiles/__idf_wolfssl.dir/home/v4m3rr/.builds/wolfssl/src/ssl_tsp.c.obj
In file included from /home/v4m3rr/.builds/wolfssl/wolfssl/wolfcrypt/types.h:34,
                 from /home/v4m3rr/.builds/wolfssl/wolfssl/wolfcrypt/libwolfssl_sources.h:46,
                 from /home/v4m3rr/.builds/wolfssl/src/ssl_tsp.c:22:
/home/v4m3rr/.builds/wolfssl/wolfssl/wolfcrypt/settings.h:3236:6: warning: #warning "Contact wolfSSL support for a fast implementation that is " "constant time" [-Wcpp]
 3236 |     #warning "Contact wolfSSL support for a fast implementation that is " \
      |      ^~~~~~~
/home/v4m3rr/.builds/wolfssl/src/ssl_tsp.c:28:10: warning: #warning ssl_tsp.c does not need to be compiled separately from ssl.c [-Wcpp]
   28 |         #warning ssl_tsp.c does not need to be compiled separately from ssl.c
      |          ^~~~~~~
[929/1154] Building C object esp-idf/wolfssl/CMakeFiles/__idf_wolfssl.dir/home/v4m3rr/.builds/wolfssl/wolfcrypt/src/ascon.c.obj
In file included from /home/v4m3rr/.builds/wolfssl/wolfssl/wolfcrypt/types.h:34,
                 from /home/v4m3rr/.builds/wolfssl/wolfssl/wolfcrypt/libwolfssl_sources.h:46,
                 from /home/v4m3rr/.builds/wolfssl/wolfcrypt/src/ascon.c:22:
/home/v4m3rr/.builds/wolfssl/wolfssl/wolfcrypt/settings.h:3236:6: warning: #warning "Contact wolfSSL support for a fast implementation that is " "constant time" [-Wcpp]
 3236 |     #warning "Contact wolfSSL support for a fast implementation that is " \
      |      ^~~~~~~
[930/1154] Building C object esp-idf/wolfssl/CMakeFiles/__idf_wolfssl.dir/home/v4m3rr/.builds/wolfssl/wolfcrypt/src/asm.c.obj
In file included from /home/v4m3rr/.builds/wolfssl/wolfssl/wolfcrypt/types.h:34,
                 from /home/v4m3rr/.builds/wolfssl/wolfssl/wolfcrypt/libwolfssl_sources.h:46,
                 from /home/v4m3rr/.builds/wolfssl/wolfcrypt/src/asm.c:22:
/home/v4m3rr/.builds/wolfssl/wolfssl/wolfcrypt/settings.h:3236:6: warning: #warning "Contact wolfSSL support for a fast implementation that is " "constant time" [-Wcpp]
 3236 |     #warning "Contact wolfSSL support for a fast implementation that is " \
      |      ^~~~~~~
[931/1154] Building C object esp-idf/wolfssl/CMakeFiles/__idf_wolfssl.dir/home/v4m3rr/.builds/wolfssl/wolfcrypt/src/asn_orig.c.obj
In file included from /home/v4m3rr/.builds/wolfssl/wolfcrypt/src/asn_orig.c:31:
/home/v4m3rr/.builds/wolfssl/wolfssl/wolfcrypt/settings.h:3236:6: warning: #warning "Contact wolfSSL support for a fast implementation that is " "constant time" [-Wcpp]
 3236 |     #warning "Contact wolfSSL support for a fast implementation that is " \
      |      ^~~~~~~
/home/v4m3rr/.builds/wolfssl/wolfcrypt/src/asn_orig.c:35:10: warning: #warning asn_orig.c does not need to be compiled separately from asn.c [-Wcpp]
   35 |         #warning asn_orig.c does not need to be compiled separately from asn.c
      |          ^~~~~~~
[932/1154] Building C object esp-idf/wolfssl/CMakeFiles/__idf_wolfssl.dir/home/v4m3rr/.builds/wolfssl/wolfcrypt/src/asn_tsp.c.obj
In file included from /home/v4m3rr/.builds/wolfssl/wolfssl/wolfcrypt/types.h:34,
                 from /home/v4m3rr/.builds/wolfssl/wolfssl/wolfcrypt/libwolfssl_sources.h:46,
                 from /home/v4m3rr/.builds/wolfssl/wolfcrypt/src/asn_tsp.c:32:
/home/v4m3rr/.builds/wolfssl/wolfssl/wolfcrypt/settings.h:3236:6: warning: #warning "Contact wolfSSL support for a fast implementation that is " "constant time" [-Wcpp]
 3236 |     #warning "Contact wolfSSL support for a fast implementation that is " \
      |      ^~~~~~~
/home/v4m3rr/.builds/wolfssl/wolfcrypt/src/asn_tsp.c:36:10: warning: #warning asn_tsp.c does not need to be compiled separately from asn.c [-Wcpp]
   36 |         #warning asn_tsp.c does not need to be compiled separately from asn.c
      |          ^~~~~~~
[933/1154] Building C object esp-idf/wolfssl/CMakeFiles/__idf_wolfssl.dir/home/v4m3rr/.builds/wolfssl/wolfcrypt/src/async.c.obj
In file included from /home/v4m3rr/.builds/wolfssl/wolfssl/wolfcrypt/types.h:34,
                 from /home/v4m3rr/.builds/wolfssl/wolfssl/wolfcrypt/libwolfssl_sources.h:46,
                 from /home/v4m3rr/.builds/wolfssl/wolfcrypt/src/async.c:22:
/home/v4m3rr/.builds/wolfssl/wolfssl/wolfcrypt/settings.h:3236:6: warning: #warning "Contact wolfSSL support for a fast implementation that is " "constant time" [-Wcpp]
 3236 |     #warning "Contact wolfSSL support for a fast implementation that is " \
      |      ^~~~~~~
[934/1154] Building C object esp-idf/wolfssl/CMakeFiles/__idf_wolfssl.dir/home/v4m3rr/.builds/wolfssl/src/ssl.c.obj
In file included from /home/v4m3rr/.builds/wolfssl/wolfssl/wolfcrypt/types.h:34,
                 from /home/v4m3rr/.builds/wolfssl/wolfssl/wolfcrypt/libwolfssl_sources.h:46,
                 from /home/v4m3rr/.builds/wolfssl/src/ssl.c:22:
/home/v4m3rr/.builds/wolfssl/wolfssl/wolfcrypt/settings.h:3236:6: warning: #warning "Contact wolfSSL support for a fast implementation that is " "constant time" [-Wcpp]
 3236 |     #warning "Contact wolfSSL support for a fast implementation that is " \
      |      ^~~~~~~
[935/1154] Building C object esp-idf/wolfssl/CMakeFiles/__idf_wolfssl.dir/home/v4m3rr/.builds/wolfssl/wolfcrypt/src/aes.c.obj
In file included from /home/v4m3rr/.builds/wolfssl/wolfssl/wolfcrypt/types.h:34,
                 from /home/v4m3rr/.builds/wolfssl/wolfssl/wolfcrypt/libwolfssl_sources.h:46,
                 from /home/v4m3rr/.builds/wolfssl/wolfcrypt/src/aes.c:119:
/home/v4m3rr/.builds/wolfssl/wolfssl/wolfcrypt/settings.h:3236:6: warning: #warning "Contact wolfSSL support for a fast implementation that is " "constant time" [-Wcpp]
 3236 |     #warning "Contact wolfSSL support for a fast implementation that is " \
      |      ^~~~~~~
[936/1154] Building C object esp-idf/wolfssl/CMakeFiles/__idf_wolfssl.dir/home/v4m3rr/.builds/wolfssl/wolfcrypt/src/blake2b.c.obj
In file included from /home/v4m3rr/.builds/wolfssl/wolfssl/wolfcrypt/types.h:34,
                 from /home/v4m3rr/.builds/wolfssl/wolfssl/wolfcrypt/libwolfssl_sources.h:46,
                 from /home/v4m3rr/.builds/wolfssl/wolfcrypt/src/blake2b.c:34:
/home/v4m3rr/.builds/wolfssl/wolfssl/wolfcrypt/settings.h:3236:6: warning: #warning "Contact wolfSSL support for a fast implementation that is " "constant time" [-Wcpp]
 3236 |     #warning "Contact wolfSSL support for a fast implementation that is " \
      |      ^~~~~~~
[937/1154] Building C object esp-idf/wolfssl/CMakeFiles/__idf_wolfssl.dir/home/v4m3rr/.builds/wolfssl/wolfcrypt/src/blake2s.c.obj
In file included from /home/v4m3rr/.builds/wolfssl/wolfssl/wolfcrypt/types.h:34,
                 from /home/v4m3rr/.builds/wolfssl/wolfssl/wolfcrypt/libwolfssl_sources.h:46,
                 from /home/v4m3rr/.builds/wolfssl/wolfcrypt/src/blake2s.c:34:
/home/v4m3rr/.builds/wolfssl/wolfssl/wolfcrypt/settings.h:3236:6: warning: #warning "Contact wolfSSL support for a fast implementation that is " "constant time" [-Wcpp]
 3236 |     #warning "Contact wolfSSL support for a fast implementation that is " \
      |      ^~~~~~~
[938/1154] Building C object esp-idf/wolfssl/CMakeFiles/__idf_wolfssl.dir/home/v4m3rr/.builds/wolfssl/wolfcrypt/src/camellia.c.obj
In file included from /home/v4m3rr/.builds/wolfssl/wolfssl/wolfcrypt/types.h:34,
                 from /home/v4m3rr/.builds/wolfssl/wolfssl/wolfcrypt/libwolfssl_sources.h:46,
                 from /home/v4m3rr/.builds/wolfssl/wolfcrypt/src/camellia.c:55:
/home/v4m3rr/.builds/wolfssl/wolfssl/wolfcrypt/settings.h:3236:6: warning: #warning "Contact wolfSSL support for a fast implementation that is " "constant time" [-Wcpp]
 3236 |     #warning "Contact wolfSSL support for a fast implementation that is " \
      |      ^~~~~~~
[939/1154] Building C object esp-idf/wolfssl/CMakeFiles/__idf_wolfssl.dir/home/v4m3rr/.builds/wolfssl/wolfcrypt/src/cmac.c.obj
In file included from /home/v4m3rr/.builds/wolfssl/wolfssl/wolfcrypt/types.h:34,
                 from /home/v4m3rr/.builds/wolfssl/wolfssl/wolfcrypt/libwolfssl_sources.h:46,
                 from /home/v4m3rr/.builds/wolfssl/wolfcrypt/src/cmac.c:24:
/home/v4m3rr/.builds/wolfssl/wolfssl/wolfcrypt/settings.h:3236:6: warning: #warning "Contact wolfSSL support for a fast implementation that is " "constant time" [-Wcpp]
 3236 |     #warning "Contact wolfSSL support for a fast implementation that is " \
      |      ^~~~~~~
[940/1154] Building C object esp-idf/wolfssl/CMakeFiles/__idf_wolfssl.dir/home/v4m3rr/.builds/wolfssl/wolfcrypt/src/chacha.c.obj
In file included from /home/v4m3rr/.builds/wolfssl/wolfssl/wolfcrypt/types.h:34,
                 from /home/v4m3rr/.builds/wolfssl/wolfssl/wolfcrypt/libwolfssl_sources.h:46,
                 from /home/v4m3rr/.builds/wolfssl/wolfcrypt/src/chacha.c:32:
/home/v4m3rr/.builds/wolfssl/wolfssl/wolfcrypt/settings.h:3236:6: warning: #warning "Contact wolfSSL support for a fast implementation that is " "constant time" [-Wcpp]
 3236 |     #warning "Contact wolfSSL support for a fast implementation that is " \
      |      ^~~~~~~
[941/1154] Building C object esp-idf/wolfssl/CMakeFiles/__idf_wolfssl.dir/home/v4m3rr/.builds/wolfssl/wolfcrypt/src/chacha20_poly1305.c.obj
In file included from /home/v4m3rr/.builds/wolfssl/wolfssl/wolfcrypt/types.h:34,
                 from /home/v4m3rr/.builds/wolfssl/wolfssl/wolfcrypt/libwolfssl_sources.h:46,
                 from /home/v4m3rr/.builds/wolfssl/wolfcrypt/src/chacha20_poly1305.c:30:
/home/v4m3rr/.builds/wolfssl/wolfssl/wolfcrypt/settings.h:3236:6: warning: #warning "Contact wolfSSL support for a fast implementation that is " "constant time" [-Wcpp]
 3236 |     #warning "Contact wolfSSL support for a fast implementation that is " \
      |      ^~~~~~~
[942/1154] Building C object esp-idf/wolfssl/CMakeFiles/__idf_wolfssl.dir/home/v4m3rr/.builds/wolfssl/wolfcrypt/src/coding.c.obj
In file included from /home/v4m3rr/.builds/wolfssl/wolfssl/wolfcrypt/types.h:34,
                 from /home/v4m3rr/.builds/wolfssl/wolfssl/wolfcrypt/libwolfssl_sources.h:46,
                 from /home/v4m3rr/.builds/wolfssl/wolfcrypt/src/coding.c:22:
/home/v4m3rr/.builds/wolfssl/wolfssl/wolfcrypt/settings.h:3236:6: warning: #warning "Contact wolfSSL support for a fast implementation that is " "constant time" [-Wcpp]
 3236 |     #warning "Contact wolfSSL support for a fast implementation that is " \
      |      ^~~~~~~
[943/1154] Building C object esp-idf/wolfssl/CMakeFiles/__idf_wolfssl.dir/home/v4m3rr/.builds/wolfssl/wolfcrypt/src/cpuid.c.obj
In file included from /home/v4m3rr/.builds/wolfssl/wolfssl/wolfcrypt/types.h:34,
                 from /home/v4m3rr/.builds/wolfssl/wolfssl/wolfcrypt/libwolfssl_sources.h:46,
                 from /home/v4m3rr/.builds/wolfssl/wolfcrypt/src/cpuid.c:22:
/home/v4m3rr/.builds/wolfssl/wolfssl/wolfcrypt/settings.h:3236:6: warning: #warning "Contact wolfSSL support for a fast implementation that is " "constant time" [-Wcpp]
 3236 |     #warning "Contact wolfSSL support for a fast implementation that is " \
      |      ^~~~~~~
[944/1154] Building C object esp-idf/wolfssl/CMakeFiles/__idf_wolfssl.dir/home/v4m3rr/.builds/wolfssl/wolfcrypt/src/cryptocb.c.obj
In file included from /home/v4m3rr/.builds/wolfssl/wolfssl/wolfcrypt/types.h:34,
                 from /home/v4m3rr/.builds/wolfssl/wolfssl/wolfcrypt/libwolfssl_sources.h:46,
                 from /home/v4m3rr/.builds/wolfssl/wolfcrypt/src/cryptocb.c:71:
/home/v4m3rr/.builds/wolfssl/wolfssl/wolfcrypt/settings.h:3236:6: warning: #warning "Contact wolfSSL support for a fast implementation that is " "constant time" [-Wcpp]
 3236 |     #warning "Contact wolfSSL support for a fast implementation that is " \
      |      ^~~~~~~
[945/1154] Building C object esp-idf/wolfssl/CMakeFiles/__idf_wolfssl.dir/home/v4m3rr/.builds/wolfssl/wolfcrypt/src/compress.c.obj
In file included from /home/v4m3rr/.builds/wolfssl/wolfssl/wolfcrypt/types.h:34,
                 from /home/v4m3rr/.builds/wolfssl/wolfssl/wolfcrypt/libwolfssl_sources.h:46,
                 from /home/v4m3rr/.builds/wolfssl/wolfcrypt/src/compress.c:22:
/home/v4m3rr/.builds/wolfssl/wolfssl/wolfcrypt/settings.h:3236:6: warning: #warning "Contact wolfSSL support for a fast implementation that is " "constant time" [-Wcpp]
 3236 |     #warning "Contact wolfSSL support for a fast implementation that is " \
      |      ^~~~~~~
[946/1154] Building C object esp-idf/wolfssl/CMakeFiles/__idf_wolfssl.dir/home/v4m3rr/.builds/wolfssl/wolfcrypt/src/curve448.c.obj
In file included from /home/v4m3rr/.builds/wolfssl/wolfssl/wolfcrypt/types.h:34,
                 from /home/v4m3rr/.builds/wolfssl/wolfssl/wolfcrypt/libwolfssl_sources.h:46,
                 from /home/v4m3rr/.builds/wolfssl/wolfcrypt/src/curve448.c:42:
/home/v4m3rr/.builds/wolfssl/wolfssl/wolfcrypt/settings.h:3236:6: warning: #warning "Contact wolfSSL support for a fast implementation that is " "constant time" [-Wcpp]
 3236 |     #warning "Contact wolfSSL support for a fast implementation that is " \
      |      ^~~~~~~
[947/1154] Building C object esp-idf/wolfssl/CMakeFiles/__idf_wolfssl.dir/home/v4m3rr/.builds/wolfssl/src/tls13.c.obj
In file included from /home/v4m3rr/.builds/wolfssl/wolfssl/wolfcrypt/types.h:34,
                 from /home/v4m3rr/.builds/wolfssl/wolfssl/wolfcrypt/libwolfssl_sources.h:46,
                 from /home/v4m3rr/.builds/wolfssl/src/tls13.c:22:
/home/v4m3rr/.builds/wolfssl/wolfssl/wolfcrypt/settings.h:3236:6: warning: #warning "Contact wolfSSL support for a fast implementation that is " "constant time" [-Wcpp]
 3236 |     #warning "Contact wolfSSL support for a fast implementation that is " \
      |      ^~~~~~~
[948/1154] Building C object esp-idf/wolfssl/CMakeFiles/__idf_wolfssl.dir/home/v4m3rr/.builds/wolfssl/wolfcrypt/src/curve25519.c.obj
In file included from /home/v4m3rr/.builds/wolfssl/wolfssl/wolfcrypt/types.h:34,
                 from /home/v4m3rr/.builds/wolfssl/wolfssl/wolfcrypt/libwolfssl_sources.h:46,
                 from /home/v4m3rr/.builds/wolfssl/wolfcrypt/src/curve25519.c:34:
/home/v4m3rr/.builds/wolfssl/wolfssl/wolfcrypt/settings.h:3236:6: warning: #warning "Contact wolfSSL support for a fast implementation that is " "constant time" [-Wcpp]
 3236 |     #warning "Contact wolfSSL support for a fast implementation that is " \
      |      ^~~~~~~
[949/1154] Building C object esp-idf/wolfssl/CMakeFiles/__idf_wolfssl.dir/home/v4m3rr/.builds/wolfssl/wolfcrypt/src/dh.c.obj
In file included from /home/v4m3rr/.builds/wolfssl/wolfssl/wolfcrypt/types.h:34,
                 from /home/v4m3rr/.builds/wolfssl/wolfssl/wolfcrypt/libwolfssl_sources.h:46,
                 from /home/v4m3rr/.builds/wolfssl/wolfcrypt/src/dh.c:24:
/home/v4m3rr/.builds/wolfssl/wolfssl/wolfcrypt/settings.h:3236:6: warning: #warning "Contact wolfSSL support for a fast implementation that is " "constant time" [-Wcpp]
 3236 |     #warning "Contact wolfSSL support for a fast implementation that is " \
      |      ^~~~~~~
[950/1154] Building C object esp-idf/wolfssl/CMakeFiles/__idf_wolfssl.dir/home/v4m3rr/.builds/wolfssl/wolfcrypt/src/ecc_fp.c.obj
[951/1154] Building C object esp-idf/wolfssl/CMakeFiles/__idf_wolfssl.dir/home/v4m3rr/.builds/wolfssl/src/tls.c.obj
In file included from /home/v4m3rr/.builds/wolfssl/wolfssl/wolfcrypt/types.h:34,
                 from /home/v4m3rr/.builds/wolfssl/wolfssl/wolfcrypt/libwolfssl_sources.h:46,
                 from /home/v4m3rr/.builds/wolfssl/src/tls.c:118:
/home/v4m3rr/.builds/wolfssl/wolfssl/wolfcrypt/settings.h:3236:6: warning: #warning "Contact wolfSSL support for a fast implementation that is " "constant time" [-Wcpp]
 3236 |     #warning "Contact wolfSSL support for a fast implementation that is " \
      |      ^~~~~~~
[952/1154] Building C object esp-idf/wolfssl/CMakeFiles/__idf_wolfssl.dir/home/v4m3rr/.builds/wolfssl/wolfcrypt/src/des3.c.obj
In file included from /home/v4m3rr/.builds/wolfssl/wolfssl/wolfcrypt/types.h:34,
                 from /home/v4m3rr/.builds/wolfssl/wolfssl/wolfcrypt/libwolfssl_sources.h:46,
                 from /home/v4m3rr/.builds/wolfssl/wolfcrypt/src/des3.c:33:
/home/v4m3rr/.builds/wolfssl/wolfssl/wolfcrypt/settings.h:3236:6: warning: #warning "Contact wolfSSL support for a fast implementation that is " "constant time" [-Wcpp]
 3236 |     #warning "Contact wolfSSL support for a fast implementation that is " \
      |      ^~~~~~~
[953/1154] Building C object esp-idf/wolfssl/CMakeFiles/__idf_wolfssl.dir/home/v4m3rr/.builds/wolfssl/wolfcrypt/src/dsa.c.obj
In file included from /home/v4m3rr/.builds/wolfssl/wolfssl/wolfcrypt/types.h:34,
                 from /home/v4m3rr/.builds/wolfssl/wolfssl/wolfcrypt/libwolfssl_sources.h:46,
                 from /home/v4m3rr/.builds/wolfssl/wolfcrypt/src/dsa.c:22:
/home/v4m3rr/.builds/wolfssl/wolfssl/wolfcrypt/settings.h:3236:6: warning: #warning "Contact wolfSSL support for a fast implementation that is " "constant time" [-Wcpp]
 3236 |     #warning "Contact wolfSSL support for a fast implementation that is " \
      |      ^~~~~~~
[954/1154] Building C object esp-idf/wolfssl/CMakeFiles/__idf_wolfssl.dir/home/v4m3rr/.builds/wolfssl/wolfcrypt/src/ed448.c.obj
In file included from /home/v4m3rr/.builds/wolfssl/wolfssl/wolfcrypt/types.h:34,
                 from /home/v4m3rr/.builds/wolfssl/wolfssl/wolfcrypt/libwolfssl_sources.h:46,
                 from /home/v4m3rr/.builds/wolfssl/wolfcrypt/src/ed448.c:35:
/home/v4m3rr/.builds/wolfssl/wolfssl/wolfcrypt/settings.h:3236:6: warning: #warning "Contact wolfSSL support for a fast implementation that is " "constant time" [-Wcpp]
 3236 |     #warning "Contact wolfSSL support for a fast implementation that is " \
      |      ^~~~~~~
[955/1154] Building C object esp-idf/wolfssl/CMakeFiles/__idf_wolfssl.dir/home/v4m3rr/.builds/wolfssl/wolfcrypt/src/eccsi.c.obj
In file included from /home/v4m3rr/.builds/wolfssl/wolfssl/wolfcrypt/types.h:34,
                 from /home/v4m3rr/.builds/wolfssl/wolfssl/wolfcrypt/libwolfssl_sources.h:46,
                 from /home/v4m3rr/.builds/wolfssl/wolfcrypt/src/eccsi.c:22:
/home/v4m3rr/.builds/wolfssl/wolfssl/wolfcrypt/settings.h:3236:6: warning: #warning "Contact wolfSSL support for a fast implementation that is " "constant time" [-Wcpp]
 3236 |     #warning "Contact wolfSSL support for a fast implementation that is " \
      |      ^~~~~~~
[956/1154] Building C object esp-idf/wolfssl/CMakeFiles/__idf_wolfssl.dir/home/v4m3rr/.builds/wolfssl/wolfcrypt/src/evp_pk.c.obj
In file included from /home/v4m3rr/.builds/wolfssl/wolfssl/wolfcrypt/types.h:34,
                 from /home/v4m3rr/.builds/wolfssl/wolfssl/wolfcrypt/libwolfssl_sources.h:46,
                 from /home/v4m3rr/.builds/wolfssl/wolfcrypt/src/evp_pk.c:22:
/home/v4m3rr/.builds/wolfssl/wolfssl/wolfcrypt/settings.h:3236:6: warning: #warning "Contact wolfSSL support for a fast implementation that is " "constant time" [-Wcpp]
 3236 |     #warning "Contact wolfSSL support for a fast implementation that is " \
      |      ^~~~~~~
/home/v4m3rr/.builds/wolfssl/wolfcrypt/src/evp_pk.c:26:10: warning: #warning evp_pk.c does not need to be compiled separately from ssl.c [-Wcpp]
   26 |         #warning evp_pk.c does not need to be compiled separately from ssl.c
      |          ^~~~~~~
[957/1154] Building C object esp-idf/wolfssl/CMakeFiles/__idf_wolfssl.dir/home/v4m3rr/.builds/wolfssl/wolfcrypt/src/falcon.c.obj
In file included from /home/v4m3rr/.builds/wolfssl/wolfssl/wolfcrypt/types.h:34,
                 from /home/v4m3rr/.builds/wolfssl/wolfssl/wolfcrypt/libwolfssl_sources.h:46,
                 from /home/v4m3rr/.builds/wolfssl/wolfcrypt/src/falcon.c:22:
/home/v4m3rr/.builds/wolfssl/wolfssl/wolfcrypt/settings.h:3236:6: warning: #warning "Contact wolfSSL support for a fast implementation that is " "constant time" [-Wcpp]
 3236 |     #warning "Contact wolfSSL support for a fast implementation that is " \
      |      ^~~~~~~
[958/1154] Building C object esp-idf/wolfssl/CMakeFiles/__idf_wolfssl.dir/home/v4m3rr/.builds/wolfssl/wolfcrypt/src/fe_448.c.obj
In file included from /home/v4m3rr/.builds/wolfssl/wolfssl/wolfcrypt/types.h:34,
                 from /home/v4m3rr/.builds/wolfssl/wolfssl/wolfcrypt/libwolfssl_sources.h:46,
                 from /home/v4m3rr/.builds/wolfssl/wolfcrypt/src/fe_448.c:27:
/home/v4m3rr/.builds/wolfssl/wolfssl/wolfcrypt/settings.h:3236:6: warning: #warning "Contact wolfSSL support for a fast implementation that is " "constant time" [-Wcpp]
 3236 |     #warning "Contact wolfSSL support for a fast implementation that is " \
      |      ^~~~~~~
[959/1154] Building C object esp-idf/wolfssl/CMakeFiles/__idf_wolfssl.dir/home/v4m3rr/.builds/wolfssl/wolfcrypt/src/ed25519.c.obj
In file included from /home/v4m3rr/.builds/wolfssl/wolfssl/wolfcrypt/types.h:34,
                 from /home/v4m3rr/.builds/wolfssl/wolfssl/wolfcrypt/libwolfssl_sources.h:46,
                 from /home/v4m3rr/.builds/wolfssl/wolfcrypt/src/ed25519.c:33:
/home/v4m3rr/.builds/wolfssl/wolfssl/wolfcrypt/settings.h:3236:6: warning: #warning "Contact wolfSSL support for a fast implementation that is " "constant time" [-Wcpp]
 3236 |     #warning "Contact wolfSSL support for a fast implementation that is " \
      |      ^~~~~~~
[960/1154] Building C object esp-idf/wolfssl/CMakeFiles/__idf_wolfssl.dir/home/v4m3rr/.builds/wolfssl/wolfcrypt/src/error.c.obj
In file included from /home/v4m3rr/.builds/wolfssl/wolfssl/wolfcrypt/types.h:34,
                 from /home/v4m3rr/.builds/wolfssl/wolfssl/wolfcrypt/libwolfssl_sources.h:46,
                 from /home/v4m3rr/.builds/wolfssl/wolfcrypt/src/error.c:22:
/home/v4m3rr/.builds/wolfssl/wolfssl/wolfcrypt/settings.h:3236:6: warning: #warning "Contact wolfSSL support for a fast implementation that is " "constant time" [-Wcpp]
 3236 |     #warning "Contact wolfSSL support for a fast implementation that is " \
      |      ^~~~~~~
[961/1154] Building C object esp-idf/wolfssl/CMakeFiles/__idf_wolfssl.dir/home/v4m3rr/.builds/wolfssl/wolfcrypt/src/ge_448.c.obj
In file included from /home/v4m3rr/.builds/wolfssl/wolfssl/wolfcrypt/types.h:34,
                 from /home/v4m3rr/.builds/wolfssl/wolfssl/wolfcrypt/libwolfssl_sources.h:46,
                 from /home/v4m3rr/.builds/wolfssl/wolfcrypt/src/ge_448.c:32:
/home/v4m3rr/.builds/wolfssl/wolfssl/wolfcrypt/settings.h:3236:6: warning: #warning "Contact wolfSSL support for a fast implementation that is " "constant time" [-Wcpp]
 3236 |     #warning "Contact wolfSSL support for a fast implementation that is " \
      |      ^~~~~~~
[962/1154] Building C object esp-idf/wolfssl/CMakeFiles/__idf_wolfssl.dir/home/v4m3rr/.builds/wolfssl/wolfcrypt/src/fe_operations.c.obj
In file included from /home/v4m3rr/.builds/wolfssl/wolfssl/wolfcrypt/types.h:34,
                 from /home/v4m3rr/.builds/wolfssl/wolfssl/wolfcrypt/libwolfssl_sources.h:46,
                 from /home/v4m3rr/.builds/wolfssl/wolfcrypt/src/fe_operations.c:22:
/home/v4m3rr/.builds/wolfssl/wolfssl/wolfcrypt/settings.h:3236:6: warning: #warning "Contact wolfSSL support for a fast implementation that is " "constant time" [-Wcpp]
 3236 |     #warning "Contact wolfSSL support for a fast implementation that is " \
      |      ^~~~~~~
[963/1154] Building C object esp-idf/wolfssl/CMakeFiles/__idf_wolfssl.dir/home/v4m3rr/.builds/wolfssl/wolfcrypt/src/ge_operations.c.obj
In file included from /home/v4m3rr/.builds/wolfssl/wolfssl/wolfcrypt/types.h:34,
                 from /home/v4m3rr/.builds/wolfssl/wolfssl/wolfcrypt/libwolfssl_sources.h:46,
                 from /home/v4m3rr/.builds/wolfssl/wolfcrypt/src/ge_operations.c:25:
/home/v4m3rr/.builds/wolfssl/wolfssl/wolfcrypt/settings.h:3236:6: warning: #warning "Contact wolfSSL support for a fast implementation that is " "constant time" [-Wcpp]
 3236 |     #warning "Contact wolfSSL support for a fast implementation that is " \
      |      ^~~~~~~
[964/1154] Building C object esp-idf/wolfssl/CMakeFiles/__idf_wolfssl.dir/home/v4m3rr/.builds/wolfssl/wolfcrypt/src/ge_low_mem.c.obj
In file included from /home/v4m3rr/.builds/wolfssl/wolfssl/wolfcrypt/types.h:34,
                 from /home/v4m3rr/.builds/wolfssl/wolfssl/wolfcrypt/libwolfssl_sources.h:46,
                 from /home/v4m3rr/.builds/wolfssl/wolfcrypt/src/ge_low_mem.c:22:
/home/v4m3rr/.builds/wolfssl/wolfssl/wolfcrypt/settings.h:3236:6: warning: #warning "Contact wolfSSL support for a fast implementation that is " "constant time" [-Wcpp]
 3236 |     #warning "Contact wolfSSL support for a fast implementation that is " \
      |      ^~~~~~~
[965/1154] Building C object esp-idf/wolfssl/CMakeFiles/__idf_wolfssl.dir/home/v4m3rr/.builds/wolfssl/wolfcrypt/src/fe_low_mem.c.obj
In file included from /home/v4m3rr/.builds/wolfssl/wolfssl/wolfcrypt/types.h:34,
                 from /home/v4m3rr/.builds/wolfssl/wolfssl/wolfcrypt/libwolfssl_sources.h:46,
                 from /home/v4m3rr/.builds/wolfssl/wolfcrypt/src/fe_low_mem.c:22:
/home/v4m3rr/.builds/wolfssl/wolfssl/wolfcrypt/settings.h:3236:6: warning: #warning "Contact wolfSSL support for a fast implementation that is " "constant time" [-Wcpp]
 3236 |     #warning "Contact wolfSSL support for a fast implementation that is " \
      |      ^~~~~~~
[966/1154] Building C object esp-idf/wolfssl/CMakeFiles/__idf_wolfssl.dir/home/v4m3rr/.builds/wolfssl/wolfcrypt/src/hash.c.obj
In file included from /home/v4m3rr/.builds/wolfssl/wolfssl/wolfcrypt/types.h:34,
                 from /home/v4m3rr/.builds/wolfssl/wolfssl/wolfcrypt/libwolfssl_sources.h:46,
                 from /home/v4m3rr/.builds/wolfssl/wolfcrypt/src/hash.c:22:
/home/v4m3rr/.builds/wolfssl/wolfssl/wolfcrypt/settings.h:3236:6: warning: #warning "Contact wolfSSL support for a fast implementation that is " "constant time" [-Wcpp]
 3236 |     #warning "Contact wolfSSL support for a fast implementation that is " \
      |      ^~~~~~~
[967/1154] Building C object esp-idf/wolfssl/CMakeFiles/__idf_wolfssl.dir/home/v4m3rr/.builds/wolfssl/wolfcrypt/src/integer.c.obj
In file included from /home/v4m3rr/.builds/wolfssl/wolfssl/wolfcrypt/types.h:34,
                 from /home/v4m3rr/.builds/wolfssl/wolfssl/wolfcrypt/libwolfssl_sources.h:46,
                 from /home/v4m3rr/.builds/wolfssl/wolfcrypt/src/integer.c:22:
/home/v4m3rr/.builds/wolfssl/wolfssl/wolfcrypt/settings.h:3236:6: warning: #warning "Contact wolfSSL support for a fast implementation that is " "constant time" [-Wcpp]
 3236 |     #warning "Contact wolfSSL support for a fast implementation that is " \
      |      ^~~~~~~
[968/1154] Building C object esp-idf/wolfssl/CMakeFiles/__idf_wolfssl.dir/home/v4m3rr/.builds/wolfssl/wolfcrypt/src/hpke.c.obj
In file included from /home/v4m3rr/.builds/wolfssl/wolfssl/wolfcrypt/types.h:34,
                 from /home/v4m3rr/.builds/wolfssl/wolfssl/wolfcrypt/libwolfssl_sources.h:46,
                 from /home/v4m3rr/.builds/wolfssl/wolfcrypt/src/hpke.c:26:
/home/v4m3rr/.builds/wolfssl/wolfssl/wolfcrypt/settings.h:3236:6: warning: #warning "Contact wolfSSL support for a fast implementation that is " "constant time" [-Wcpp]
 3236 |     #warning "Contact wolfSSL support for a fast implementation that is " \
      |      ^~~~~~~
[969/1154] Building C object esp-idf/wolfssl/CMakeFiles/__idf_wolfssl.dir/home/v4m3rr/.builds/wolfssl/wolfcrypt/src/md2.c.obj
In file included from /home/v4m3rr/.builds/wolfssl/wolfssl/wolfcrypt/types.h:34,
                 from /home/v4m3rr/.builds/wolfssl/wolfssl/wolfcrypt/libwolfssl_sources.h:46,
                 from /home/v4m3rr/.builds/wolfssl/wolfcrypt/src/md2.c:22:
/home/v4m3rr/.builds/wolfssl/wolfssl/wolfcrypt/settings.h:3236:6: warning: #warning "Contact wolfSSL support for a fast implementation that is " "constant time" [-Wcpp]
 3236 |     #warning "Contact wolfSSL support for a fast implementation that is " \
      |      ^~~~~~~
[970/1154] Building C object esp-idf/wolfssl/CMakeFiles/__idf_wolfssl.dir/home/v4m3rr/.builds/wolfssl/wolfcrypt/src/logging.c.obj
In file included from /home/v4m3rr/.builds/wolfssl/wolfssl/wolfcrypt/types.h:34,
                 from /home/v4m3rr/.builds/wolfssl/wolfssl/wolfcrypt/libwolfssl_sources.h:46,
                 from /home/v4m3rr/.builds/wolfssl/wolfcrypt/src/logging.c:22:
/home/v4m3rr/.builds/wolfssl/wolfssl/wolfcrypt/settings.h:3236:6: warning: #warning "Contact wolfSSL support for a fast implementation that is " "constant time" [-Wcpp]
 3236 |     #warning "Contact wolfSSL support for a fast implementation that is " \
      |      ^~~~~~~
[971/1154] Building C object esp-idf/wolfssl/CMakeFiles/__idf_wolfssl.dir/home/v4m3rr/.builds/wolfssl/wolfcrypt/src/kdf.c.obj
In file included from /home/v4m3rr/.builds/wolfssl/wolfssl/wolfcrypt/types.h:34,
                 from /home/v4m3rr/.builds/wolfssl/wolfssl/wolfcrypt/libwolfssl_sources.h:46,
                 from /home/v4m3rr/.builds/wolfssl/wolfcrypt/src/kdf.c:24:
/home/v4m3rr/.builds/wolfssl/wolfssl/wolfcrypt/settings.h:3236:6: warning: #warning "Contact wolfSSL support for a fast implementation that is " "constant time" [-Wcpp]
 3236 |     #warning "Contact wolfSSL support for a fast implementation that is " \
      |      ^~~~~~~
[972/1154] Building C object esp-idf/wolfssl/CMakeFiles/__idf_wolfssl.dir/home/v4m3rr/.builds/wolfssl/wolfcrypt/src/ecc.c.obj
In file included from /home/v4m3rr/.builds/wolfssl/wolfssl/wolfcrypt/types.h:34,
                 from /home/v4m3rr/.builds/wolfssl/wolfssl/wolfcrypt/libwolfssl_sources.h:46,
                 from /home/v4m3rr/.builds/wolfssl/wolfcrypt/src/ecc.c:24:
/home/v4m3rr/.builds/wolfssl/wolfssl/wolfcrypt/settings.h:3236:6: warning: #warning "Contact wolfSSL support for a fast implementation that is " "constant time" [-Wcpp]
 3236 |     #warning "Contact wolfSSL support for a fast implementation that is " \
      |      ^~~~~~~
[973/1154] Building C object esp-idf/wolfssl/CMakeFiles/__idf_wolfssl.dir/home/v4m3rr/.builds/wolfssl/wolfcrypt/src/md4.c.obj
In file included from /home/v4m3rr/.builds/wolfssl/wolfssl/wolfcrypt/types.h:34,
                 from /home/v4m3rr/.builds/wolfssl/wolfssl/wolfcrypt/libwolfssl_sources.h:46,
                 from /home/v4m3rr/.builds/wolfssl/wolfcrypt/src/md4.c:22:
/home/v4m3rr/.builds/wolfssl/wolfssl/wolfcrypt/settings.h:3236:6: warning: #warning "Contact wolfSSL support for a fast implementation that is " "constant time" [-Wcpp]
 3236 |     #warning "Contact wolfSSL support for a fast implementation that is " \
      |      ^~~~~~~
[974/1154] Building C object esp-idf/wolfssl/CMakeFiles/__idf_wolfssl.dir/home/v4m3rr/.builds/wolfssl/wolfcrypt/src/hmac.c.obj
In file included from /home/v4m3rr/.builds/wolfssl/wolfssl/wolfcrypt/types.h:34,
                 from /home/v4m3rr/.builds/wolfssl/wolfssl/wolfcrypt/libwolfssl_sources.h:46,
                 from /home/v4m3rr/.builds/wolfssl/wolfcrypt/src/hmac.c:40:
/home/v4m3rr/.builds/wolfssl/wolfssl/wolfcrypt/settings.h:3236:6: warning: #warning "Contact wolfSSL support for a fast implementation that is " "constant time" [-Wcpp]
 3236 |     #warning "Contact wolfSSL support for a fast implementation that is " \
      |      ^~~~~~~
[975/1154] Building C object esp-idf/wolfssl/CMakeFiles/__idf_wolfssl.dir/home/v4m3rr/.builds/wolfssl/wolfcrypt/src/memory.c.obj
In file included from /home/v4m3rr/.builds/wolfssl/wolfssl/wolfcrypt/types.h:34,
                 from /home/v4m3rr/.builds/wolfssl/wolfssl/wolfcrypt/libwolfssl_sources.h:46,
                 from /home/v4m3rr/.builds/wolfssl/wolfcrypt/src/memory.c:29:
/home/v4m3rr/.builds/wolfssl/wolfssl/wolfcrypt/settings.h:3236:6: warning: #warning "Contact wolfSSL support for a fast implementation that is " "constant time" [-Wcpp]
 3236 |     #warning "Contact wolfSSL support for a fast implementation that is " \
      |      ^~~~~~~
[976/1154] Building C object esp-idf/wolfssl/CMakeFiles/__idf_wolfssl.dir/home/v4m3rr/.builds/wolfssl/wolfcrypt/src/pkcs7.c.obj
In file included from /home/v4m3rr/.builds/wolfssl/wolfssl/wolfcrypt/types.h:34,
                 from /home/v4m3rr/.builds/wolfssl/wolfssl/wolfcrypt/libwolfssl_sources.h:46,
                 from /home/v4m3rr/.builds/wolfssl/wolfcrypt/src/pkcs7.c:41:
/home/v4m3rr/.builds/wolfssl/wolfssl/wolfcrypt/settings.h:3236:6: warning: #warning "Contact wolfSSL support for a fast implementation that is " "constant time" [-Wcpp]
 3236 |     #warning "Contact wolfSSL support for a fast implementation that is " \
      |      ^~~~~~~
[977/1154] Building C object esp-idf/wolfssl/CMakeFiles/__idf_wolfssl.dir/home/v4m3rr/.builds/wolfssl/wolfcrypt/src/md5.c.obj
In file included from /home/v4m3rr/.builds/wolfssl/wolfssl/wolfcrypt/types.h:34,
                 from /home/v4m3rr/.builds/wolfssl/wolfssl/wolfcrypt/libwolfssl_sources.h:46,
                 from /home/v4m3rr/.builds/wolfssl/wolfcrypt/src/md5.c:33:
/home/v4m3rr/.builds/wolfssl/wolfssl/wolfcrypt/settings.h:3236:6: warning: #warning "Contact wolfSSL support for a fast implementation that is " "constant time" [-Wcpp]
 3236 |     #warning "Contact wolfSSL support for a fast implementation that is " \
      |      ^~~~~~~
[978/1154] Building C object esp-idf/wolfssl/CMakeFiles/__idf_wolfssl.dir/home/v4m3rr/.builds/wolfssl/wolfcrypt/src/puf.c.obj
In file included from /home/v4m3rr/.builds/wolfssl/wolfssl/wolfcrypt/types.h:34,
                 from /home/v4m3rr/.builds/wolfssl/wolfssl/wolfcrypt/libwolfssl_sources.h:46,
                 from /home/v4m3rr/.builds/wolfssl/wolfcrypt/src/puf.c:23:
/home/v4m3rr/.builds/wolfssl/wolfssl/wolfcrypt/settings.h:3236:6: warning: #warning "Contact wolfSSL support for a fast implementation that is " "constant time" [-Wcpp]
 3236 |     #warning "Contact wolfSSL support for a fast implementation that is " \
      |      ^~~~~~~
[979/1154] Building C object esp-idf/wolfssl/CMakeFiles/__idf_wolfssl.dir/home/v4m3rr/.builds/wolfssl/wolfcrypt/src/poly1305.c.obj
In file included from /home/v4m3rr/.builds/wolfssl/wolfssl/wolfcrypt/types.h:34,
                 from /home/v4m3rr/.builds/wolfssl/wolfssl/wolfcrypt/libwolfssl_sources.h:46,
                 from /home/v4m3rr/.builds/wolfssl/wolfcrypt/src/poly1305.c:39:
/home/v4m3rr/.builds/wolfssl/wolfssl/wolfcrypt/settings.h:3236:6: warning: #warning "Contact wolfSSL support for a fast implementation that is " "constant time" [-Wcpp]
 3236 |     #warning "Contact wolfSSL support for a fast implementation that is " \
      |      ^~~~~~~
[980/1154] Building C object esp-idf/wolfssl/CMakeFiles/__idf_wolfssl.dir/home/v4m3rr/.builds/wolfssl/wolfcrypt/src/pwdbased.c.obj
In file included from /home/v4m3rr/.builds/wolfssl/wolfssl/wolfcrypt/types.h:34,
                 from /home/v4m3rr/.builds/wolfssl/wolfssl/wolfcrypt/libwolfssl_sources.h:46,
                 from /home/v4m3rr/.builds/wolfssl/wolfcrypt/src/pwdbased.c:24:
/home/v4m3rr/.builds/wolfssl/wolfssl/wolfcrypt/settings.h:3236:6: warning: #warning "Contact wolfSSL support for a fast implementation that is " "constant time" [-Wcpp]
 3236 |     #warning "Contact wolfSSL support for a fast implementation that is " \
      |      ^~~~~~~
[981/1154] Building C object esp-idf/wolfssl/CMakeFiles/__idf_wolfssl.dir/home/v4m3rr/.builds/wolfssl/wolfcrypt/src/ripemd.c.obj
In file included from /home/v4m3rr/.builds/wolfssl/wolfssl/wolfcrypt/types.h:34,
                 from /home/v4m3rr/.builds/wolfssl/wolfssl/wolfcrypt/libwolfssl_sources.h:46,
                 from /home/v4m3rr/.builds/wolfssl/wolfcrypt/src/ripemd.c:22:
/home/v4m3rr/.builds/wolfssl/wolfssl/wolfcrypt/settings.h:3236:6: warning: #warning "Contact wolfSSL support for a fast implementation that is " "constant time" [-Wcpp]
 3236 |     #warning "Contact wolfSSL support for a fast implementation that is " \
      |      ^~~~~~~
[982/1154] Building C object esp-idf/wolfssl/CMakeFiles/__idf_wolfssl.dir/home/v4m3rr/.builds/wolfssl/wolfcrypt/src/rc2.c.obj
In file included from /home/v4m3rr/.builds/wolfssl/wolfssl/wolfcrypt/types.h:34,
                 from /home/v4m3rr/.builds/wolfssl/wolfssl/wolfcrypt/libwolfssl_sources.h:46,
                 from /home/v4m3rr/.builds/wolfssl/wolfcrypt/src/rc2.c:22:
/home/v4m3rr/.builds/wolfssl/wolfssl/wolfcrypt/settings.h:3236:6: warning: #warning "Contact wolfSSL support for a fast implementation that is " "constant time" [-Wcpp]
 3236 |     #warning "Contact wolfSSL support for a fast implementation that is " \
      |      ^~~~~~~
[983/1154] Building C object esp-idf/wolfssl/CMakeFiles/__idf_wolfssl.dir/home/v4m3rr/.builds/wolfssl/wolfcrypt/src/rng_bank.c.obj
In file included from /home/v4m3rr/.builds/wolfssl/wolfssl/wolfcrypt/types.h:34,
                 from /home/v4m3rr/.builds/wolfssl/wolfssl/wolfcrypt/libwolfssl_sources.h:46,
                 from /home/v4m3rr/.builds/wolfssl/wolfcrypt/src/rng_bank.c:22:
/home/v4m3rr/.builds/wolfssl/wolfssl/wolfcrypt/settings.h:3236:6: warning: #warning "Contact wolfSSL support for a fast implementation that is " "constant time" [-Wcpp]
 3236 |     #warning "Contact wolfSSL support for a fast implementation that is " \
      |      ^~~~~~~
[984/1154] Building C object esp-idf/wolfssl/CMakeFiles/__idf_wolfssl.dir/home/v4m3rr/.builds/wolfssl/wolfcrypt/src/random.c.obj
In file included from /home/v4m3rr/.builds/wolfssl/wolfssl/wolfcrypt/types.h:34,
                 from /home/v4m3rr/.builds/wolfssl/wolfssl/wolfcrypt/libwolfssl_sources.h:46,
                 from /home/v4m3rr/.builds/wolfssl/wolfcrypt/src/random.c:113:
/home/v4m3rr/.builds/wolfssl/wolfssl/wolfcrypt/settings.h:3236:6: warning: #warning "Contact wolfSSL support for a fast implementation that is " "constant time" [-Wcpp]
 3236 |     #warning "Contact wolfSSL support for a fast implementation that is " \
      |      ^~~~~~~
[985/1154] Building C object esp-idf/wolfssl/CMakeFiles/__idf_wolfssl.dir/home/v4m3rr/.builds/wolfssl/wolfcrypt/src/sakke.c.obj
In file included from /home/v4m3rr/.builds/wolfssl/wolfssl/wolfcrypt/types.h:34,
                 from /home/v4m3rr/.builds/wolfssl/wolfssl/wolfcrypt/libwolfssl_sources.h:46,
                 from /home/v4m3rr/.builds/wolfssl/wolfcrypt/src/sakke.c:22:
/home/v4m3rr/.builds/wolfssl/wolfssl/wolfcrypt/settings.h:3236:6: warning: #warning "Contact wolfSSL support for a fast implementation that is " "constant time" [-Wcpp]
 3236 |     #warning "Contact wolfSSL support for a fast implementation that is " \
      |      ^~~~~~~
[986/1154] Building C object esp-idf/wolfssl/CMakeFiles/__idf_wolfssl.dir/home/v4m3rr/.builds/wolfssl/wolfcrypt/src/sha3.c.obj
In file included from /home/v4m3rr/.builds/wolfssl/wolfssl/wolfcrypt/types.h:34,
                 from /home/v4m3rr/.builds/wolfssl/wolfssl/wolfcrypt/libwolfssl_sources.h:46,
                 from /home/v4m3rr/.builds/wolfssl/wolfcrypt/src/sha3.c:43:
/home/v4m3rr/.builds/wolfssl/wolfssl/wolfcrypt/settings.h:3236:6: warning: #warning "Contact wolfSSL support for a fast implementation that is " "constant time" [-Wcpp]
 3236 |     #warning "Contact wolfSSL support for a fast implementation that is " \
      |      ^~~~~~~
[987/1154] Building C object esp-idf/wolfssl/CMakeFiles/__idf_wolfssl.dir/home/v4m3rr/.builds/wolfssl/wolfcrypt/src/asn.c.obj
In file included from /home/v4m3rr/.builds/wolfssl/wolfssl/wolfcrypt/types.h:34,
                 from /home/v4m3rr/.builds/wolfssl/wolfssl/wolfcrypt/libwolfssl_sources.h:46,
                 from /home/v4m3rr/.builds/wolfssl/wolfcrypt/src/asn.c:38:
/home/v4m3rr/.builds/wolfssl/wolfssl/wolfcrypt/settings.h:3236:6: warning: #warning "Contact wolfSSL support for a fast implementation that is " "constant time" [-Wcpp]
 3236 |     #warning "Contact wolfSSL support for a fast implementation that is " \
      |      ^~~~~~~
[988/1154] Building C object esp-idf/wolfssl/CMakeFiles/__idf_wolfssl.dir/home/v4m3rr/.builds/wolfssl/wolfcrypt/src/pkcs12.c.obj
In file included from /home/v4m3rr/.builds/wolfssl/wolfssl/wolfcrypt/types.h:34,
                 from /home/v4m3rr/.builds/wolfssl/wolfssl/wolfcrypt/libwolfssl_sources.h:46,
                 from /home/v4m3rr/.builds/wolfssl/wolfcrypt/src/pkcs12.c:24:
/home/v4m3rr/.builds/wolfssl/wolfssl/wolfcrypt/settings.h:3236:6: warning: #warning "Contact wolfSSL support for a fast implementation that is " "constant time" [-Wcpp]
 3236 |     #warning "Contact wolfSSL support for a fast implementation that is " \
      |      ^~~~~~~
[989/1154] Building C object esp-idf/wolfssl/CMakeFiles/__idf_wolfssl.dir/home/v4m3rr/.builds/wolfssl/wolfcrypt/src/sha256.c.obj
In file included from /home/v4m3rr/.builds/wolfssl/wolfssl/wolfcrypt/types.h:34,
                 from /home/v4m3rr/.builds/wolfssl/wolfssl/wolfcrypt/libwolfssl_sources.h:46,
                 from /home/v4m3rr/.builds/wolfssl/wolfcrypt/src/sha256.c:43:
/home/v4m3rr/.builds/wolfssl/wolfssl/wolfcrypt/settings.h:3236:6: warning: #warning "Contact wolfSSL support for a fast implementation that is " "constant time" [-Wcpp]
 3236 |     #warning "Contact wolfSSL support for a fast implementation that is " \
      |      ^~~~~~~
[990/1154] Building C object esp-idf/wolfssl/CMakeFiles/__idf_wolfssl.dir/home/v4m3rr/.builds/wolfssl/wolfcrypt/src/siphash.c.obj
In file included from /home/v4m3rr/.builds/wolfssl/wolfssl/wolfcrypt/types.h:34,
                 from /home/v4m3rr/.builds/wolfssl/wolfssl/wolfcrypt/libwolfssl_sources.h:46,
                 from /home/v4m3rr/.builds/wolfssl/wolfcrypt/src/siphash.c:22:
/home/v4m3rr/.builds/wolfssl/wolfssl/wolfcrypt/settings.h:3236:6: warning: #warning "Contact wolfSSL support for a fast implementation that is " "constant time" [-Wcpp]
 3236 |     #warning "Contact wolfSSL support for a fast implementation that is " \
      |      ^~~~~~~
[991/1154] Building C object esp-idf/wolfssl/CMakeFiles/__idf_wolfssl.dir/home/v4m3rr/.builds/wolfssl/wolfcrypt/src/sha.c.obj
In file included from /home/v4m3rr/.builds/wolfssl/wolfssl/wolfcrypt/types.h:34,
                 from /home/v4m3rr/.builds/wolfssl/wolfssl/wolfcrypt/libwolfssl_sources.h:46,
                 from /home/v4m3rr/.builds/wolfssl/wolfcrypt/src/sha.c:44:
/home/v4m3rr/.builds/wolfssl/wolfssl/wolfcrypt/settings.h:3236:6: warning: #warning "Contact wolfSSL support for a fast implementation that is " "constant time" [-Wcpp]
 3236 |     #warning "Contact wolfSSL support for a fast implementation that is " \
      |      ^~~~~~~
[992/1154] Building C object esp-idf/wolfssl/CMakeFiles/__idf_wolfssl.dir/home/v4m3rr/.builds/wolfssl/wolfcrypt/src/sm3.c.obj
In file included from /home/v4m3rr/.builds/wolfssl/wolfssl/wolfcrypt/types.h:34,
                 from /home/v4m3rr/.builds/wolfssl/wolfssl/wolfcrypt/libwolfssl_sources.h:46,
                 from /home/v4m3rr/.builds/wolfssl/wolfcrypt/src/sm3.c:22:
/home/v4m3rr/.builds/wolfssl/wolfssl/wolfcrypt/settings.h:3236:6: warning: #warning "Contact wolfSSL support for a fast implementation that is " "constant time" [-Wcpp]
 3236 |     #warning "Contact wolfSSL support for a fast implementation that is " \
      |      ^~~~~~~
[993/1154] Building C object esp-idf/wolfssl/CMakeFiles/__idf_wolfssl.dir/home/v4m3rr/.builds/wolfssl/wolfcrypt/src/sm2.c.obj
In file included from /home/v4m3rr/.builds/wolfssl/wolfssl/wolfcrypt/types.h:34,
                 from /home/v4m3rr/.builds/wolfssl/wolfssl/wolfcrypt/libwolfssl_sources.h:46,
                 from /home/v4m3rr/.builds/wolfssl/wolfcrypt/src/sm2.c:22:
/home/v4m3rr/.builds/wolfssl/wolfssl/wolfcrypt/settings.h:3236:6: warning: #warning "Contact wolfSSL support for a fast implementation that is " "constant time" [-Wcpp]
 3236 |     #warning "Contact wolfSSL support for a fast implementation that is " \
      |      ^~~~~~~
[994/1154] Building C object esp-idf/wolfssl/CMakeFiles/__idf_wolfssl.dir/home/v4m3rr/.builds/wolfssl/wolfcrypt/src/sm4.c.obj
In file included from /home/v4m3rr/.builds/wolfssl/wolfssl/wolfcrypt/types.h:34,
                 from /home/v4m3rr/.builds/wolfssl/wolfssl/wolfcrypt/libwolfssl_sources.h:46,
                 from /home/v4m3rr/.builds/wolfssl/wolfcrypt/src/sm4.c:22:
/home/v4m3rr/.builds/wolfssl/wolfssl/wolfcrypt/settings.h:3236:6: warning: #warning "Contact wolfSSL support for a fast implementation that is " "constant time" [-Wcpp]
 3236 |     #warning "Contact wolfSSL support for a fast implementation that is " \
      |      ^~~~~~~
[995/1154] Building C object esp-idf/wolfssl/CMakeFiles/__idf_wolfssl.dir/home/v4m3rr/.builds/wolfssl/wolfcrypt/src/rsa.c.obj
In file included from /home/v4m3rr/.builds/wolfssl/wolfssl/wolfcrypt/types.h:34,
                 from /home/v4m3rr/.builds/wolfssl/wolfssl/wolfcrypt/libwolfssl_sources.h:46,
                 from /home/v4m3rr/.builds/wolfssl/wolfcrypt/src/rsa.c:32:
/home/v4m3rr/.builds/wolfssl/wolfssl/wolfcrypt/settings.h:3236:6: warning: #warning "Contact wolfSSL support for a fast implementation that is " "constant time" [-Wcpp]
 3236 |     #warning "Contact wolfSSL support for a fast implementation that is " \
      |      ^~~~~~~
[996/1154] Building C object esp-idf/wolfssl/CMakeFiles/__idf_wolfssl.dir/home/v4m3rr/.builds/wolfssl/wolfcrypt/src/signature.c.obj
In file included from /home/v4m3rr/.builds/wolfssl/wolfssl/wolfcrypt/types.h:34,
                 from /home/v4m3rr/.builds/wolfssl/wolfssl/wolfcrypt/libwolfssl_sources.h:46,
                 from /home/v4m3rr/.builds/wolfssl/wolfcrypt/src/signature.c:22:
/home/v4m3rr/.builds/wolfssl/wolfssl/wolfcrypt/settings.h:3236:6: warning: #warning "Contact wolfSSL support for a fast implementation that is " "constant time" [-Wcpp]
 3236 |     #warning "Contact wolfSSL support for a fast implementation that is " \
      |      ^~~~~~~
[997/1154] Building C object esp-idf/wolfssl/CMakeFiles/__idf_wolfssl.dir/home/v4m3rr/.builds/wolfssl/wolfcrypt/src/sp_c64.c.obj
In file included from /home/v4m3rr/.builds/wolfssl/wolfssl/wolfcrypt/types.h:34,
                 from /home/v4m3rr/.builds/wolfssl/wolfssl/wolfcrypt/libwolfssl_sources.h:46,
                 from /home/v4m3rr/.builds/wolfssl/wolfcrypt/src/sp_c64.c:27:
/home/v4m3rr/.builds/wolfssl/wolfssl/wolfcrypt/settings.h:3236:6: warning: #warning "Contact wolfSSL support for a fast implementation that is " "constant time" [-Wcpp]
 3236 |     #warning "Contact wolfSSL support for a fast implementation that is " \
      |      ^~~~~~~
[998/1154] Building C object esp-idf/wolfssl/CMakeFiles/__idf_wolfssl.dir/home/v4m3rr/.builds/wolfssl/wolfcrypt/src/sp_arm32.c.obj
In file included from /home/v4m3rr/.builds/wolfssl/wolfssl/wolfcrypt/types.h:34,
                 from /home/v4m3rr/.builds/wolfssl/wolfssl/wolfcrypt/libwolfssl_sources.h:46,
                 from /home/v4m3rr/.builds/wolfssl/wolfcrypt/src/sp_arm32.c:27:
/home/v4m3rr/.builds/wolfssl/wolfssl/wolfcrypt/settings.h:3236:6: warning: #warning "Contact wolfSSL support for a fast implementation that is " "constant time" [-Wcpp]
 3236 |     #warning "Contact wolfSSL support for a fast implementation that is " \
      |      ^~~~~~~
[999/1154] Building C object esp-idf/wolfssl/CMakeFiles/__idf_wolfssl.dir/home/v4m3rr/.builds/wolfssl/src/internal.c.obj
In file included from /home/v4m3rr/.builds/wolfssl/wolfssl/wolfcrypt/types.h:34,
                 from /home/v4m3rr/.builds/wolfssl/wolfssl/wolfcrypt/libwolfssl_sources.h:46,
                 from /home/v4m3rr/.builds/wolfssl/src/internal.c:22:
/home/v4m3rr/.builds/wolfssl/wolfssl/wolfcrypt/settings.h:3236:6: warning: #warning "Contact wolfSSL support for a fast implementation that is " "constant time" [-Wcpp]
 3236 |     #warning "Contact wolfSSL support for a fast implementation that is " \
      |      ^~~~~~~
[1000/1154] Building C object esp-idf/wolfssl/CMakeFiles/__idf_wolfssl.dir/home/v4m3rr/.builds/wolfssl/wolfcrypt/src/sp_arm64.c.obj
In file included from /home/v4m3rr/.builds/wolfssl/wolfssl/wolfcrypt/types.h:34,
                 from /home/v4m3rr/.builds/wolfssl/wolfssl/wolfcrypt/libwolfssl_sources.h:46,
                 from /home/v4m3rr/.builds/wolfssl/wolfcrypt/src/sp_arm64.c:27:
/home/v4m3rr/.builds/wolfssl/wolfssl/wolfcrypt/settings.h:3236:6: warning: #warning "Contact wolfSSL support for a fast implementation that is " "constant time" [-Wcpp]
 3236 |     #warning "Contact wolfSSL support for a fast implementation that is " \
      |      ^~~~~~~
[1001/1154] Building C object esp-idf/wolfssl/CMakeFiles/__idf_wolfssl.dir/home/v4m3rr/.builds/wolfssl/wolfcrypt/src/sp_c32.c.obj
In file included from /home/v4m3rr/.builds/wolfssl/wolfssl/wolfcrypt/types.h:34,
                 from /home/v4m3rr/.builds/wolfssl/wolfssl/wolfcrypt/libwolfssl_sources.h:46,
                 from /home/v4m3rr/.builds/wolfssl/wolfcrypt/src/sp_c32.c:27:
/home/v4m3rr/.builds/wolfssl/wolfssl/wolfcrypt/settings.h:3236:6: warning: #warning "Contact wolfSSL support for a fast implementation that is " "constant time" [-Wcpp]
 3236 |     #warning "Contact wolfSSL support for a fast implementation that is " \
      |      ^~~~~~~
[1002/1154] Building C object esp-idf/wolfssl/CMakeFiles/__idf_wolfssl.dir/home/v4m3rr/.builds/wolfssl/wolfcrypt/src/sp_dsp32.c.obj
In file included from /home/v4m3rr/.builds/wolfssl/wolfssl/wolfcrypt/types.h:34,
                 from /home/v4m3rr/.builds/wolfssl/wolfssl/wolfcrypt/libwolfssl_sources.h:46,
                 from /home/v4m3rr/.builds/wolfssl/wolfcrypt/src/sp_dsp32.c:22:
/home/v4m3rr/.builds/wolfssl/wolfssl/wolfcrypt/settings.h:3236:6: warning: #warning "Contact wolfSSL support for a fast implementation that is " "constant time" [-Wcpp]
 3236 |     #warning "Contact wolfSSL support for a fast implementation that is " \
      |      ^~~~~~~
[1003/1154] Building C object esp-idf/wolfssl/CMakeFiles/__idf_wolfssl.dir/home/v4m3rr/.builds/wolfssl/wolfcrypt/src/sp_int.c.obj
In file included from /home/v4m3rr/.builds/wolfssl/wolfssl/wolfcrypt/types.h:34,
                 from /home/v4m3rr/.builds/wolfssl/wolfssl/wolfcrypt/libwolfssl_sources.h:46,
                 from /home/v4m3rr/.builds/wolfssl/wolfcrypt/src/sp_int.c:30:
/home/v4m3rr/.builds/wolfssl/wolfssl/wolfcrypt/settings.h:3236:6: warning: #warning "Contact wolfSSL support for a fast implementation that is " "constant time" [-Wcpp]
 3236 |     #warning "Contact wolfSSL support for a fast implementation that is " \
      |      ^~~~~~~
[1004/1154] Building C object esp-idf/wolfssl/CMakeFiles/__idf_wolfssl.dir/home/v4m3rr/.builds/wolfssl/wolfcrypt/src/sp_cortexm.c.obj
In file included from /home/v4m3rr/.builds/wolfssl/wolfssl/wolfcrypt/types.h:34,
                 from /home/v4m3rr/.builds/wolfssl/wolfssl/wolfcrypt/libwolfssl_sources.h:46,
                 from /home/v4m3rr/.builds/wolfssl/wolfcrypt/src/sp_cortexm.c:27:
/home/v4m3rr/.builds/wolfssl/wolfssl/wolfcrypt/settings.h:3236:6: warning: #warning "Contact wolfSSL support for a fast implementation that is " "constant time" [-Wcpp]
 3236 |     #warning "Contact wolfSSL support for a fast implementation that is " \
      |      ^~~~~~~
[1005/1154] Building C object esp-idf/wolfssl/CMakeFiles/__idf_wolfssl.dir/home/v4m3rr/.builds/wolfssl/wolfcrypt/src/sp_x86_64.c.obj
In file included from /home/v4m3rr/.builds/wolfssl/wolfssl/wolfcrypt/types.h:34,
                 from /home/v4m3rr/.builds/wolfssl/wolfssl/wolfcrypt/libwolfssl_sources.h:46,
                 from /home/v4m3rr/.builds/wolfssl/wolfcrypt/src/sp_x86_64.c:27:
/home/v4m3rr/.builds/wolfssl/wolfssl/wolfcrypt/settings.h:3236:6: warning: #warning "Contact wolfSSL support for a fast implementation that is " "constant time" [-Wcpp]
 3236 |     #warning "Contact wolfSSL support for a fast implementation that is " \
      |      ^~~~~~~
[1006/1154] Building C object esp-idf/wolfssl/CMakeFiles/__idf_wolfssl.dir/home/v4m3rr/.builds/wolfssl/wolfcrypt/src/srp.c.obj
In file included from /home/v4m3rr/.builds/wolfssl/wolfssl/wolfcrypt/types.h:34,
                 from /home/v4m3rr/.builds/wolfssl/wolfssl/wolfcrypt/libwolfssl_sources.h:46,
                 from /home/v4m3rr/.builds/wolfssl/wolfcrypt/src/srp.c:22:
/home/v4m3rr/.builds/wolfssl/wolfssl/wolfcrypt/settings.h:3236:6: warning: #warning "Contact wolfSSL support for a fast implementation that is " "constant time" [-Wcpp]
 3236 |     #warning "Contact wolfSSL support for a fast implementation that is " \
      |      ^~~~~~~
[1007/1154] Building C object esp-idf/wolfssl/CMakeFiles/__idf_wolfssl.dir/home/v4m3rr/.builds/wolfssl/wolfcrypt/src/sp_armthumb.c.obj
In file included from /home/v4m3rr/.builds/wolfssl/wolfssl/wolfcrypt/types.h:34,
                 from /home/v4m3rr/.builds/wolfssl/wolfssl/wolfcrypt/libwolfssl_sources.h:46,
                 from /home/v4m3rr/.builds/wolfssl/wolfcrypt/src/sp_armthumb.c:27:
/home/v4m3rr/.builds/wolfssl/wolfssl/wolfcrypt/settings.h:3236:6: warning: #warning "Contact wolfSSL support for a fast implementation that is " "constant time" [-Wcpp]
 3236 |     #warning "Contact wolfSSL support for a fast implementation that is " \
      |      ^~~~~~~
[1008/1154] Building C object esp-idf/wolfssl/CMakeFiles/__idf_wolfssl.dir/home/v4m3rr/.builds/wolfssl/wolfcrypt/src/tsp.c.obj
In file included from /home/v4m3rr/.builds/wolfssl/wolfssl/wolfcrypt/types.h:34,
                 from /home/v4m3rr/.builds/wolfssl/wolfssl/wolfcrypt/libwolfssl_sources.h:46,
                 from /home/v4m3rr/.builds/wolfssl/wolfcrypt/src/tsp.c:33:
/home/v4m3rr/.builds/wolfssl/wolfssl/wolfcrypt/settings.h:3236:6: warning: #warning "Contact wolfSSL support for a fast implementation that is " "constant time" [-Wcpp]
 3236 |     #warning "Contact wolfSSL support for a fast implementation that is " \
      |      ^~~~~~~
[1009/1154] Building C object esp-idf/wolfssl/CMakeFiles/__idf_wolfssl.dir/home/v4m3rr/.builds/wolfssl/wolfcrypt/src/wc_dsp.c.obj
In file included from /home/v4m3rr/.builds/wolfssl/wolfssl/wolfcrypt/types.h:34,
                 from /home/v4m3rr/.builds/wolfssl/wolfssl/wolfcrypt/libwolfssl_sources.h:46,
                 from /home/v4m3rr/.builds/wolfssl/wolfcrypt/src/wc_dsp.c:22:
/home/v4m3rr/.builds/wolfssl/wolfssl/wolfcrypt/settings.h:3236:6: warning: #warning "Contact wolfSSL support for a fast implementation that is " "constant time" [-Wcpp]
 3236 |     #warning "Contact wolfSSL support for a fast implementation that is " \
      |      ^~~~~~~
[1010/1154] Building C object esp-idf/wolfssl/CMakeFiles/__idf_wolfssl.dir/home/v4m3rr/.builds/wolfssl/wolfcrypt/src/wc_frodokem.c.obj
In file included from /home/v4m3rr/.builds/wolfssl/wolfssl/wolfcrypt/types.h:34,
                 from /home/v4m3rr/.builds/wolfssl/wolfssl/wolfcrypt/libwolfssl_sources.h:46,
                 from /home/v4m3rr/.builds/wolfssl/wolfcrypt/src/wc_frodokem.c:38:
/home/v4m3rr/.builds/wolfssl/wolfssl/wolfcrypt/settings.h:3236:6: warning: #warning "Contact wolfSSL support for a fast implementation that is " "constant time" [-Wcpp]
 3236 |     #warning "Contact wolfSSL support for a fast implementation that is " \
      |      ^~~~~~~
[1011/1154] Building C object esp-idf/wolfssl/CMakeFiles/__idf_wolfssl.dir/home/v4m3rr/.builds/wolfssl/wolfcrypt/src/wc_lms_impl.c.obj
In file included from /home/v4m3rr/.builds/wolfssl/wolfssl/wolfcrypt/types.h:34,
                 from /home/v4m3rr/.builds/wolfssl/wolfssl/wolfcrypt/libwolfssl_sources.h:46,
                 from /home/v4m3rr/.builds/wolfssl/wolfcrypt/src/wc_lms_impl.c:42:
/home/v4m3rr/.builds/wolfssl/wolfssl/wolfcrypt/settings.h:3236:6: warning: #warning "Contact wolfSSL support for a fast implementation that is " "constant time" [-Wcpp]
 3236 |     #warning "Contact wolfSSL support for a fast implementation that is " \
      |      ^~~~~~~
[1012/1154] Building C object esp-idf/wolfssl/CMakeFiles/__idf_wolfssl.dir/home/v4m3rr/.builds/wolfssl/wolfcrypt/src/wc_frodokem_mat.c.obj
In file included from /home/v4m3rr/.builds/wolfssl/wolfssl/wolfcrypt/types.h:34,
                 from /home/v4m3rr/.builds/wolfssl/wolfssl/wolfcrypt/libwolfssl_sources.h:46,
                 from /home/v4m3rr/.builds/wolfssl/wolfcrypt/src/wc_frodokem_mat.c:36:
/home/v4m3rr/.builds/wolfssl/wolfssl/wolfcrypt/settings.h:3236:6: warning: #warning "Contact wolfSSL support for a fast implementation that is " "constant time" [-Wcpp]
 3236 |     #warning "Contact wolfSSL support for a fast implementation that is " \
      |      ^~~~~~~
[1013/1154] Building C object esp-idf/wolfssl/CMakeFiles/__idf_wolfssl.dir/home/v4m3rr/.builds/wolfssl/wolfcrypt/src/wc_lms.c.obj
In file included from /home/v4m3rr/.builds/wolfssl/wolfssl/wolfcrypt/types.h:34,
                 from /home/v4m3rr/.builds/wolfssl/wolfssl/wolfcrypt/libwolfssl_sources.h:46,
                 from /home/v4m3rr/.builds/wolfssl/wolfcrypt/src/wc_lms.c:24:
/home/v4m3rr/.builds/wolfssl/wolfssl/wolfcrypt/settings.h:3236:6: warning: #warning "Contact wolfSSL support for a fast implementation that is " "constant time" [-Wcpp]
 3236 |     #warning "Contact wolfSSL support for a fast implementation that is " \
      |      ^~~~~~~
[1014/1154] Building C object esp-idf/wolfssl/CMakeFiles/__idf_wolfssl.dir/home/v4m3rr/.builds/wolfssl/wolfcrypt/src/sha512.c.obj
In file included from /home/v4m3rr/.builds/wolfssl/wolfssl/wolfcrypt/types.h:34,
                 from /home/v4m3rr/.builds/wolfssl/wolfssl/wolfcrypt/libwolfssl_sources.h:46,
                 from /home/v4m3rr/.builds/wolfssl/wolfcrypt/src/sha512.c:59:
/home/v4m3rr/.builds/wolfssl/wolfssl/wolfcrypt/settings.h:3236:6: warning: #warning "Contact wolfSSL support for a fast implementation that is " "constant time" [-Wcpp]
 3236 |     #warning "Contact wolfSSL support for a fast implementation that is " \
      |      ^~~~~~~
[1015/1154] Building C object esp-idf/wolfssl/CMakeFiles/__idf_wolfssl.dir/home/v4m3rr/.builds/wolfssl/wolfcrypt/src/wc_encrypt.c.obj
In file included from /home/v4m3rr/.builds/wolfssl/wolfssl/wolfcrypt/types.h:34,
                 from /home/v4m3rr/.builds/wolfssl/wolfssl/wolfcrypt/libwolfssl_sources.h:46,
                 from /home/v4m3rr/.builds/wolfssl/wolfcrypt/src/wc_encrypt.c:22:
/home/v4m3rr/.builds/wolfssl/wolfssl/wolfcrypt/settings.h:3236:6: warning: #warning "Contact wolfSSL support for a fast implementation that is " "constant time" [-Wcpp]
 3236 |     #warning "Contact wolfSSL support for a fast implementation that is " \
      |      ^~~~~~~
[1016/1154] Building C object esp-idf/wolfssl/CMakeFiles/__idf_wolfssl.dir/home/v4m3rr/.builds/wolfssl/wolfcrypt/src/wc_mlkem_poly.c.obj
In file included from /home/v4m3rr/.builds/wolfssl/wolfssl/wolfcrypt/types.h:34,
                 from /home/v4m3rr/.builds/wolfssl/wolfssl/wolfcrypt/libwolfssl_sources.h:46,
                 from /home/v4m3rr/.builds/wolfssl/wolfcrypt/src/wc_mlkem_poly.c:72:
/home/v4m3rr/.builds/wolfssl/wolfssl/wolfcrypt/settings.h:3236:6: warning: #warning "Contact wolfSSL support for a fast implementation that is " "constant time" [-Wcpp]
 3236 |     #warning "Contact wolfSSL support for a fast implementation that is " \
      |      ^~~~~~~
[1017/1154] Building C object esp-idf/wolfssl/CMakeFiles/__idf_wolfssl.dir/home/v4m3rr/.builds/wolfssl/wolfcrypt/src/wc_mlkem.c.obj
In file included from /home/v4m3rr/.builds/wolfssl/wolfssl/wolfcrypt/types.h:34,
                 from /home/v4m3rr/.builds/wolfssl/wolfssl/wolfcrypt/libwolfssl_sources.h:46,
                 from /home/v4m3rr/.builds/wolfssl/wolfcrypt/src/wc_mlkem.c:75:
/home/v4m3rr/.builds/wolfssl/wolfssl/wolfcrypt/settings.h:3236:6: warning: #warning "Contact wolfSSL support for a fast implementation that is " "constant time" [-Wcpp]
 3236 |     #warning "Contact wolfSSL support for a fast implementation that is " \
      |      ^~~~~~~
[1018/1154] Building C object esp-idf/wolfssl/CMakeFiles/__idf_wolfssl.dir/home/v4m3rr/.builds/wolfssl/wolfcrypt/src/wc_pkcs11.c.obj
In file included from /home/v4m3rr/.builds/wolfssl/wolfssl/wolfcrypt/types.h:34,
                 from /home/v4m3rr/.builds/wolfssl/wolfssl/wolfcrypt/libwolfssl_sources.h:46,
                 from /home/v4m3rr/.builds/wolfssl/wolfcrypt/src/wc_pkcs11.c:22:
/home/v4m3rr/.builds/wolfssl/wolfssl/wolfcrypt/settings.h:3236:6: warning: #warning "Contact wolfSSL support for a fast implementation that is " "constant time" [-Wcpp]
 3236 |     #warning "Contact wolfSSL support for a fast implementation that is " \
      |      ^~~~~~~
[1019/1154] Building C object esp-idf/wolfssl/CMakeFiles/__idf_wolfssl.dir/home/v4m3rr/.builds/wolfssl/wolfcrypt/src/wc_mldsa.c.obj
In file included from /home/v4m3rr/.builds/wolfssl/wolfssl/wolfcrypt/types.h:34,
                 from /home/v4m3rr/.builds/wolfssl/wolfssl/wolfcrypt/libwolfssl_sources.h:46,
                 from /home/v4m3rr/.builds/wolfssl/wolfcrypt/src/wc_mldsa.c:140:
/home/v4m3rr/.builds/wolfssl/wolfssl/wolfcrypt/settings.h:3236:6: warning: #warning "Contact wolfSSL support for a fast implementation that is " "constant time" [-Wcpp]
 3236 |     #warning "Contact wolfSSL support for a fast implementation that is " \
      |      ^~~~~~~
[1020/1154] Building C object esp-idf/wolfssl/CMakeFiles/__idf_wolfssl.dir/home/v4m3rr/.builds/wolfssl/wolfcrypt/src/wc_she.c.obj
In file included from /home/v4m3rr/.builds/wolfssl/wolfssl/wolfcrypt/types.h:34,
                 from /home/v4m3rr/.builds/wolfssl/wolfssl/wolfcrypt/libwolfssl_sources.h:46,
                 from /home/v4m3rr/.builds/wolfssl/wolfcrypt/src/wc_she.c:30:
/home/v4m3rr/.builds/wolfssl/wolfssl/wolfcrypt/settings.h:3236:6: warning: #warning "Contact wolfSSL support for a fast implementation that is " "constant time" [-Wcpp]
 3236 |     #warning "Contact wolfSSL support for a fast implementation that is " \
      |      ^~~~~~~
[1021/1154] Building C object esp-idf/wolfssl/CMakeFiles/__idf_wolfssl.dir/home/v4m3rr/.builds/wolfssl/wolfcrypt/src/wc_xmss.c.obj
In file included from /home/v4m3rr/.builds/wolfssl/wolfssl/wolfcrypt/types.h:34,
                 from /home/v4m3rr/.builds/wolfssl/wolfssl/wolfcrypt/libwolfssl_sources.h:46,
                 from /home/v4m3rr/.builds/wolfssl/wolfcrypt/src/wc_xmss.c:24:
/home/v4m3rr/.builds/wolfssl/wolfssl/wolfcrypt/settings.h:3236:6: warning: #warning "Contact wolfSSL support for a fast implementation that is " "constant time" [-Wcpp]
 3236 |     #warning "Contact wolfSSL support for a fast implementation that is " \
      |      ^~~~~~~
[1022/1154] Building C object esp-idf/wolfssl/CMakeFiles/__idf_wolfssl.dir/home/v4m3rr/.builds/wolfssl/wolfcrypt/src/wc_slhdsa.c.obj
In file included from /home/v4m3rr/.builds/wolfssl/wolfssl/wolfcrypt/types.h:34,
                 from /home/v4m3rr/.builds/wolfssl/wolfssl/wolfcrypt/libwolfssl_sources.h:46,
                 from /home/v4m3rr/.builds/wolfssl/wolfcrypt/src/wc_slhdsa.c:24:
/home/v4m3rr/.builds/wolfssl/wolfssl/wolfcrypt/settings.h:3236:6: warning: #warning "Contact wolfSSL support for a fast implementation that is " "constant time" [-Wcpp]
 3236 |     #warning "Contact wolfSSL support for a fast implementation that is " \
      |      ^~~~~~~
[1023/1154] Building C object esp-idf/wolfssl/CMakeFiles/__idf_wolfssl.dir/home/v4m3rr/.builds/wolfssl/wolfcrypt/src/wc_port.c.obj
In file included from /home/v4m3rr/.builds/wolfssl/wolfssl/wolfcrypt/types.h:34,
                 from /home/v4m3rr/.builds/wolfssl/wolfssl/wolfcrypt/libwolfssl_sources.h:46,
                 from /home/v4m3rr/.builds/wolfssl/wolfcrypt/src/wc_port.c:102:
/home/v4m3rr/.builds/wolfssl/wolfssl/wolfcrypt/settings.h:3236:6: warning: #warning "Contact wolfSSL support for a fast implementation that is " "constant time" [-Wcpp]
 3236 |     #warning "Contact wolfSSL support for a fast implementation that is " \
      |      ^~~~~~~
[1024/1154] Building C object esp-idf/wolfssl/CMakeFiles/__idf_wolfssl.dir/home/v4m3rr/.builds/wolfssl/wolfcrypt/src/wolfevent.c.obj
In file included from /home/v4m3rr/.builds/wolfssl/wolfssl/wolfcrypt/types.h:34,
                 from /home/v4m3rr/.builds/wolfssl/wolfssl/wolfcrypt/libwolfssl_sources.h:46,
                 from /home/v4m3rr/.builds/wolfssl/wolfcrypt/src/wolfevent.c:22:
/home/v4m3rr/.builds/wolfssl/wolfssl/wolfcrypt/settings.h:3236:6: warning: #warning "Contact wolfSSL support for a fast implementation that is " "constant time" [-Wcpp]
 3236 |     #warning "Contact wolfSSL support for a fast implementation that is " \
      |      ^~~~~~~
[1025/1154] Building C object esp-idf/wolfssl/CMakeFiles/__idf_wolfssl.dir/home/v4m3rr/.builds/wolfssl/wolfcrypt/src/wolfentropy.c.obj
In file included from /home/v4m3rr/.builds/wolfssl/wolfssl/wolfcrypt/types.h:34,
                 from /home/v4m3rr/.builds/wolfssl/wolfssl/wolfcrypt/libwolfssl_sources.h:46,
                 from /home/v4m3rr/.builds/wolfssl/wolfcrypt/src/wolfentropy.c:33:
/home/v4m3rr/.builds/wolfssl/wolfssl/wolfcrypt/settings.h:3236:6: warning: #warning "Contact wolfSSL support for a fast implementation that is " "constant time" [-Wcpp]
 3236 |     #warning "Contact wolfSSL support for a fast implementation that is " \
      |      ^~~~~~~
[1026/1154] Building C object esp-idf/wolfssl/CMakeFiles/__idf_wolfssl.dir/home/v4m3rr/.builds/wolfssl/wolfcrypt/src/wc_xmss_impl.c.obj
In file included from /home/v4m3rr/.builds/wolfssl/wolfssl/wolfcrypt/types.h:34,
                 from /home/v4m3rr/.builds/wolfssl/wolfssl/wolfcrypt/libwolfssl_sources.h:46,
                 from /home/v4m3rr/.builds/wolfssl/wolfcrypt/src/wc_xmss_impl.c:34:
/home/v4m3rr/.builds/wolfssl/wolfssl/wolfcrypt/settings.h:3236:6: warning: #warning "Contact wolfSSL support for a fast implementation that is " "constant time" [-Wcpp]
 3236 |     #warning "Contact wolfSSL support for a fast implementation that is " \
      |      ^~~~~~~
[1027/1154] Building C object esp-idf/wolfssl/CMakeFiles/__idf_wolfssl.dir/home/v4m3rr/.builds/wolfssl/wolfcrypt/src/wolfmath.c.obj
In file included from /home/v4m3rr/.builds/wolfssl/wolfssl/wolfcrypt/types.h:34,
                 from /home/v4m3rr/.builds/wolfssl/wolfssl/wolfcrypt/libwolfssl_sources.h:46,
                 from /home/v4m3rr/.builds/wolfssl/wolfcrypt/src/wolfmath.c:29:
/home/v4m3rr/.builds/wolfssl/wolfssl/wolfcrypt/settings.h:3236:6: warning: #warning "Contact wolfSSL support for a fast implementation that is " "constant time" [-Wcpp]
 3236 |     #warning "Contact wolfSSL support for a fast implementation that is " \
      |      ^~~~~~~
[1028/1154] Building C object esp-idf/wolfssl/CMakeFiles/__idf_wolfssl.dir/home/v4m3rr/.builds/wolfssl/wolfcrypt/src/port/Espressif/esp32_aes.c.obj
In file included from /home/v4m3rr/.builds/wolfssl/wolfcrypt/src/port/Espressif/esp32_aes.c:33:
/home/v4m3rr/.builds/wolfssl/wolfssl/wolfcrypt/settings.h:3236:6: warning: #warning "Contact wolfSSL support for a fast implementation that is " "constant time" [-Wcpp]
 3236 |     #warning "Contact wolfSSL support for a fast implementation that is " \
      |      ^~~~~~~
[1029/1154] Building C object esp-idf/wolfssl/CMakeFiles/__idf_wolfssl.dir/home/v4m3rr/.builds/wolfssl/wolfcrypt/src/port/Espressif/esp_sdk_wifi_lib.c.obj
In file included from /home/v4m3rr/.builds/wolfssl/wolfcrypt/src/port/Espressif/esp_sdk_wifi_lib.c:31:
/home/v4m3rr/.builds/wolfssl/wolfssl/wolfcrypt/settings.h:3236:6: warning: #warning "Contact wolfSSL support for a fast implementation that is " "constant time" [-Wcpp]
 3236 |     #warning "Contact wolfSSL support for a fast implementation that is " \
      |      ^~~~~~~
[1030/1154] Building C object esp-idf/wolfssl/CMakeFiles/__idf_wolfssl.dir/home/v4m3rr/.builds/wolfssl/wolfcrypt/src/port/Espressif/esp_sdk_time_lib.c.obj
In file included from /home/v4m3rr/.builds/wolfssl/wolfcrypt/src/port/Espressif/esp_sdk_time_lib.c:30:
/home/v4m3rr/.builds/wolfssl/wolfssl/wolfcrypt/settings.h:3236:6: warning: #warning "Contact wolfSSL support for a fast implementation that is " "constant time" [-Wcpp]
 3236 |     #warning "Contact wolfSSL support for a fast implementation that is " \
      |      ^~~~~~~
[1031/1154] No download step for 'bootloader'
[1032/1154] Building C object esp-idf/wolfssl/CMakeFiles/__idf_wolfssl.dir/home/v4m3rr/.builds/wolfssl/wolfcrypt/src/tfm.c.obj
In file included from /home/v4m3rr/.builds/wolfssl/wolfssl/wolfcrypt/types.h:34,
                 from /home/v4m3rr/.builds/wolfssl/wolfssl/wolfcrypt/libwolfssl_sources.h:46,
                 from /home/v4m3rr/.builds/wolfssl/wolfcrypt/src/tfm.c:22:
/home/v4m3rr/.builds/wolfssl/wolfssl/wolfcrypt/settings.h:3236:6: warning: #warning "Contact wolfSSL support for a fast implementation that is " "constant time" [-Wcpp]
 3236 |     #warning "Contact wolfSSL support for a fast implementation that is " \
      |      ^~~~~~~
[1033/1154] Building C object esp-idf/wolfssl/CMakeFiles/__idf_wolfssl.dir/home/v4m3rr/.builds/wolfssl/wolfcrypt/src/port/atmel/atmel.c.obj
In file included from /home/v4m3rr/.builds/wolfssl/wolfcrypt/src/port/atmel/atmel.c:26:
/home/v4m3rr/.builds/wolfssl/wolfssl/wolfcrypt/settings.h:3236:6: warning: #warning "Contact wolfSSL support for a fast implementation that is " "constant time" [-Wcpp]
 3236 |     #warning "Contact wolfSSL support for a fast implementation that is " \
      |      ^~~~~~~
[1034/1154] Building C object esp-idf/wolfssl/CMakeFiles/__idf_wolfssl.dir/home/v4m3rr/.builds/wolfssl/wolfcrypt/src/port/Espressif/esp32_mp.c.obj
In file included from /home/v4m3rr/.builds/wolfssl/wolfcrypt/src/port/Espressif/esp32_mp.c:46:
/home/v4m3rr/.builds/wolfssl/wolfssl/wolfcrypt/settings.h:3236:6: warning: #warning "Contact wolfSSL support for a fast implementation that is " "constant time" [-Wcpp]
 3236 |     #warning "Contact wolfSSL support for a fast implementation that is " \
      |      ^~~~~~~
[1035/1154] Building C object esp-idf/wolfssl/CMakeFiles/__idf_wolfssl.dir/home/v4m3rr/.builds/wolfssl/wolfcrypt/src/port/Espressif/esp_crt_bundle/esp_crt_bundle.c.obj
In file included from /home/v4m3rr/.builds/wolfssl/wolfcrypt/src/port/Espressif/esp_crt_bundle/esp_crt_bundle.c:33:
/home/v4m3rr/.builds/wolfssl/wolfssl/wolfcrypt/settings.h:3236:6: warning: #warning "Contact wolfSSL support for a fast implementation that is " "constant time" [-Wcpp]
 3236 |     #warning "Contact wolfSSL support for a fast implementation that is " \
      |      ^~~~~~~
[1036/1154] Building C object esp-idf/wolfssl/CMakeFiles/__idf_wolfssl.dir/home/v4m3rr/.builds/wolfssl/wolfcrypt/src/port/Espressif/esp_sdk_mem_lib.c.obj
In file included from /home/v4m3rr/.builds/wolfssl/wolfcrypt/src/port/Espressif/esp_sdk_mem_lib.c:31:
/home/v4m3rr/.builds/wolfssl/wolfssl/wolfcrypt/settings.h:3236:6: warning: #warning "Contact wolfSSL support for a fast implementation that is " "constant time" [-Wcpp]
 3236 |     #warning "Contact wolfSSL support for a fast implementation that is " \
      |      ^~~~~~~
[1037/1154] Building C object esp-idf/wolfssl/CMakeFiles/__idf_wolfssl.dir/home/v4m3rr/.builds/wolfssl/wolfcrypt/src/port/Espressif/esp32_util.c.obj
In file included from /home/v4m3rr/.builds/wolfssl/wolfcrypt/src/port/Espressif/esp32_util.c:28:
/home/v4m3rr/.builds/wolfssl/wolfssl/wolfcrypt/settings.h:3236:6: warning: #warning "Contact wolfSSL support for a fast implementation that is " "constant time" [-Wcpp]
 3236 |     #warning "Contact wolfSSL support for a fast implementation that is " \
      |      ^~~~~~~
[1038/1154] Linking C static library esp-idf/unity/libunity.a
[1039/1154] Building C object esp-idf/app_trace/CMakeFiles/__idf_app_trace.dir/host_file_io.c.obj
[1040/1154] Building C object esp-idf/cmock/CMakeFiles/__idf_cmock.dir/CMock/src/cmock.c.obj
[1041/1154] Building C object esp-idf/app_trace/CMakeFiles/__idf_app_trace.dir/app_trace.c.obj
[1042/1154] Building C object esp-idf/app_trace/CMakeFiles/__idf_app_trace.dir/app_trace_util.c.obj
[1043/1154] Building C object esp-idf/esp_driver_cam/CMakeFiles/__idf_esp_driver_cam.dir/dvp_share_ctrl.c.obj
[1044/1154] Building C object esp-idf/wolfssl/CMakeFiles/__idf_wolfssl.dir/home/v4m3rr/.builds/wolfssl/wolfcrypt/src/port/Espressif/esp32_sha.c.obj
In file included from /home/v4m3rr/.builds/wolfssl/wolfcrypt/src/port/Espressif/esp32_sha.c:33:
/home/v4m3rr/.builds/wolfssl/wolfssl/wolfcrypt/settings.h:3236:6: warning: #warning "Contact wolfSSL support for a fast implementation that is " "constant time" [-Wcpp]
 3236 |     #warning "Contact wolfSSL support for a fast implementation that is " \
      |      ^~~~~~~
[1045/1154] Building C object esp-idf/app_trace/CMakeFiles/__idf_app_trace.dir/port/port_uart.c.obj
[1046/1154] Building C object esp-idf/esp_driver_cam/CMakeFiles/__idf_esp_driver_cam.dir/esp_cam_ctlr.c.obj
[1047/1154] Linking C static library esp-idf/esp_eth/libesp_eth.a
[1048/1154] Linking C static library esp-idf/esp_https_server/libesp_https_server.a
[1049/1154] Building C object esp-idf/esp_hid/CMakeFiles/__idf_esp_hid.dir/src/esp_hidd.c.obj
[1050/1154] Building C object esp-idf/esp_lcd/CMakeFiles/__idf_esp_lcd.dir/src/esp_lcd_common.c.obj
[1051/1154] Building C object esp-idf/esp_lcd/CMakeFiles/__idf_esp_lcd.dir/src/esp_lcd_panel_io.c.obj
[1052/1154] Building C object esp-idf/esp_driver_touch_sens/CMakeFiles/__idf_esp_driver_touch_sens.dir/hw_ver1/touch_version_specific.c.obj
[1053/1154] Building C object esp-idf/esp_hid/CMakeFiles/__idf_esp_hid.dir/src/esp_hid_common.c.obj
[1054/1154] Building C object esp-idf/esp_driver_touch_sens/CMakeFiles/__idf_esp_driver_touch_sens.dir/common/touch_sens_common.c.obj
[1055/1154] Building C object esp-idf/esp_lcd/CMakeFiles/__idf_esp_lcd.dir/src/esp_lcd_panel_ops.c.obj
[1056/1154] Building C object esp-idf/esp_lcd/CMakeFiles/__idf_esp_lcd.dir/src/esp_lcd_panel_ssd1306.c.obj
[1057/1154] Building C object esp-idf/esp_hid/CMakeFiles/__idf_esp_hid.dir/src/esp_hidh.c.obj
[1058/1154] Building C object esp-idf/esp_lcd/CMakeFiles/__idf_esp_lcd.dir/src/esp_lcd_panel_nt35510.c.obj
[1059/1154] Linking C static library esp-idf/protocomm/libprotocomm.a
[1060/1154] Building C object esp-idf/esp_lcd/CMakeFiles/__idf_esp_lcd.dir/src/esp_lcd_panel_st7789.c.obj
[1061/1154] Building C object esp-idf/esp_lcd/CMakeFiles/__idf_esp_lcd.dir/i2c/esp_lcd_panel_io_i2c_v1.c.obj
[1062/1154] Building C object esp-idf/espcoredump/CMakeFiles/__idf_espcoredump.dir/src/core_dump_init.c.obj
[1063/1154] Building C object esp-idf/esp_lcd/CMakeFiles/__idf_esp_lcd.dir/i2c/esp_lcd_panel_io_i2c_v2.c.obj
[1064/1154] Building C object esp-idf/esp_local_ctrl/CMakeFiles/__idf_esp_local_ctrl.dir/src/esp_local_ctrl_handler.c.obj
[1065/1154] Building C object esp-idf/esp_local_ctrl/CMakeFiles/__idf_esp_local_ctrl.dir/src/esp_local_ctrl.c.obj
[1066/1154] Building C object esp-idf/esp_local_ctrl/CMakeFiles/__idf_esp_local_ctrl.dir/src/esp_local_ctrl_transport_httpd.c.obj
[1067/1154] Building C object esp-idf/esp_lcd/CMakeFiles/__idf_esp_lcd.dir/spi/esp_lcd_panel_io_spi.c.obj
[1068/1154] Building C object esp-idf/esp_local_ctrl/CMakeFiles/__idf_esp_local_ctrl.dir/proto-c/esp_local_ctrl.pb-c.c.obj
[1069/1154] Building C object esp-idf/espcoredump/CMakeFiles/__idf_espcoredump.dir/src/core_dump_sha.c.obj
[1070/1154] Building C object esp-idf/espcoredump/CMakeFiles/__idf_espcoredump.dir/src/core_dump_common.c.obj
[1071/1154] Building C object esp-idf/espcoredump/CMakeFiles/__idf_espcoredump.dir/src/core_dump_uart.c.obj
[1072/1154] Building C object esp-idf/espcoredump/CMakeFiles/__idf_espcoredump.dir/src/core_dump_crc.c.obj
[1073/1154] Linking C static library esp-idf/wear_levelling/libwear_levelling.a
[1074/1154] Building C object esp-idf/espcoredump/CMakeFiles/__idf_espcoredump.dir/src/core_dump_flash.c.obj
[1075/1154] Building ASM object esp-idf/espcoredump/CMakeFiles/__idf_espcoredump.dir/src/port/xtensa/core_dump_stack_switch.S.obj
[1076/1154] Building C object esp-idf/espcoredump/CMakeFiles/__idf_espcoredump.dir/src/core_dump_elf.c.obj
[1077/1154] Building C object esp-idf/espcoredump/CMakeFiles/__idf_espcoredump.dir/src/core_dump_binary.c.obj
[1078/1154] Building C object esp-idf/esp_lcd/CMakeFiles/__idf_esp_lcd.dir/i80/esp_lcd_panel_io_i2s.c.obj
[1079/1154] Building C object esp-idf/espcoredump/CMakeFiles/__idf_espcoredump.dir/src/port/xtensa/core_dump_port.c.obj
[1080/1154] Building C object esp-idf/fatfs/CMakeFiles/__idf_fatfs.dir/diskio/diskio.c.obj
[1081/1154] Building C object esp-idf/fatfs/CMakeFiles/__idf_fatfs.dir/port/freertos/ffsystem.c.obj
[1082/1154] Building C object esp-idf/fatfs/CMakeFiles/__idf_fatfs.dir/src/ffunicode.c.obj
[1083/1154] Building C object esp-idf/fatfs/CMakeFiles/__idf_fatfs.dir/diskio/diskio_wl.c.obj
[1084/1154] Building C object esp-idf/fatfs/CMakeFiles/__idf_fatfs.dir/diskio/diskio_rawflash.c.obj
[1085/1154] Linking C static library esp-idf/json/libjson.a
[1086/1154] Building C object esp-idf/fatfs/CMakeFiles/__idf_fatfs.dir/diskio/diskio_sdmmc.c.obj
[1087/1154] Building C object esp-idf/fatfs/CMakeFiles/__idf_fatfs.dir/vfs/vfs_fat_spiflash.c.obj
[1088/1154] Building C object esp-idf/mqtt/CMakeFiles/__idf_mqtt.dir/esp-mqtt/lib/mqtt_msg.c.obj
[1089/1154] Building C object esp-idf/nvs_sec_provider/CMakeFiles/__idf_nvs_sec_provider.dir/nvs_sec_provider.c.obj
[1090/1154] Building C object esp-idf/mqtt/CMakeFiles/__idf_mqtt.dir/esp-mqtt/lib/platform_esp32_idf.c.obj
[1091/1154] Building C object esp-idf/mqtt/CMakeFiles/__idf_mqtt.dir/esp-mqtt/lib/mqtt_outbox.c.obj
[1092/1154] Building C object esp-idf/perfmon/CMakeFiles/__idf_perfmon.dir/xtensa_perfmon_access.c.obj
[1093/1154] Building C object esp-idf/fatfs/CMakeFiles/__idf_fatfs.dir/vfs/vfs_fat_sdmmc.c.obj
[1094/1154] Building C object esp-idf/perfmon/CMakeFiles/__idf_perfmon.dir/xtensa_perfmon_masks.c.obj
[1095/1154] Building C object esp-idf/fatfs/CMakeFiles/__idf_fatfs.dir/vfs/vfs_fat.c.obj
[1096/1154] Building C object esp-idf/perfmon/CMakeFiles/__idf_perfmon.dir/xtensa_perfmon_apis.c.obj
[1097/1154] Building C object esp-idf/rt/CMakeFiles/__idf_rt.dir/FreeRTOS_POSIX_utils.c.obj
[1098/1154] Building C object esp-idf/spiffs/CMakeFiles/__idf_spiffs.dir/spiffs_api.c.obj
[1099/1154] Building C object esp-idf/rt/CMakeFiles/__idf_rt.dir/FreeRTOS_POSIX_mqueue.c.obj
[1100/1154] Building C object esp-idf/spiffs/CMakeFiles/__idf_spiffs.dir/spiffs/src/spiffs_cache.c.obj
[1101/1154] Building C object esp-idf/fatfs/CMakeFiles/__idf_fatfs.dir/src/ff.c.obj
[1102/1154] Building C object esp-idf/spiffs/CMakeFiles/__idf_spiffs.dir/spiffs/src/spiffs_check.c.obj
[1103/1154] Building C object esp-idf/wifi_provisioning/CMakeFiles/__idf_wifi_provisioning.dir/src/wifi_config.c.obj
[1104/1154] Building C object esp-idf/spiffs/CMakeFiles/__idf_spiffs.dir/spiffs/src/spiffs_gc.c.obj
[1105/1154] Building C object esp-idf/wifi_provisioning/CMakeFiles/__idf_wifi_provisioning.dir/src/wifi_scan.c.obj
[1106/1154] Building C object esp-idf/mqtt/CMakeFiles/__idf_mqtt.dir/esp-mqtt/mqtt_client.c.obj
[1107/1154] Building C object esp-idf/wifi_provisioning/CMakeFiles/__idf_wifi_provisioning.dir/src/wifi_ctrl.c.obj
[1108/1154] Building C object esp-idf/spiffs/CMakeFiles/__idf_spiffs.dir/spiffs/src/spiffs_hydrogen.c.obj
[1109/1154] Building C object esp-idf/wifi_provisioning/CMakeFiles/__idf_wifi_provisioning.dir/proto-c/wifi_config.pb-c.c.obj
[1110/1154] Building C object esp-idf/wifi_provisioning/CMakeFiles/__idf_wifi_provisioning.dir/src/scheme_console.c.obj
[1111/1154] Building C object esp-idf/wifi_provisioning/CMakeFiles/__idf_wifi_provisioning.dir/src/handlers.c.obj
[1112/1154] Building C object esp-idf/spiffs/CMakeFiles/__idf_spiffs.dir/esp_spiffs.c.obj
[1113/1154] Building C object esp-idf/wifi_provisioning/CMakeFiles/__idf_wifi_provisioning.dir/proto-c/wifi_constants.pb-c.c.obj
[1114/1154] Building C object esp-idf/wifi_provisioning/CMakeFiles/__idf_wifi_provisioning.dir/proto-c/wifi_ctrl.pb-c.c.obj
[1115/1154] Building C object esp-idf/wifi_provisioning/CMakeFiles/__idf_wifi_provisioning.dir/proto-c/wifi_scan.pb-c.c.obj
[1116/1154] Building C object esp-idf/spiffs/CMakeFiles/__idf_spiffs.dir/spiffs/src/spiffs_nucleus.c.obj
[1117/1154] Building C object esp-idf/protocol_examples_common/CMakeFiles/__idf_protocol_examples_common.dir/stdin_out.c.obj
[1118/1154] Building C object esp-idf/wifi_provisioning/CMakeFiles/__idf_wifi_provisioning.dir/src/scheme_softap.c.obj
[1119/1154] Building C object esp-idf/main/CMakeFiles/__idf_main.dir/main.c.obj
In file included from /home/v4m3rr/Projects/wolf_client/main/main.c:29:
/home/v4m3rr/.builds/wolfssl/wolfssl/wolfcrypt/settings.h:3236:6: warning: #warning "Contact wolfSSL support for a fast implementation that is " "constant time" [-Wcpp]
 3236 |     #warning "Contact wolfSSL support for a fast implementation that is " \
      |      ^~~~~~~
[1120/1154] No update step for 'bootloader'
[1121/1154] Building C object esp-idf/protocol_examples_common/CMakeFiles/__idf_protocol_examples_common.dir/addr_from_stdin.c.obj
[1122/1154] Linking C static library esp-idf/wolfssl/libwolfssl.a
[1123/1154] Linking C static library esp-idf/cmock/libcmock.a
[1124/1154] Linking C static library esp-idf/app_trace/libapp_trace.a
[1125/1154] Linking C static library esp-idf/esp_driver_cam/libesp_driver_cam.a
[1126/1154] Linking C static library esp-idf/esp_driver_touch_sens/libesp_driver_touch_sens.a
[1127/1154] Building C object esp-idf/protocol_examples_common/CMakeFiles/__idf_protocol_examples_common.dir/protocol_examples_utils.c.obj
[1128/1154] Linking C static library esp-idf/esp_hid/libesp_hid.a
[1129/1154] Building C object esp-idf/protocol_examples_common/CMakeFiles/__idf_protocol_examples_common.dir/connect.c.obj
[1130/1154] Linking C static library esp-idf/esp_local_ctrl/libesp_local_ctrl.a
[1131/1154] Linking C static library esp-idf/esp_lcd/libesp_lcd.a
[1132/1154] Linking C static library esp-idf/mqtt/libmqtt.a
[1133/1154] Linking C static library esp-idf/espcoredump/libespcoredump.a
[1134/1154] Linking C static library esp-idf/nvs_sec_provider/libnvs_sec_provider.a
[1135/1154] Building C object esp-idf/protocol_examples_common/CMakeFiles/__idf_protocol_examples_common.dir/wifi_connect.c.obj
[1136/1154] Linking C static library esp-idf/perfmon/libperfmon.a
[1137/1154] Linking C static library esp-idf/fatfs/libfatfs.a
[1138/1154] Building C object esp-idf/protocol_examples_common/CMakeFiles/__idf_protocol_examples_common.dir/console_cmd.c.obj
[1139/1154] No patch step for 'bootloader'
[1140/1154] Linking C static library esp-idf/main/libmain.a
[1141/1154] Linking C static library esp-idf/rt/librt.a
[1142/1154] Linking C static library esp-idf/spiffs/libspiffs.a
[1143/1154] Linking C static library esp-idf/protocol_examples_common/libprotocol_examples_common.a
[1144/1154] Building C object esp-idf/wifi_provisioning/CMakeFiles/__idf_wifi_provisioning.dir/src/manager.c.obj
[1145/1154] Linking C static library esp-idf/wifi_provisioning/libwifi_provisioning.a
[1146/1154] Performing configure step for 'bootloader'
-- Found Git: /usr/bin/git (found version "2.55.0")
-- Component directory /home/v4m3rr/.espressif/v5.5.5/esp-idf/components/esp_blockdev does not contain a CMakeLists.txt file. No component will be added
-- Minimal build - OFF
-- The C compiler identification is GNU 14.2.0
-- The CXX compiler identification is GNU 14.2.0
-- The ASM compiler identification is GNU
-- Found assembler: /home/v4m3rr/.espressif/tools/xtensa-esp-elf/esp-14.2.0_20260121/xtensa-esp-elf/bin/xtensa-esp32-elf-gcc
-- Detecting C compiler ABI info
-- Detecting C compiler ABI info - done
-- Check for working C compiler: /home/v4m3rr/.espressif/tools/xtensa-esp-elf/esp-14.2.0_20260121/xtensa-esp-elf/bin/xtensa-esp32-elf-gcc - skipped
-- Detecting C compile features
-- Detecting C compile features - done
-- Detecting CXX compiler ABI info
-- Detecting CXX compiler ABI info - done
-- Check for working CXX compiler: /home/v4m3rr/.espressif/tools/xtensa-esp-elf/esp-14.2.0_20260121/xtensa-esp-elf/bin/xtensa-esp32-elf-g++ - skipped
-- Detecting CXX compile features
-- Detecting CXX compile features - done
-- Building ESP-IDF components for target esp32
-- ESP-TEE is currently supported only on the esp32c6;esp32h2;esp32c5 SoCs
-- Project sdkconfig file /home/v4m3rr/Projects/wolf_client/sdkconfig
-- Compiler supported targets: xtensa-esp-elf
-- Detecting C compiler ABI info
-- Detecting C compiler ABI info - done
-- Detecting CXX compiler ABI info
-- Detecting CXX compiler ABI info - done
-- Detecting C compiler ABI info
-- Detecting C compiler ABI info - done
-- Detecting CXX compiler ABI info
-- Detecting CXX compiler ABI info - done
-- Adding linker script /home/v4m3rr/.espressif/v5.5.5/esp-idf/components/soc/esp32/ld/esp32.peripherals.ld
-- Bootloader project name: "bootloader" version: 1
-- Adding linker script /home/v4m3rr/.espressif/v5.5.5/esp-idf/components/esp_rom/esp32/ld/esp32.rom.ld
-- Adding linker script /home/v4m3rr/.espressif/v5.5.5/esp-idf/components/esp_rom/esp32/ld/esp32.rom.api.ld
-- Adding linker script /home/v4m3rr/.espressif/v5.5.5/esp-idf/components/esp_rom/esp32/ld/esp32.rom.libgcc.ld
-- Adding linker script /home/v4m3rr/.espressif/v5.5.5/esp-idf/components/esp_rom/esp32/ld/esp32.rom.libc-funcs.ld
-- Adding linker script /home/v4m3rr/.espressif/v5.5.5/esp-idf/components/bootloader/subproject/main/ld/esp32/bootloader.rom.ld
-- Components: bootloader bootloader_support efuse esp_app_format esp_bootloader_format esp_common esp_hw_support esp_rom esp_security esp_system esptool_py freertos hal log main micro-ecc newlib partition_table soc spi_flash xtensa
-- Component paths: /home/v4m3rr/.espressif/v5.5.5/esp-idf/components/bootloader /home/v4m3rr/.espressif/v5.5.5/esp-idf/components/bootloader_support /home/v4m3rr/.espressif/v5.5.5/esp-idf/components/efuse /home/v4m3rr/.espressif/v5.5.5/esp-idf/components/esp_app_format /home/v4m3rr/.espressif/v5.5.5/esp-idf/components/esp_bootloader_format /home/v4m3rr/.espressif/v5.5.5/esp-idf/components/esp_common /home/v4m3rr/.espressif/v5.5.5/esp-idf/components/esp_hw_support /home/v4m3rr/.espressif/v5.5.5/esp-idf/components/esp_rom /home/v4m3rr/.espressif/v5.5.5/esp-idf/components/esp_security /home/v4m3rr/.espressif/v5.5.5/esp-idf/components/esp_system /home/v4m3rr/.espressif/v5.5.5/esp-idf/components/esptool_py /home/v4m3rr/.espressif/v5.5.5/esp-idf/components/freertos /home/v4m3rr/.espressif/v5.5.5/esp-idf/components/hal /home/v4m3rr/.espressif/v5.5.5/esp-idf/components/log /home/v4m3rr/.espressif/v5.5.5/esp-idf/components/bootloader/subproject/main /home/v4m3rr/.espressif/v5.5.5/esp-idf/components/bootloader/subproject/components/micro-ecc /home/v4m3rr/.espressif/v5.5.5/esp-idf/components/newlib /home/v4m3rr/.espressif/v5.5.5/esp-idf/components/partition_table /home/v4m3rr/.espressif/v5.5.5/esp-idf/components/soc /home/v4m3rr/.espressif/v5.5.5/esp-idf/components/spi_flash /home/v4m3rr/.espressif/v5.5.5/esp-idf/components/xtensa
-- Adding linker script /home/v4m3rr/.espressif/v5.5.5/esp-idf/components/bootloader/subproject/main/ld/esp32/bootloader.ld
-- Configuring done (2.4s)
-- Generating done (0.1s)
-- Build files have been written to: /home/v4m3rr/Projects/wolf_client/build/bootloader
[1147/1154] Performing build step for 'bootloader'
[1/118] Building C object esp-idf/log/CMakeFiles/__idf_log.dir/src/noos/util.c.obj
[2/118] Building C object esp-idf/log/CMakeFiles/__idf_log.dir/src/noos/log_lock.c.obj
[3/118] Building C object esp-idf/log/CMakeFiles/__idf_log.dir/src/log_timestamp_common.c.obj
[4/118] Building C object esp-idf/log/CMakeFiles/__idf_log.dir/src/util.c.obj
[5/118] Building C object esp-idf/log/CMakeFiles/__idf_log.dir/src/log_format_text.c.obj
[6/118] Building C object esp-idf/log/CMakeFiles/__idf_log.dir/src/log_print.c.obj
[7/118] Building C object esp-idf/log/CMakeFiles/__idf_log.dir/src/noos/log_timestamp.c.obj
[8/118] Building C object esp-idf/esp_rom/CMakeFiles/__idf_esp_rom.dir/patches/esp_rom_crc.c.obj
[9/118] Building C object esp-idf/log/CMakeFiles/__idf_log.dir/src/buffer/log_buffers.c.obj
[10/118] Building C object esp-idf/log/CMakeFiles/__idf_log.dir/src/log.c.obj
[11/118] Building C object esp-idf/esp_rom/CMakeFiles/__idf_esp_rom.dir/patches/esp_rom_efuse.c.obj
[12/118] Building C object esp-idf/esp_rom/CMakeFiles/__idf_esp_rom.dir/patches/esp_rom_sys.c.obj
[13/118] Building ASM object esp-idf/esp_rom/CMakeFiles/__idf_esp_rom.dir/patches/esp_rom_longjmp.S.obj
[14/118] Linking C static library esp-idf/log/liblog.a
[15/118] Building C object esp-idf/esp_rom/CMakeFiles/__idf_esp_rom.dir/patches/esp_rom_gpio.c.obj
[16/118] Building C object esp-idf/esp_rom/CMakeFiles/__idf_esp_rom.dir/patches/esp_rom_uart.c.obj
[17/118] Building C object esp-idf/esp_common/CMakeFiles/__idf_esp_common.dir/src/esp_err_to_name.c.obj
[18/118] Building C object esp-idf/esp_hw_support/CMakeFiles/__idf_esp_hw_support.dir/port/esp32/esp_cpu_intr.c.obj
[19/118] Building C object esp-idf/esp_rom/CMakeFiles/__idf_esp_rom.dir/patches/esp_rom_print.c.obj
[20/118] Building C object esp-idf/esp_hw_support/CMakeFiles/__idf_esp_hw_support.dir/port/esp32/cpu_region_protect.c.obj
[21/118] Building C object esp-idf/esp_hw_support/CMakeFiles/__idf_esp_hw_support.dir/esp_memory_utils.c.obj
[22/118] Building C object esp-idf/esp_hw_support/CMakeFiles/__idf_esp_hw_support.dir/cpu.c.obj
[23/118] Building C object esp-idf/esp_hw_support/CMakeFiles/__idf_esp_hw_support.dir/port/esp32/chip_info.c.obj
[24/118] Building C object esp-idf/esp_hw_support/CMakeFiles/__idf_esp_hw_support.dir/port/esp32/rtc_clk_init.c.obj
[25/118] Building C object esp-idf/esp_hw_support/CMakeFiles/__idf_esp_hw_support.dir/port/esp32/rtc_init.c.obj
[26/118] Building C object esp-idf/esp_system/CMakeFiles/__idf_esp_system.dir/esp_err.c.obj
[27/118] Building C object esp-idf/esp_hw_support/CMakeFiles/__idf_esp_hw_support.dir/port/esp32/rtc_time.c.obj
[28/118] Building C object esp-idf/efuse/CMakeFiles/__idf_efuse.dir/esp32/esp_efuse_table.c.obj
[29/118] Building C object esp-idf/esp_rom/CMakeFiles/__idf_esp_rom.dir/patches/esp_rom_spiflash.c.obj
[30/118] Building C object esp-idf/efuse/CMakeFiles/__idf_efuse.dir/esp32/esp_efuse_fields.c.obj
[31/118] Building C object esp-idf/esp_hw_support/CMakeFiles/__idf_esp_hw_support.dir/port/esp32/rtc_sleep.c.obj
[32/118] Building C object esp-idf/esp_hw_support/CMakeFiles/__idf_esp_hw_support.dir/port/esp32/rtc_clk.c.obj
[33/118] Linking C static library esp-idf/esp_rom/libesp_rom.a
[34/118] Building C object esp-idf/efuse/CMakeFiles/__idf_efuse.dir/src/esp_efuse_fields.c.obj
[35/118] Linking C static library esp-idf/esp_common/libesp_common.a
[36/118] Building C object esp-idf/efuse/CMakeFiles/__idf_efuse.dir/esp32/esp_efuse_utility.c.obj
[37/118] Linking C static library esp-idf/esp_hw_support/libesp_hw_support.a
[38/118] Building C object esp-idf/efuse/CMakeFiles/__idf_efuse.dir/src/esp_efuse_api.c.obj
[39/118] Linking C static library esp-idf/esp_system/libesp_system.a
[40/118] Building C object esp-idf/bootloader_support/CMakeFiles/__idf_bootloader_support.dir/src/bootloader_clock_init.c.obj
[41/118] Building C object esp-idf/bootloader_support/CMakeFiles/__idf_bootloader_support.dir/src/bootloader_mem.c.obj
[42/118] Building C object esp-idf/bootloader_support/CMakeFiles/__idf_bootloader_support.dir/src/bootloader_random.c.obj
[43/118] Building C object esp-idf/efuse/CMakeFiles/__idf_efuse.dir/src/esp_efuse_utility.c.obj
[44/118] Building C object esp-idf/bootloader_support/CMakeFiles/__idf_bootloader_support.dir/src/bootloader_efuse.c.obj
[45/118] Building C object esp-idf/efuse/CMakeFiles/__idf_efuse.dir/src/efuse_controller/keys/without_key_purposes/three_key_blocks/esp_efuse_api_key.c.obj
[46/118] Building C object esp-idf/bootloader_support/CMakeFiles/__idf_bootloader_support.dir/src/bootloader_common_loader.c.obj
[47/118] Building C object esp-idf/bootloader_support/CMakeFiles/__idf_bootloader_support.dir/src/secure_boot.c.obj
[48/118] Building C object esp-idf/bootloader_support/CMakeFiles/__idf_bootloader_support.dir/src/bootloader_common.c.obj
[49/118] Building C object esp-idf/bootloader_support/CMakeFiles/__idf_bootloader_support.dir/src/flash_partitions.c.obj
[50/118] Building C object esp-idf/bootloader_support/CMakeFiles/__idf_bootloader_support.dir/src/bootloader_random_esp32.c.obj
[51/118] Building C object esp-idf/bootloader_support/CMakeFiles/__idf_bootloader_support.dir/src/flash_encrypt.c.obj
[52/118] Building C object esp-idf/bootloader_support/CMakeFiles/__idf_bootloader_support.dir/bootloader_flash/src/flash_qio_mode.c.obj
[53/118] Building C object esp-idf/bootloader_support/CMakeFiles/__idf_bootloader_support.dir/src/bootloader_clock_loader.c.obj
[54/118] Building C object esp-idf/bootloader_support/CMakeFiles/__idf_bootloader_support.dir/src/bootloader_sha.c.obj
[55/118] Building C object esp-idf/bootloader_support/CMakeFiles/__idf_bootloader_support.dir/bootloader_flash/src/bootloader_flash.c.obj
[56/118] Building C object esp-idf/bootloader_support/CMakeFiles/__idf_bootloader_support.dir/src/esp32/bootloader_soc.c.obj
[57/118] Building C object esp-idf/bootloader_support/CMakeFiles/__idf_bootloader_support.dir/bootloader_flash/src/bootloader_flash_config_esp32.c.obj
[58/118] Building C object esp-idf/bootloader_support/CMakeFiles/__idf_bootloader_support.dir/src/bootloader_init.c.obj
[59/118] Building C object esp-idf/bootloader_support/CMakeFiles/__idf_bootloader_support.dir/src/bootloader_console_loader.c.obj
[60/118] Linking C static library esp-idf/efuse/libefuse.a
[61/118] Building C object esp-idf/bootloader_support/CMakeFiles/__idf_bootloader_support.dir/src/bootloader_console.c.obj
[62/118] Building C object esp-idf/esp_bootloader_format/CMakeFiles/__idf_esp_bootloader_format.dir/esp_bootloader_desc.c.obj
[63/118] Building C object esp-idf/bootloader_support/CMakeFiles/__idf_bootloader_support.dir/src/bootloader_panic.c.obj
[64/118] Building C object esp-idf/bootloader_support/CMakeFiles/__idf_bootloader_support.dir/src/bootloader_utility.c.obj
[65/118] Building C object esp-idf/spi_flash/CMakeFiles/__idf_spi_flash.dir/spi_flash_wrap.c.obj
[66/118] Building C object esp-idf/bootloader_support/CMakeFiles/__idf_bootloader_support.dir/src/esp32/bootloader_esp32.c.obj
[67/118] Building C object esp-idf/hal/CMakeFiles/__idf_hal.dir/mpu_hal.c.obj
[68/118] Building C object esp-idf/hal/CMakeFiles/__idf_hal.dir/hal_utils.c.obj
[69/118] Building C object esp-idf/hal/CMakeFiles/__idf_hal.dir/efuse_hal.c.obj
[70/118] Building C object esp-idf/soc/CMakeFiles/__idf_soc.dir/dport_access_common.c.obj
[71/118] Building C object esp-idf/soc/CMakeFiles/__idf_soc.dir/lldesc.c.obj
[72/118] Building C object esp-idf/hal/CMakeFiles/__idf_hal.dir/esp32/efuse_hal.c.obj
[73/118] Building C object esp-idf/hal/CMakeFiles/__idf_hal.dir/esp32/cache_hal_esp32.c.obj
[74/118] Building C object esp-idf/soc/CMakeFiles/__idf_soc.dir/esp32/interrupts.c.obj
[75/118] Building C object esp-idf/soc/CMakeFiles/__idf_soc.dir/esp32/gpio_periph.c.obj
[76/118] Building C object esp-idf/bootloader_support/CMakeFiles/__idf_bootloader_support.dir/src/esp_image_format.c.obj
[77/118] Building C object esp-idf/soc/CMakeFiles/__idf_soc.dir/esp32/uart_periph.c.obj
[78/118] Building C object esp-idf/soc/CMakeFiles/__idf_soc.dir/esp32/adc_periph.c.obj
[79/118] Building C object esp-idf/soc/CMakeFiles/__idf_soc.dir/esp32/dport_access.c.obj
[80/118] Building C object esp-idf/soc/CMakeFiles/__idf_soc.dir/esp32/emac_periph.c.obj
[81/118] Building C object esp-idf/soc/CMakeFiles/__idf_soc.dir/esp32/spi_periph.c.obj
[82/118] Building C object esp-idf/hal/CMakeFiles/__idf_hal.dir/wdt_hal_iram.c.obj
[83/118] Building C object esp-idf/soc/CMakeFiles/__idf_soc.dir/esp32/pcnt_periph.c.obj
[84/118] Building C object esp-idf/soc/CMakeFiles/__idf_soc.dir/esp32/ledc_periph.c.obj
[85/118] Linking C static library esp-idf/bootloader_support/libbootloader_support.a
[86/118] Building C object esp-idf/soc/CMakeFiles/__idf_soc.dir/esp32/sdm_periph.c.obj
[87/118] Building C object esp-idf/hal/CMakeFiles/__idf_hal.dir/mmu_hal.c.obj
[88/118] Building C object esp-idf/soc/CMakeFiles/__idf_soc.dir/esp32/rmt_periph.c.obj
[89/118] Linking C static library esp-idf/esp_bootloader_format/libesp_bootloader_format.a
[90/118] Building C object esp-idf/soc/CMakeFiles/__idf_soc.dir/esp32/i2c_periph.c.obj
[91/118] Building C object esp-idf/soc/CMakeFiles/__idf_soc.dir/esp32/i2s_periph.c.obj
[92/118] Building C object esp-idf/soc/CMakeFiles/__idf_soc.dir/esp32/timer_periph.c.obj
[93/118] Linking C static library esp-idf/spi_flash/libspi_flash.a
[94/118] Building C object esp-idf/soc/CMakeFiles/__idf_soc.dir/esp32/lcd_periph.c.obj
[95/118] Building C object esp-idf/soc/CMakeFiles/__idf_soc.dir/esp32/touch_sensor_periph.c.obj
[96/118] Building C object esp-idf/soc/CMakeFiles/__idf_soc.dir/esp32/sdmmc_periph.c.obj
[97/118] Building C object esp-idf/soc/CMakeFiles/__idf_soc.dir/esp32/mcpwm_periph.c.obj
[98/118] Building C object esp-idf/soc/CMakeFiles/__idf_soc.dir/esp32/mpi_periph.c.obj
[99/118] Building C object esp-idf/soc/CMakeFiles/__idf_soc.dir/esp32/twai_periph.c.obj
[100/118] Building C object esp-idf/soc/CMakeFiles/__idf_soc.dir/esp32/dac_periph.c.obj
[101/118] Building C object esp-idf/soc/CMakeFiles/__idf_soc.dir/esp32/wdt_periph.c.obj
[102/118] Linking C static library esp-idf/hal/libhal.a
[103/118] Building C object esp-idf/soc/CMakeFiles/__idf_soc.dir/esp32/rtc_io_periph.c.obj
[104/118] Building C object esp-idf/soc/CMakeFiles/__idf_soc.dir/esp32/power_supply_periph.c.obj
[105/118] Generating project_elf_src_esp32.c
[106/118] Building C object esp-idf/xtensa/CMakeFiles/__idf_xtensa.dir/eri.c.obj
[107/118] Building C object CMakeFiles/bootloader.elf.dir/project_elf_src_esp32.c.obj
[108/118] Building C object esp-idf/xtensa/CMakeFiles/__idf_xtensa.dir/xt_trax.c.obj
[109/118] Building C object esp-idf/soc/CMakeFiles/__idf_soc.dir/esp32/sdio_slave_periph.c.obj
[110/118] Building C object esp-idf/main/CMakeFiles/__idf_main.dir/bootloader_start.c.obj
[111/118] Building C object esp-idf/micro-ecc/CMakeFiles/__idf_micro-ecc.dir/uECC_verify_antifault.c.obj
[112/118] Linking C static library esp-idf/micro-ecc/libmicro-ecc.a
[113/118] Linking C static library esp-idf/soc/libsoc.a
[114/118] Linking C static library esp-idf/xtensa/libxtensa.a
[115/118] Linking C static library esp-idf/main/libmain.a
[116/118] Linking C executable bootloader.elf
[117/118] Generating binary image from built executable
esptool.py v4.12.0
Creating esp32 image...
Merged 2 ELF sections
Successfully created esp32 image.
Generated /home/v4m3rr/Projects/wolf_client/build/bootloader/bootloader.bin
[118/118] cd /home/v4m3rr/Projects/wolf_client/build/bootloader/esp-idf/esptool_py && /home/v4m3rr/.espressif/tools/python/v5.5.5/venv/bin/python /home/v4m3rr/.espressif/v5.5.5/esp-idf/components/partition_table/check_sizes.py --offset 0x8000 bootloader 0x1000 /home/v4m3rr/Projects/wolf_client/build/bootloader/bootloader.bin
Bootloader binary size 0x64c0 bytes. 0xb40 bytes (10%) free.
[1148/1154] No install step for 'bootloader'
[1149/1154] Completed 'bootloader'
[1150/1154] Generating esp-idf/esp_system/ld/sections.ld
[1151/1154] Building C object CMakeFiles/wolfssl_template.elf.dir/project_elf_src_esp32.c.obj
[1152/1154] Linking CXX executable wolfssl_template.elf
[1153/1154] Generating binary image from built executable
esptool.py v4.12.0
Creating esp32 image...
Merged 3 ELF sections
Successfully created esp32 image.
Generated /home/v4m3rr/Projects/wolf_client/build/wolfssl_template.bin
[1154/1154] cd /home/v4m3rr/Projects/wolf_client/build/esp-idf/esptool_py && /home/v4m3rr/.espressif/tools/python/v5.5.5/venv/bin/python /home/v4m3rr/.espressif/v5.5.5/esp-idf/components/partition_table/check_sizes.py --offset 0x8000 partition --type app /home/v4m3rr/Projects/wolf_client/build/partition_table/partition-table.bin /home/v4m3rr/Projects/wolf_client/build/wolfssl_template.bin
wolfssl_template.bin binary size 0x25720 bytes. Smallest app partition is 0x177000 bytes. 0x1518e0 bytes (90%) free.

Project build complete. To flash, run:
 idf.py flash
or
 idf.py -p PORT flash
or
 python -m esptool --chip esp32 -b 460800 --before default_reset --after hard_reset write_flash --flash_mode dio --flash_size 2MB --flash_freq 40m 0x1000 build/bootloader/bootloader.bin 0x8000 build/partition_table/partition-table.bin 0x10000 build/wolfssl_template.bin
or from the "/home/v4m3rr/Projects/wolf_client/build" directory
 python -m esptool --chip esp32 -b 460800 --before default_reset --after hard_reset write_flash "@flash_args"
